1788634203,0.00
1788634503,0.04
1788634803,0.06
1788635102,0.00
1788635403,0.00
1788635703,0.00
1788636003,0.00
1788636302,0.00
1788636603,0.00
1788636903,0.00
1788637202,0.00
1788637503,0.00
1788637803,0.00
1788638102,0.00
1788638403,0.01
1788638703,0.02
1788639002,0.00
1788639302,0.00
1788639603,0.06
1788639902,0.00
1788640202,0.00
1788640502,0.00
1788640803,0.00
1788641103,0.00
1788641403,0.00
1788641703,0.00
1788642003,0.00
1788642303,0.00
1788642603,0.00
1788642903,0.00
1788643203,0.00
1788643502,0.00
1788643803,0.00
1788644103,0.00
1788644403,0.16
1788644702,0.00
1788645003,0.00
1788645303,0.00
1788645603,0.00
1788645903,0.00
1788646203,0.04
1788646502,0.00
1788646803,0.08
1788647103,0.08
1788647402,0.00
1788647702,0.00
1788648003,0.00
1788648303,0.00
1788648602,0.01
1788648903,0.04
1788649202,0.00
1788649503,0.00
1788649802,0.03
1788650103,0.00
1788650405,0.00
1788650702,0.00
1788651003,0.00
1788651303,0.00
1788651603,0.00
1788651902,0.00
1788652204,0.00
1788652503,0.00
1788652804,0.00
1788653103,0.00
1788653403,0.00
1788653703,0.02
1788654002,0.00
1788654303,0.07
1788654602,0.00
1788654903,0.00
1788655203,0.00
1788655502,0.06
1788655803,0.00
1788656103,0.00
1788656403,0.00
1788656702,0.00
1788657003,0.00
1788657303,0.00
1788657603,0.00
1788657903,0.00
1788658203,0.00
1788658502,0.04
1788658804,0.06
1788659103,0.00
1788659403,0.00
1788659703,0.00
1788660002,0.00
1788660303,0.00
1788660603,0.00
1788660903,0.00
1788661202,0.00
1788661502,0.00
1788661803,0.00
1788662103,0.00
1788662402,0.00
1788662702,0.00
1788663003,0.00
1788663303,0.00
1788663603,0.00
1788663902,0.04
1788664203,0.00
1788664503,0.00
1788664802,0.00
1788665103,0.01
1788665402,0.00
1788665703,0.00
1788666002,0.03
1788666303,0.00
1788666603,0.00
1788666902,0.00
1788667203,0.00
1788667503,0.00
1788667803,0.00
1788668102,0.00
1788668402,0.00
1788668703,0.00
1788669002,0.00
1788669303,0.00
1788669602,0.08
1788669903,0.00
1788670202,0.08
1788670503,0.00
1788670802,0.00
1788671102,0.00
1788671403,0.00
1788671702,0.00
1788672002,0.00
1788672303,0.09
1788672603,0.08
1788672903,0.00
1788673203,0.00
1788673503,0.00
1788673803,0.00
1788674103,0.00
1788674402,0.00
1788674703,0.00
1788675003,0.00
1788675303,0.00
1788675603,0.00
1788675903,0.00
1788676202,0.00
1788676503,0.00
1788676802,0.00
1788677102,0.00
1788677403,0.00
1788677703,0.00
1788678003,0.00
1788678303,0.00
1788678603,0.00
1788678903,0.08
1788679202,0.00
1788679502,0.00
1788679802,0.00
1788680103,0.00
1788680403,0.00
1788680703,0.00
1788681002,0.00
1788681302,0.00
1788681603,0.00
1788681903,0.00
1788682202,0.00
1788682503,0.00
1788682802,0.00
1788683103,0.00
1788683403,0.00
1788683702,0.00
1788684003,0.00
1788684303,0.00
1788684603,0.00
1788684903,0.00
1788685202,0.00
1788685502,0.00
1788685803,0.00
1788686103,0.01
1788686403,0.00
1788686702,0.00
1788687003,0.00
1788687303,0.00
1788687603,0.00
1788687903,0.00
1788688203,0.00
1788688503,0.00
1788688803,0.00
1788689103,0.00
1788689402,0.00
1788689703,0.00
1788690002,0.00
1788690303,0.00
1788690603,0.00
1788690903,0.00
1788691202,0.00
1788691503,0.00
1788691803,0.00
1788692102,0.00
1788692403,0.02
1788692703,0.00
1788693002,0.08
1788693303,0.00
1788693603,0.00
1788693902,0.00
1788694203,0.00
1788694502,0.10
1788694803,0.00
1788695102,0.00
1788695403,0.00
1788695703,0.08
1788696002,0.00
1788696302,0.04
1788696603,0.00
1788696902,0.00
1788697203,0.00
1788697503,0.00
1788697802,0.00
1788698103,0.00
1788698403,0.00
1788698702,0.00
1788699003,0.00
1788699303,0.00
1788699602,0.00
1788699905,0.00
1788700203,0.00
1788700503,0.00
1788700802,0.00
1788701103,0.08
1788701403,0.00
1788701702,0.00
1788702003,0.00
1788702303,0.00
1788702607,0.00
1788702902,0.00
1788703203,0.00
1788703503,0.00
1788703803,0.00
1788704103,0.00
1788704403,0.00
1788704702,0.00
1788705003,0.00
1788705303,0.00
1788705603,0.00
1788705903,0.00
1788706203,0.00
1788706502,0.05
1788706803,0.00
1788707102,0.00
1788707403,0.00
1788707703,0.00
1788708003,0.00
1788708302,0.00
1788708603,0.00
1788708903,0.00
1788709203,0.00
1788709503,0.00
1788709803,0.08
1788710102,0.00
1788710403,0.00
1788710702,0.00
1788711003,0.00
1788711302,0.00
1788711602,0.00
1788711903,0.00
1788712203,0.08
1788712502,0.00
1788712803,0.00
1788713102,0.00
1788713403,0.00
1788713702,0.00
1788714003,0.00
1788714302,0.00
1788714603,0.00
1788714902,0.00
1788715203,0.00
1788715503,0.00
1788715802,0.00
1788716103,0.02
1788716403,0.00
1788716702,0.00
1788717003,0.00
1788717303,0.00
1788717603,0.00
1788717902,0.00
1788718203,0.00
1788718503,0.00
1788718803,0.04
1788719103,0.01
1788719403,0.00
1788719703,0.00
1788720003,0.00
1788720302,0.00
1788720603,0.04
1788720903,0.00
1788721202,0.00
1788721503,0.08
1788721802,0.00
1788722102,0.00
1788722403,0.00
1788722703,0.00
1788723002,0.00
1788723303,0.06
1788723603,0.00
1788723903,0.00
1788724202,0.00
1788724503,0.02
1788724802,0.00
1788725103,0.00
1788725402,0.00
1788725702,0.00
1788726003,0.00
1788726303,0.00
1788726603,0.00
1788726903,0.08
1788727203,0.00
1788727503,0.00
1788727802,0.00
1788728103,0.00
1788728403,0.00
1788728702,0.00
1788729003,0.01
1788729302,0.00
1788729603,0.00
1788729903,0.00
1788730203,0.00
1788730502,0.00
1788730803,0.00
1788731103,0.00
1788731402,0.00
1788731703,0.00
1788732003,0.00
1788732302,0.00
1788732603,0.00
1788732903,0.00
1788733203,0.00
1788733502,0.00
1788733802,0.00
1788734103,0.00
1788734402,0.00
1788734703,0.00
1788735002,0.00
1788735303,0.07
1788735602,0.00
1788735903,0.00
1788736203,0.07
1788736502,0.00
1788736803,0.00
1788737103,0.00
1788737403,0.02
1788737702,0.00
1788738003,0.00
1788738302,0.00
1788738602,0.00
1788738903,0.01
1788739203,0.00
1788739503,0.00
1788739803,0.00
1788740102,0.00
1788740403,0.00
1788740702,0.00
1788741003,0.03
1788741303,0.00
1788741603,0.00
1788741902,0.00
1788742202,0.00
1788742503,0.00
1788742803,0.00
1788743103,0.01
1788743402,0.16
1788743702,0.00
1788744003,0.00
1788744302,0.00
1788744602,0.00
1788744903,0.00
1788745203,0.00
1788745502,0.00
1788745803,0.00
1788746103,0.08
1788746402,0.08
1788746702,0.00
1788747002,0.00
1788747303,0.08
1788747602,0.00
1788747903,0.00
1788748202,0.00
1788748503,0.00
1788748803,0.00
1788749103,0.00
1788749403,0.00
1788749702,0.00
1788750003,0.00
1788750303,0.00
1788750602,0.00
1788750903,0.00
1788751202,0.00
1788751503,0.00
1788751802,0.00
1788752103,0.00
1788752403,0.00
1788752703,0.00
1788753003,0.00
1788753303,0.00
1788753602,0.00
1788753903,0.01
1788754202,0.00
1788754503,0.00
1788754803,0.00
1788755102,0.00
1788755402,0.00
1788755702,0.00
1788756002,0.00
1788756303,0.00
1788756602,0.00
1788756902,0.00
1788757202,0.00
1788757503,0.00
1788757803,0.01
1788758103,0.00
1788758402,0.00
1788758703,0.00
1788759002,0.00
1788759303,0.00
1788759602,0.00
1788759903,0.00
1788760202,0.00
1788760502,0.00
1788760803,0.00
1788761103,0.00
1788761402,0.00
1788761703,0.00
1788762002,0.00
1788762303,0.00
1788762603,0.01
1788762903,0.00
1788763203,0.00
1788763502,0.00
1788763803,0.02
1788764102,0.00
1788764403,0.08
1788764703,0.00
1788765003,0.00
1788765302,0.00
1788765603,0.00
1788765903,0.00
1788766202,0.00
1788766502,0.00
1788766802,0.00
1788767103,0.00
1788767403,0.00
1788767703,0.00
1788768003,0.02
1788768302,0.08
1788768603,0.04
1788768902,0.22
1788769203,0.00
1788769502,0.08
1788769803,0.00
1788770103,0.02
1788770403,0.00
1788770703,0.00
1788771002,0.00
1788771303,0.01
1788771602,0.08
1788771903,0.00
1788772203,0.00
1788772502,0.02
1788772803,0.08
1788773103,0.00
1788773402,0.02
1788773703,0.06
1788774002,0.05
1788774303,0.00
1788774603,0.00
1788774902,0.00
1788775203,0.00
1788775503,0.00
1788775803,0.00
1788776102,0.00
1788776403,0.00
1788776703,0.00
1788777003,0.00
1788777302,0.00
1788777603,0.00
1788777903,0.00
1788778203,0.04
1788778503,0.00
1788778802,0.00
1788779103,0.05
1788779402,0.00
1788779703,0.00
1788780002,0.00
1788780303,0.00
1788780602,0.00
1788780902,0.00
1788781203,0.07
1788781503,0.00
1788781802,0.00
1788782103,0.00
1788782403,0.00
1788782703,0.00
1788783002,0.00
1788783303,0.00
1788783603,0.00
1788783903,0.07
1788784203,0.00
1788784503,0.00
1788784803,0.00
1788785103,0.00
1788785402,0.00
1788785703,0.00
1788786003,0.00
1788786303,0.00
1788786602,0.00
1788786902,0.00
1788787202,0.00
1788787503,0.00
1788787804,0.00
1788788102,0.00
1788788403,0.01
1788788703,0.00
1788789003,0.00
1788789303,0.00
1788789603,0.00
1788789902,0.06
1788790203,0.00
1788790502,0.01
1788790802,0.00
1788791103,0.01
1788791403,0.00
1788791703,0.00
1788792002,0.00
1788792303,0.00
1788792603,0.00
1788792903,0.00
1788793202,0.08
1788793502,0.15
1788793802,0.00
1788794102,0.00
1788794403,0.00
1788794703,0.00
1788795003,0.00
1788795303,0.00
1788795603,0.00
1788795902,0.00
1788796203,0.16
1788796502,0.00
1788796803,0.16
1788797102,0.00
1788797403,0.00
1788797702,0.00
1788798003,0.00
1788798303,0.00
1788798603,0.00
1788798903,0.04
1788799202,0.00
1788799503,0.00
1788799803,0.00
1788800103,0.00
1788800403,0.00
1788800703,0.00
1788801002,0.00
1788801303,0.00
1788801602,0.00
1788801902,0.00
1788802203,0.00
1788802503,0.00
1788802802,0.00
1788803103,0.00
1788803403,0.00
1788803702,0.00
1788804002,0.00
1788804302,0.00
1788804603,0.00
1788804902,0.00
1788805203,0.00
1788805503,0.00
1788805803,0.00
1788806102,0.00
1788806402,0.00
1788806703,0.00
1788807003,0.00
1788807302,0.00
1788807603,0.00
1788807902,0.00
1788808203,0.00
1788808502,0.00
1788808803,0.00
1788809103,0.00
1788809403,0.00
1788809702,0.00
1788810003,0.00
1788810303,0.00
1788810603,0.00
1788810902,0.00
1788811203,0.00
1788811503,0.00
1788811803,0.00
1788812102,0.00
1788812403,0.00
1788812702,0.00
1788813003,0.00
1788813303,0.00
1788813602,0.00
1788813903,0.00
1788814203,0.00
1788814503,0.00
1788814803,0.00
1788815103,0.00
1788815402,0.00
1788815703,0.00
1788816003,0.03
1788816302,0.00
1788816603,0.00
1788816902,0.00
1788817203,0.00
1788817502,0.00
1788817802,0.00
1788818103,0.02
1788818402,0.25
1788818702,0.09
1788819003,0.00
1788819302,0.00
1788819603,0.00
1788819902,0.00
1788820203,0.00
1788820502,0.08
1788820803,0.00
1788821103,0.00
1788821403,0.00
1788821702,0.00
1788822002,0.00
1788822303,0.00
1788822603,0.00
1788822902,0.00
1788823202,0.00
1788823502,0.00
1788823802,0.00
1788824103,0.00
1788824402,0.00
1788824703,0.00
1788825002,0.00
1788825302,0.00
1788825603,0.00
1788825903,0.02
1788826202,0.01
1788826503,0.00
1788826803,0.00
1788827103,0.00
1788827403,0.00
1788827703,0.00
1788828003,0.00
1788828303,0.00
1788828603,0.00
1788828903,0.00
1788829203,0.00
1788829502,0.01
1788829803,0.00
1788830103,0.00
1788830402,0.00
1788830702,0.00
1788831003,0.00
1788831303,0.00
1788831603,0.00
1788831903,0.00
1788832203,0.00
1788832503,0.00
1788832803,0.00
1788833103,0.00
1788833403,0.00
1788833702,0.01
1788834002,0.00
1788834303,0.00
1788834602,0.00
1788834902,0.00
1788835203,0.00
1788835503,0.00
1788835802,0.00
1788836102,0.00
1788836403,0.00
1788836702,0.00
1788837003,0.00
1788837303,0.00
1788837603,0.00
1788837902,0.00
1788838203,0.00
1788838502,0.00
1788838803,0.00
1788839103,0.01
1788839402,0.02
1788839703,0.02
1788840003,0.00
1788840303,0.00
1788840603,0.00
1788840902,0.00
1788841203,0.00
1788841503,0.00
1788841803,0.00
1788842102,0.00
1788842403,0.00
1788842703,0.00
1788843002,0.00
1788843303,0.00
1788843603,0.00
1788843903,0.00
1788844202,0.00
1788844502,0.00
1788844803,0.00
1788845103,0.09
1788845403,0.00
1788845703,0.00
1788846003,0.00
1788846303,0.00
1788846602,0.00
1788846903,0.00
1788847203,0.00
1788847502,0.00
1788847803,0.00
1788848103,0.00
1788848402,0.00
1788848702,0.00
1788849003,0.08
1788849303,0.00
1788849602,0.00
1788849903,0.04
1788850202,0.00
1788850502,0.00
1788850803,0.00
1788851103,0.00
1788851403,0.00
1788851702,0.00
1788852003,0.08
1788852303,0.00
1788852603,0.00
1788852902,0.00
1788853203,0.00
1788853503,0.00
1788853803,0.01
1788854102,0.00
1788854403,0.00
1788854703,0.00
1788855003,0.00
1788855302,0.00
1788855603,0.00
1788855903,0.00
1788856202,0.00
1788856503,0.07
1788856802,0.00
1788857103,0.00
1788857403,0.00
1788857702,0.00
1788858002,0.00
1788858303,0.01
1788858603,0.02
1788858903,0.02
1788859203,0.00
1788859502,0.01
1788859803,0.00
1788860103,0.01
1788860403,0.00
1788860703,0.00
1788861003,0.00
1788861303,0.00
1788861603,0.00
1788861902,0.00
1788862202,0.00
1788862503,0.08
1788862803,0.00
1788863103,0.00
1788863403,0.01
1788863702,0.01
1788864002,0.00
1788864303,0.03
1788864602,0.07
1788864903,0.00
1788865203,0.00
1788865503,0.00
1788865802,0.00
1788866103,0.05
1788866402,0.00
1788866703,0.03
1788867003,0.00
1788867303,0.00
1788867603,0.00
1788867902,0.00
1788868203,0.00
1788868503,0.00
1788868803,0.11
1788869103,0.00
1788869403,0.00
1788869703,0.08
1788870003,0.00
1788870019,0.00
1788870303,0.00
1788870603,0.00
1788870902,0.00
1788871203,0.08
1788871503,0.00
1788871803,0.00
1788872102,0.00
1788872403,0.00
1788872702,0.00
1788873002,0.00
1788873303,0.00
1788873602,0.02
1788873903,0.00
1788874203,0.00
1788874503,0.00
1788874803,0.00
1788875103,0.00
1788875403,0.00
1788875703,0.00
1788876003,0.00
1788876303,0.00
1788876603,0.00
1788876904,0.00
1788877203,0.00
1788877503,0.00
1788877803,0.08
1788878102,0.00
1788878403,0.00
1788878703,0.05
1788879003,0.00
1788879303,0.00
1788879603,0.00
1788879903,0.00
1788880203,0.00
1788880503,0.00
1788880803,0.00
1788881103,0.00
1788881403,0.00
1788881703,0.00
1788882002,0.00
1788882303,0.00
1788882603,0.00
1788882902,0.00
1788883204,0.00
1788883503,0.02
1788883802,0.00
1788884103,0.00
1788884403,0.00
1788884703,0.00
1788885002,0.00
1788885302,0.00
1788885603,0.00
1788885902,0.00
1788886203,0.00
1788886503,0.00
1788886803,0.00
1788887103,0.00
1788887403,0.00
1788887702,0.03
1788888003,0.00
1788888303,0.00
1788888603,0.00
1788888903,0.00
1788889203,0.00
1788889502,0.00
1788889803,0.00
1788890102,0.00
1788890402,0.00
1788890703,0.00
1788891002,0.00
1788891303,0.00
1788891603,0.00
1788891903,0.00
1788892202,0.00
1788892503,0.00
1788892803,0.00
1788893102,0.04
1788893402,0.00
1788893703,0.05
1788894003,0.07
1788894303,0.00
1788894603,0.00
1788894903,0.00
1788895203,0.00
1788895503,0.00
1788895803,0.00
1788896103,0.08
1788896402,0.00
1788896702,0.00
1788897002,0.00
1788897303,0.03
1788897602,0.00
1788897903,0.08
1788898202,0.00
1788898503,0.00
1788898803,0.01
1788899103,0.00
1788899403,0.00
1788899703,0.00
1788900003,0.00
1788900303,0.00
1788900603,0.00
1788900903,0.00
1788901203,0.01
1788901503,0.08
1788901803,0.00
1788902102,0.00
1788902403,0.00
1788902703,0.00
1788903002,0.00
1788903303,0.00
1788903602,0.00
1788903903,0.00
1788904203,0.00
1788904502,0.05
1788904803,0.00
1788905103,0.00
1788905403,0.00
1788905703,0.00
1788906002,0.00
1788906303,0.00
1788906603,0.00
1788906903,0.00
1788907202,0.00
1788907502,0.00
1788907802,0.00
1788908103,0.00
1788908402,0.00
1788908703,0.00
1788909003,0.00
1788909303,0.00
1788909603,0.00
1788909903,0.00
1788910202,0.00
1788910503,0.00
1788910803,0.00
1788911102,0.00
1788911402,0.02
1788911703,0.00
1788912003,0.00
1788912303,0.00
1788912603,0.00
1788912902,0.00
1788913203,0.01
1788913503,0.04
1788913803,0.00
1788914102,0.00
1788914403,0.00
1788914703,0.00
1788915002,0.00
1788915303,0.00
1788915603,0.00
1788915903,0.00
1788916202,0.00
1788916503,0.00
1788916803,0.00
1788917102,0.00
1788917403,0.00
1788917702,0.00
1788918002,0.08
1788918302,0.08
1788918603,0.02
1788918902,0.00
1788919202,0.08
1788919503,0.08
1788919802,0.00
1788920103,0.12
1788920403,0.07
1788920702,0.00
1788921003,0.00
1788921303,0.04
1788921603,0.04
1788921902,0.04
1788922203,0.00
1788922502,0.00
1788922802,0.00
1788923102,0.00
1788923403,0.00
1788923702,0.07
1788924003,0.08
1788924303,0.00
1788924602,0.00
1788924902,0.00
1788925203,0.00
1788925502,0.00
1788925803,0.00
1788926103,0.00
1788926402,0.08
1788926702,0.00
1788927003,0.00
1788927303,0.00
1788927602,0.00
1788927903,0.00
1788928202,0.00
1788928503,0.00
1788928803,0.00
1788929103,0.00
1788929403,0.02
1788929702,0.00
1788930003,0.00
1788930303,0.01
1788930603,0.00
1788930904,0.00
1788931203,0.08
1788931503,0.00
1788931802,0.08
1788932103,0.00
1788932402,0.00
1788932703,0.00
1788933002,0.01
1788933303,0.00
1788933603,0.00
1788933902,0.00
1788934203,0.00
1788934502,0.00
1788934803,0.00
1788935103,0.00
1788935403,0.01
1788935703,0.00
1788936003,0.00
1788936303,0.00
1788936603,0.08
1788936902,0.00
1788937203,0.00
1788937502,0.00
1788937803,0.00
1788938103,0.00
1788938403,0.00
1788938703,0.00
1788939003,0.00
1788939303,0.01
1788939603,0.02
1788939903,0.00
1788940203,0.00
1788940502,0.00
1788940803,0.00
1788941103,0.01
1788941403,0.00
1788941703,0.00
1788942002,0.04
1788942303,0.00
1788942603,0.00
1788942903,0.00
1788943203,0.00
1788943503,0.00
1788943803,0.00
1788944103,0.00
1788944402,0.00
1788944702,0.00
1788945003,0.16
1788945303,0.00
1788945603,0.00
1788945903,0.08
1788946202,0.08
1788946503,0.00
1788946802,0.00
1788947102,0.01
1788947403,0.05
1788947703,0.00
1788948003,0.00
1788948303,0.01
1788948603,0.00
1788948902,0.00
1788949203,0.01
1788949503,0.00
1788949802,0.00
1788950103,0.00
1788950402,0.00
1788950703,0.01
1788951003,0.00
1788951302,0.00
1788951603,0.00
1788951903,0.00
1788952203,0.00
1788952503,0.00
1788952803,0.00
1788953103,0.00
1788953403,0.00
1788953703,0.08
1788954003,0.08
1788954303,0.00
1788954604,0.00
1788954903,0.00
1788955203,0.00
1788955503,0.00
1788955803,0.01
1788956103,0.00
1788956403,0.00
1788956704,0.00
1788957003,0.00
1788957303,0.00
1788957602,0.00
1788957902,0.00
1788958203,0.00
1788958503,0.00
1788958803,0.01
1788959103,0.00
1788959403,0.00
1788959703,0.00
1788960003,0.00
1788960303,0.00
1788960604,0.08
1788960903,0.00
1788961203,0.00
1788961503,0.00
1788961803,0.00
1788962103,0.00
1788962404,0.00
1788962703,0.03
1788963004,0.00
1788963302,0.00
1788963602,0.00
1788963903,0.00
1788964203,0.00
1788964503,0.00
1788964803,0.00
1788965103,0.00
1788965403,0.00
1788965703,0.07
1788966003,0.06
1788966303,0.00
1788966603,0.00
1788966903,0.00
1788967203,0.00
1788967503,0.00
1788967803,0.00
1788968103,0.00
1788968403,0.00
1788968703,0.00
1788969003,0.02
1788969303,0.00
1788969603,0.00
1788969902,0.00
1788970203,0.16
1788970503,0.08
1788970803,0.00
1788971103,0.00
1788971403,0.00
1788971703,0.08
1788972003,0.00
1788972303,0.00
1788972603,0.16
1788972903,0.01
1788973203,0.00
1788973503,0.00
1788973803,0.01
1788974103,0.00
1788974403,0.00
1788974703,0.00
1788975003,0.00
1788975303,0.00
1788975603,0.00
1788975903,0.00
1788976203,0.00
1788976503,0.00
1788976803,0.00
1788977103,0.00
1788977403,0.00
1788977703,0.00
1788978003,0.00
1788978303,0.00
1788978603,0.02
1788978903,0.03
1788979203,0.00
1788979502,0.00
1788979803,0.00
1788980103,0.00
1788980403,0.00
1788980702,0.00
1788981002,0.00
1788981302,0.00
1788981603,0.00
1788981903,0.00
1788982203,0.00
1788982503,0.00
1788982802,0.00
1788983103,0.02
1788983402,0.00
1788983702,0.02
1788984003,0.01
1788984303,0.00
1788984602,0.00
1788984903,0.00
1788985203,0.01
1788985503,0.00
1788985804,0.00
1788986103,0.00
1788986403,0.00
1788986702,0.00
1788987002,0.00
1788987303,0.00
1788987602,0.00
1788987903,0.00
1788988203,0.00
1788988503,0.00
1788988802,0.05
1788989102,0.00
1788989403,0.03
1788989703,0.00
1788990002,0.00
1788990303,0.00
1788990603,0.00
1788990903,0.00
1788991203,0.00
1788991503,0.00
1788991803,0.00
1788992103,0.00
1788992402,0.00
1788992703,0.00
1788993002,0.00
1788993303,0.04
1788993603,0.02
1788993903,0.04
1788994203,0.00
1788994503,0.00
1788994802,0.00
1788995102,0.08
1788995402,0.00
1788995702,0.00
1788996002,0.02
1788996303,0.00
1788996603,0.08
1788996903,0.03
1788997203,0.00
1788997503,0.00
1788997802,0.00
1788998103,0.00
1788998403,0.05
1788998702,0.07
1788999002,0.00
1788999302,0.00
1788999603,0.00
1788999903,0.08
1789000203,0.00
1789000503,0.00
1789000803,0.00
1789001102,0.00
1789001403,0.00
1789001702,0.00
1789002003,0.00
1789002303,0.00
1789002603,0.00
1789002903,0.00
1789003202,0.00
1789003503,0.07
1789003803,0.06
1789004102,0.00
1789004403,0.00
1789004703,0.00
1789005002,0.00
1789005303,0.00
1789005602,0.00
1789005902,0.00
1789006203,0.01
1789006502,0.00
1789006803,0.00
1789007102,0.00
1789007403,0.00
1789007702,0.00
1789008003,0.00
1789008303,0.00
1789008603,0.00
1789008902,0.01
1789009204,0.00
1789009503,0.00
1789009802,0.00
1789010103,0.00
1789010403,0.00
1789010702,0.00
1789011003,0.00
1789011302,0.03
1789011603,0.00
1789011903,0.00
1789012202,0.00
1789012503,0.00
1789012803,0.00
1789013103,0.00
1789013403,0.00
1789013703,0.08
1789014002,0.00
1789014303,0.00
1789014603,0.00
1789014903,0.00
1789015202,0.00
1789015503,0.02
1789015802,0.00
1789016103,0.03
1789016402,0.00
1789016702,0.00
1789017003,0.00
1789017303,0.01
1789017603,0.00
1789017902,0.00
1789018203,0.00
1789018502,0.08
1789018803,0.00
1789019103,0.00
1789019402,0.00
1789019702,0.00
1789020003,0.16
1789020303,0.00
1789020602,0.00
1789020903,0.08
1789021202,0.00
1789021503,0.08
1789021802,0.00
1789022102,0.00
1789022402,0.00
1789022703,0.00
1789023003,0.00
1789023303,0.00
1789023603,0.00
1789023903,0.02
1789024202,0.00
1789024503,0.00
1789024803,0.00
1789025103,0.00
1789025403,0.00
1789025703,0.00
1789026003,0.00
1789026303,0.00
1789026603,0.00
1789026908,0.00
1789027202,0.00
1789027503,0.00
1789027802,0.00
1789028104,0.00
1789028403,0.00
1789028703,29.79
1789029003,32.18
1789029302,32.07
1789029602,32.02
1789029903,32.10
1789030203,28.81
1789030503,17.09
1789030803,17.07
1789031103,17.15
1789031403,17.06
1789031703,17.04
1789032002,17.15
1789032302,30.43
1789032602,32.05
1789032903,32.59
1789033203,32.64
1789033502,14.40
1789033803,5.19
1789034102,6.01
1789034403,5.73
1789034703,5.03
1789035003,5.07
1789035303,5.01
1789035603,5.00
1789035903,5.08
1789036203,5.07
1789036503,5.00
1789036803,5.02
1789037103,5.00
1789037403,5.08
1789037703,5.02
1789038002,5.00
1789038302,5.35
1789038602,5.12
1789038903,18.79
1789039203,20.13
1789039503,20.00
1789039804,20.00
1789040103,20.15
1789040403,20.00
1789040703,20.01
1789041002,20.00
1789041303,20.08
1789041603,20.03
1789041902,20.04
1789042203,5.23
1789042503,5.00
1789042803,6.59
1789043103,6.61
1789043402,5.38
1789043703,5.06
1789044003,9.02
1789044302,10.66
1789044602,9.75
1789044903,6.70
1789045202,5.13
1789045503,4.99
1789045803,5.09
1789046103,5.79
1789046403,10.70
1789046703,14.82
1789047003,11.17
1789047303,5.78
1789047604,6.04
1789047903,9.49
1789048202,6.69
1789048503,6.59
1789048803,8.57
1789049102,9.71
1789049403,8.19
1789049703,11.18
1789050003,10.89
1789050303,9.74
1789050602,9.41
1789050903,11.90
1789051203,9.68
1789051502,8.84
1789051802,12.63
1789052103,15.04
1789052403,8.37
1789052703,12.88
1789053003,13.81
1789053303,12.16
1789053603,26.85
1789053903,32.73
1789054204,25.88
1789054503,13.74
1789054803,17.27
1789055103,20.28
1789055403,21.46
1789055703,17.30
1789056003,19.94
1789056303,25.43
1789056603,20.42
1789056903,16.28
1789057203,20.24
1789057503,16.09
1789057803,22.03
1789058103,16.57
1789058402,13.65
1789058702,20.32
1789059003,15.70
1789059303,20.94
1789059603,23.36
1789059903,20.56
1789060203,20.07
1789060503,18.70
1789060803,24.45
1789061102,9.86
1789061403,13.04
1789061703,17.28
1789062003,17.05
1789062302,17.34
1789062602,20.45
1789062903,25.86
1789063203,21.21
1789063503,12.14
1789063803,20.27
1789064102,19.08
1789064402,23.52
1789064703,28.98
1789065003,41.43
1789065304,31.30
1789065603,30.83
1789065903,35.23
1789066203,35.71
1789066502,34.49
1789066803,29.24
1789067102,35.26
1789067403,37.66
1789067702,33.60
1789068003,37.68
1789068304,35.11
1789068603,40.32
1789068903,38.95
1789069203,37.04
1789069503,34.84
1789069802,35.38
1789070103,35.98
1789070403,38.86
1789070703,33.12
1789071003,39.13
1789071302,39.07
1789071603,38.88
1789071903,36.18
1789072203,28.62
1789072502,26.48
1789072802,28.66
1789073103,30.24
1789073403,27.26
1789073703,28.81
1789074002,27.57
1789074303,26.30
1789074602,28.00
1789074903,29.24
1789075203,26.82
1789075502,31.74
1789075803,31.18
1789076103,26.05
1789076403,27.69
1789076703,32.22
1789077003,30.20
1789077302,26.26
1789077603,26.70
1789077902,26.65
1789078203,26.49
1789078503,26.70
1789078803,27.60
1789079103,26.19
1789079403,33.21
1789079703,27.86
1789080003,26.96
1789080303,26.14
1789080603,28.00
1789080903,30.33
1789081203,27.52
1789081503,26.02
1789081802,26.22
1789082102,32.41
1789082402,26.24
1789082702,26.00
1789083002,37.33
1789083302,27.81
1789083603,26.13
1789083903,29.46
1789084203,26.19
1789084502,34.73
1789084803,32.09
1789085102,28.75
1789085403,29.11
1789085703,26.90
1789086003,27.30
1789086303,26.38
1789086603,26.60
1789086903,26.90
1789087202,29.07
1789087503,29.57
1789087803,27.95
1789088103,29.59
1789088403,26.06
1789088702,27.40
1789089002,28.51
1789089303,29.53
1789089603,27.09
1789089902,28.33
1789090202,28.09
1789090503,28.69
1789090803,29.94
1789091103,33.63
1789091403,28.49
1789091703,27.61
1789092003,26.68
1789092302,26.84
1789092603,26.54
1789092903,30.28
1789093203,27.53
1789093503,26.76
1789093802,29.29
1789094103,29.18
1789094403,28.96
1789094702,27.10
1789095003,28.30
1789095303,26.88
1789095603,30.34
1789095902,31.25
1789096203,26.63
1789096502,29.16
1789096803,29.27
1789097103,29.16
1789097403,28.52
1789097703,30.01
1789098003,30.90
1789098303,30.23
1789098603,30.34
1789098903,27.36
1789099202,28.16
1789099502,26.67
1789099802,26.34
1789100103,26.24
1789100403,28.46
1789100703,28.23
1789101003,27.61
1789101302,29.45
1789101603,28.84
1789101903,29.16
1789102202,26.78
1789102503,29.06
1789102803,28.30
1789103103,30.31
1789103402,31.25
1789103702,28.21
1789104003,31.38
1789104303,28.02
1789104603,27.23
1789104902,28.99
1789105203,29.22
1789105502,26.02
1789105803,26.56
1789106103,28.92
1789106403,27.95
1789106702,27.57
1789107003,26.87
1789107303,28.00
1789107602,27.98
1789107903,27.82
1789108202,26.73
1789108502,27.32
1789108802,27.73
1789109103,28.42
1789109403,26.63
1789109702,26.29
1789110003,26.48
1789110303,26.35
1789110603,28.71
1789110903,26.08
1789111203,27.44
1789111503,32.74
1789111802,26.92
1789112102,33.04
1789112403,27.64
1789112703,30.03
1789113002,26.20
1789113303,28.68
1789113603,27.44
1789113902,27.47
1789114203,27.27
1789114503,28.24
1789114803,27.83
1789115103,26.01
1789115403,25.19
1789115703,25.08
1789116002,25.00
1789116303,25.00
1789116603,25.00
1789116902,25.17
1789117203,25.03
1789117502,25.03
1789117803,28.98
1789118103,28.48
1789118403,27.30
1789118703,28.95
1789119003,26.60
1789119303,25.55
1789119603,28.96
1789119903,27.06
1789120203,28.86
1789120502,26.03
1789120803,26.41
1789121102,25.97
1789121402,25.60
1789121703,26.52
1789122003,32.00
1789122303,26.18
1789122602,25.00
1789122902,29.82
1789123203,25.37
1789123502,25.39
1789123803,28.75
1789124103,25.51
1789124403,29.37
1789124702,25.79
1789125003,25.38
1789125303,28.33
1789125603,27.29
1789125903,27.41
1789126203,26.47
1789126503,25.90
1789126802,25.37
1789127103,25.06
1789127403,28.52
1789127703,29.99
1789128003,27.02
1789128303,26.06
1789128603,29.56
1789128903,25.78
1789129203,25.39
1789129502,28.38
1789129803,25.79
1789130103,25.92
1789130402,26.18
1789130703,30.91
1789131003,25.86
1789131303,28.69
1789131602,26.17
1789131903,27.24
1789132203,28.49
1789132502,30.15
1789132803,29.99
1789133103,27.29
1789133403,25.86
1789133703,27.45
1789134003,29.20
1789134302,25.28
1789134602,27.67
1789134902,31.12
1789135203,31.91
1789135502,30.26
1789135803,26.51
1789136103,25.79
1789136403,27.33
1789136703,27.48
1789137003,29.10
1789137303,29.56
1789137603,28.96
1789137903,30.02
1789138203,25.79
1789138503,28.57
1789138803,25.49
1789139103,27.35
1789139403,26.54
1789139703,25.53
1789140003,31.26
1789140302,31.85
1789140602,25.56
1789140902,25.77
1789141202,25.60
1789141502,27.43
1789141803,25.95
1789142103,29.06
1789142403,25.64
1789142703,28.55
1789143003,27.16
1789143302,31.50
1789143602,28.96
1789143903,29.33
1789144203,34.41
1789144503,33.15
1789144803,27.57
1789145103,28.77
1789145403,29.73
1789145702,28.29
1789146003,28.31
1789146302,32.63
1789146603,30.87
1789146903,34.45
1789147203,32.95
1789147502,32.81
1789147802,29.54
1789148102,30.32
1789148403,26.99
1789148703,27.02
1789149003,33.16
1789149303,34.44
1789149603,28.35
1789149903,33.43
1789150203,33.22
1789150502,32.36
1789150803,28.04
1789151103,35.04
1789151403,29.64
1789151702,26.77
1789152003,30.00
1789152303,31.58
1789152603,32.57
1789152903,26.84
1789153203,29.84
1789153503,29.90
1789153803,29.99
1789154103,25.90
1789154403,30.36
1789154702,29.02
1789155003,27.80
1789155303,29.09
1789155602,28.97
1789155903,25.35
1789156203,29.02
1789156503,29.42
1789156803,31.49
1789157103,31.00
1789157403,26.22
1789157703,29.42
1789158002,34.47
1789158302,29.78
1789158603,34.62
1789158903,29.92
1789159203,26.62
1789159503,31.05
1789159803,30.38
1789160102,25.62
1789160403,25.88
1789160703,33.37
1789161002,31.44
1789161303,29.37
1789161603,39.74
1789161903,29.60
1789162202,32.44
1789162503,30.10
1789162803,32.90
1789163103,31.73
1789163403,27.97
1789163703,38.94
1789164003,29.26
1789164302,30.92
1789164603,36.43
1789164902,27.43
1789165202,34.36
1789165503,32.40
1789165802,30.23
1789166102,31.63
1789166403,30.47
1789166703,31.85
1789167003,27.51
1789167303,34.63
1789167602,26.40
1789167902,34.71
1789168203,32.67
1789168503,28.40
1789168803,27.32
1789169102,32.35
1789169403,33.59
1789169703,32.40
1789170002,33.16
1789170303,29.53
1789170603,30.31
1789170902,26.06
1789171203,31.08
1789171503,26.46
1789171802,40.69
1789172103,31.18
1789172403,33.18
1789172702,33.96
1789173003,39.93
1789173303,32.22
1789173602,33.43
1789173903,33.86
1789174203,31.65
1789174503,29.04
1789174803,28.77
1789175103,39.62
1789175403,28.83
1789175703,37.25
1789176003,30.13
1789176302,32.11
1789176603,35.30
1789176903,30.26
1789177202,31.81
1789177503,28.09
1789177802,36.93
1789178103,26.68
1789178402,28.52
1789178703,29.40
1789179003,36.77
1789179302,35.13
1789179602,34.18
1789179903,35.59
1789180203,29.46
1789180503,37.32
1789180803,36.19
1789181103,28.64
1789181403,32.40
1789181703,29.66
1789182003,32.33
1789182302,27.79
1789182603,34.89
1789182903,31.53
1789183202,29.74
1789183503,37.61
1789183802,27.67
1789184102,33.68
1789184403,31.78
1789184703,36.64
1789185003,29.21
1789185303,30.30
1789185603,32.16
1789185902,33.54
1789186203,33.36
1789186502,34.68
1789186803,29.23
1789187103,33.57
1789187402,33.08
1789187703,30.11
1789188003,29.58
1789188303,32.56
1789188602,26.91
1789188903,34.72
1789189203,30.88
1789189503,27.79
1789189803,42.61
1789190103,26.63
1789190403,30.50
1789190703,34.11
1789191003,34.01
1789191303,32.06
1789191602,27.24
1789191903,28.73
1789192203,25.21
1789192503,34.20
1789192803,31.05
1789193103,30.58
1789193403,36.13
1789193703,28.67
1789194003,29.86
1789194303,33.38
1789194603,34.72
1789194903,29.41
1789195203,32.14
1789195503,34.55
1789195803,29.12
1789196103,35.50
1789196403,30.18
1789196702,39.27
1789197003,28.32
1789197303,29.27
1789197603,30.72
1789197902,27.18
1789198203,25.25
1789198503,32.38
1789198803,28.67
1789199102,26.98
1789199403,27.84
1789199702,26.24
1789200003,33.48
1789200303,39.81
1789200603,32.14
1789200902,32.66
1789201203,28.51
1789201503,38.91
1789201803,32.04
1789202103,31.25
1789202402,35.22
1789202703,41.98
1789203003,30.58
1789203303,32.30
1789203603,26.90
1789203902,30.80
1789204203,34.19
1789204503,27.91
1789204803,34.37
1789205103,30.60
1789205403,25.10
1789205702,31.42
1789206003,33.69
1789206302,34.63
1789206603,36.80
1789206903,28.61
1789207203,29.92
1789207503,30.19
1789207803,28.70
1789208102,38.81
1789208403,30.65
1789208703,29.29
1789209003,26.77
1789209303,26.61
1789209603,28.94
1789209903,28.19
1789210203,27.96
1789210502,28.00
1789210803,24.15
1789211102,28.66
1789211403,25.78
1789211703,25.54
1789212003,26.15
1789212303,24.86
1789212603,24.36
1789212903,24.63
1789213203,23.22
1789213503,24.34
1789213803,23.42
1789214103,26.95
1789214403,23.05
1789214702,23.48
1789215003,23.02
1789215302,23.40
1789215602,24.27
1789215903,26.42
1789216203,23.54
1789216503,23.00
1789216803,23.00
1789217103,23.48
1789217402,23.17
1789217703,23.80
1789218002,23.07
1789218303,23.21
1789218603,25.55
1789218902,24.08
1789219202,23.21
1789219503,23.00
1789219803,23.66
1789220103,23.12
1789220403,24.21
1789220703,23.49
1789221003,22.08
1789221303,22.02
1789221603,22.00
1789221903,22.11
1789222203,22.26
1789222503,22.00
1789222803,22.09
1789223102,22.02
1789223403,22.31
1789223702,22.38
1789224003,22.60
1789224303,22.07
1789224603,22.06
1789224902,22.04
1789225203,22.04
1789225503,22.08
1789225803,22.12
1789226103,22.06
1789226403,22.00
1789226702,22.15
1789227003,22.01
1789227303,22.02
1789227603,22.01
1789227903,22.04
1789228202,22.00
1789228503,22.78
1789228803,22.74
1789229103,22.33
1789229403,22.03
1789229703,22.00
1789230003,22.04
1789230302,22.00
1789230603,22.08
1789230902,22.05
1789231203,22.08
1789231503,22.01
1789231803,22.03
1789232103,22.06
1789232403,22.04
1789232703,22.02
1789233003,22.00
1789233303,22.06
1789233603,22.84
1789233903,22.54
1789234203,22.30
1789234503,22.01
1789234803,22.07
1789235103,22.01
1789235403,22.00
1789235703,22.02
1789236003,22.06
1789236303,22.00
1789236602,22.00
1789236903,22.04
1789237203,22.03
1789237502,22.08
1789237803,22.05
1789238103,22.11
1789238402,22.76
1789238703,22.32
1789239003,22.99
1789239303,22.06
1789239602,22.00
1789239903,22.00
1789240203,22.07
1789240502,22.09
1789240803,22.02
1789241102,22.03
1789241402,22.01
1789241703,22.00
1789242003,22.00
1789242303,22.01
1789242602,22.17
1789242902,22.20
1789243203,22.00
1789243502,22.31
1789243803,22.37
1789244102,22.12
1789244403,22.05
1789244703,22.08
1789245002,22.14
1789245303,22.01
1789245603,22.04
1789245902,22.08
1789246203,22.01
1789246502,22.04
1789246803,22.16
1789247103,22.09
1789247403,22.06
1789247703,22.03
1789248002,22.09
1789248303,22.00
1789248603,22.85
1789248903,22.29
1789249203,22.17
1789249503,22.02
1789249802,22.34
1789250102,22.01
1789250403,22.03
1789250703,22.02
1789251002,22.01
1789251302,22.05
1789251602,22.16
1789251903,22.06
1789252202,22.18
1789252503,22.00
1789252803,22.08
1789253103,22.00
1789253402,22.11
1789253703,22.35
1789254003,22.46
1789254303,22.02
1789254603,22.05
1789254903,22.00
1789255203,22.01
1789255503,22.00
1789255803,22.00
1789256103,22.07
1789256403,22.02
1789256703,22.01
1789257004,22.04
1789257303,22.04
1789257603,22.00
1789257903,22.00
1789258203,22.00
1789258503,22.29
1789258803,22.12
1789259103,22.08
1789259403,22.03
1789259702,22.02
1789260003,22.03
1789260303,22.00
1789260603,22.01
1789260903,22.00
1789261203,22.04
1789261503,22.08
1789261803,22.03
1789262103,22.01
1789262403,22.09
1789262703,22.06
1789263003,22.00
1789263303,22.06
1789263602,22.53
1789263903,22.25
1789264203,22.05
1789264503,22.03
1789264802,22.02
1789265103,22.02
1789265403,22.00
1789265703,22.02
1789266003,22.08
1789266303,22.02
1789266603,22.09
1789266903,22.01
1789267203,22.00
1789267503,22.00
1789267803,22.06
1789268102,22.10
1789268403,22.44
1789268703,22.23
1789269002,22.20
1789269303,22.18
1789269602,22.10
1789269903,22.01
1789270203,22.02
1789270503,22.00
1789270803,22.12
1789271103,22.00
1789271402,22.04
1789271702,22.24
1789272003,22.06
1789272303,22.00
1789272603,22.01
1789272902,22.11
1789273203,22.04
1789273503,22.20
1789273803,22.07
1789274103,22.12
1789274402,22.05
1789274703,22.10
1789275003,22.12
1789275303,22.16
1789275603,22.02
1789275902,22.00
1789276202,22.06
1789276503,22.06
1789276802,22.00
1789277102,22.04
1789277403,22.20
1789277703,22.01
1789278003,22.01
1789278303,22.08
1789278603,22.11
1789278903,22.04
1789279202,22.02
1789279503,22.02
1789279803,22.02
1789280103,22.03
1789280402,22.02
1789280703,22.07
1789281003,22.07
1789281303,22.02
1789281602,22.09
1789281902,22.00
1789282203,22.04
1789282503,22.00
1789282803,22.00
1789283102,22.07
1789283403,22.16
1789283702,22.16
1789284003,22.08
1789284302,22.15
1789284602,22.10
1789284903,22.01
1789285203,22.01
1789285503,22.01
1789285802,22.04
1789286103,22.01
1789286403,22.03
1789286703,22.02
1789287003,22.04
1789287303,22.01
1789287603,22.01
1789287903,22.00
1789288203,22.00
1789288503,22.13
1789288802,22.09
1789289103,22.27
1789289403,22.08
1789289703,22.08
1789290002,22.05
1789290302,22.11
1789290603,22.03
1789290903,22.03
1789291202,22.11
1789291503,22.00
1789291803,22.00
1789292102,22.00
1789292403,22.02
1789292703,22.01
1789293003,22.00
1789293302,22.17
1789293603,22.05
1789293903,22.07
1789294202,22.29
1789294503,22.01
1789294802,22.02
1789295103,22.00
1789295403,22.09
1789295703,22.10
1789296003,22.09
1789296302,22.09
1789296603,22.02
1789296903,22.03
1789297202,22.00
1789297503,22.08
1789297803,22.04
1789298103,22.00
1789298403,22.11
1789298703,22.12
1789299003,22.19
1789299303,22.09
1789299603,22.00
1789299902,22.01
1789300203,22.01
1789300502,22.09
1789300803,22.09
1789301103,22.00
1789301403,22.00
1789301703,22.03
1789302002,22.01
1789302302,22.00
1789302602,22.06
1789302903,22.01
1789303203,2.66
1789303503,2.01
1789303803,2.00
1789304103,2.00
1789304402,2.00
1789304703,2.00
1789305003,2.06
1789305303,2.00
1789305602,2.07
1789305903,2.00
1789306203,2.00
1789306503,2.00
1789306803,2.00
1789307102,2.01
1789307403,2.00
1789307702,2.00
1789308003,2.06
1789308303,2.01
1789308603,2.01
1789308903,2.02
1789309203,2.97
1789309503,3.00
1789309802,3.04
1789310103,20.38
1789310402,12.07
1789310702,15.47
1789311003,32.45
1789311303,19.65
1789311603,24.71
1789311903,17.14
1789312202,30.94
1789312503,29.69
1789312803,17.02
1789313103,14.92
1789313402,11.09
1789313703,9.59
1789314002,14.66
1789314303,17.05
1789314602,10.84
1789314903,14.63
1789315202,17.73
1789315503,17.45
1789315803,11.49
1789316102,12.49
1789316403,10.52
1789316702,16.08
1789317002,10.50
1789317302,8.43
1789317602,0.89
1789317636,0.54
1789317903,0.00
1789318203,0.14
1789318503,0.01
1789318803,0.02
1789319103,0.14
1789319402,0.00
1789319703,0.02
1789320003,0.06
1789320303,0.00
1789320603,0.00
1789320902,0.03
1789321203,0.14
1789321502,0.01
1789321803,0.01
1789322103,0.00
1789322403,0.14
1789322703,0.07
1789323002,0.00
1789323303,0.00
1789323603,0.02
1789323903,0.05
1789324202,0.00
1789324503,0.01
1789324803,0.00
1789325103,0.09
1789325402,0.00
1789325703,0.05
1789326002,0.04
1789326303,0.01
1789326603,0.07
1789326902,0.01
1789327203,0.22
1789327503,0.07
1789327802,0.00
1789328103,0.00
1789328403,0.01
1789328703,0.04
1789329003,0.07
1789329303,0.01
1789329603,0.01
1789329903,0.00
1789330202,0.00
1789330503,0.01
1789330803,0.08
1789331103,0.00
1789331403,0.00
1789331703,0.02
1789332002,0.20
1789332303,0.00
1789332603,0.08
1789332903,4.69
1789333202,44.69
1789333503,1.87
1789333802,0.01
1789334103,14.74
1789334403,16.16
1789334703,16.03
1789335002,16.00
1789335302,16.00
1789335603,16.63
1789335903,16.16
1789336203,16.48
1789336502,16.03
1789336803,16.04
1789337103,16.06
1789337403,16.00
1789337703,16.00
1789338003,16.85
1789338303,16.00
1789338603,16.00
1789338902,16.00
1789339203,16.05
1789339502,16.01
1789339803,16.00
1789340103,16.00
1789340403,16.02
1789340704,16.47
1789341003,16.77
1789341303,1.21
1789341603,1.16
1789341902,1.00
1789342203,1.09
1789342502,1.13
1789342803,1.70
1789343103,1.10
1789343402,1.06
1789343703,1.02
1789344002,1.00
1789344302,1.01
1789344603,1.01
1789344902,1.07
1789345203,1.09
1789345502,1.06
1789345803,1.08
1789346103,1.00
1789346403,1.00
1789346702,1.00
1789347003,1.00
1789347302,1.00
1789347603,1.00
1789347903,1.00
1789348202,1.01
1789348503,1.00
1789348803,1.00
1789349103,1.00
1789349402,1.00
1789349703,1.00
1789350003,1.00
1789350302,1.00
1789350603,1.00
1789350903,1.08
1789351202,1.48
1789351503,1.12
1789351803,1.00
1789352102,14.80
1789352403,16.03
1789352702,16.00
1789353003,16.00
1789353303,16.00
1789353603,16.00
1789353903,16.01
1789354203,16.00
1789354502,16.01
1789354803,16.06
1789355103,16.00
1789355402,16.08
1789355702,1.14
1789356003,1.00
1789356303,1.07
1789356603,1.12
1789356903,1.17
1789357202,1.01
1789357503,1.00
1789357803,1.00
1789358103,6.12
1789358403,16.09
1789358703,16.00
1789359003,16.01
1789359303,16.10
1789359602,16.00
1789359903,16.03
1789360202,16.08
1789360503,16.08
1789360803,16.08
1789361102,16.02
1789361403,16.00
1789361702,16.00
1789362003,16.00
1789362302,16.01
1789362603,16.00
1789362903,16.77
1789363202,16.04
1789363503,16.01
1789363802,16.00
1789364103,16.07
1789364403,16.20
1789364702,16.06
1789365002,16.05
1789365303,16.15
1789365602,16.00
1789365903,16.15
1789366203,16.05
1789366503,16.43
1789366803,2.93
1789367102,1.01
1789367403,1.00
1789367703,1.00
1789368003,1.13
1789368303,1.66
1789368603,1.04
1789368902,1.00
1789369202,1.25
1789369502,1.00
1789369803,1.00
1789370103,1.00
1789370403,1.00
1789370703,1.02
1789371003,2.00
1789371303,2.00
1789371603,2.00
1789371903,6.67
1789372203,4.58
1789372503,4.06
1789372803,4.68
1789373102,2.38
1789373402,2.94
1789373702,4.06
1789374003,3.78
1789374303,4.72
1789374603,3.17
1789374903,5.67
1789375335,5.57
1789375503,0.32
1789375803,0.00
1789376102,0.00
1789376402,0.00
1789376703,0.00
1789377002,0.02
1789377303,0.00
1789377602,0.00
1789377903,0.00
1789378203,0.60
1789378502,1.03
1789378803,1.00
1789379103,1.00
1789379402,1.35
1789379702,1.06
1789380003,1.00
1789380303,0.29
1789380603,0.00
1789380903,0.00
1789381203,0.00
1789381502,0.00
1789381803,0.00
1789382103,0.00
1789382403,0.00
1789382703,0.00
1789383003,0.00
1789383302,0.00
1789383603,0.08
1789383903,0.06
1789384202,0.00
1789384503,0.00
1789384803,0.00
1789385103,0.00
1789385402,0.00
1789385703,0.00
1789386003,0.00
1789386303,0.00
1789386603,0.00
1789386902,0.00
1789387203,0.04
1789387503,0.00
1789387802,0.00
1789388102,0.00
1789388403,0.00
1789388703,0.00
1789389003,0.00
1789389302,0.00
1789389603,0.00
1789389903,0.00
1789390203,0.00
1789390502,0.00
1789390804,0.00
1789391103,0.00
1789391402,0.06
1789391703,0.00
1789392003,0.08
1789392302,0.08
1789392602,0.05
1789392903,0.04
1789393203,0.14
1789393503,0.08
1789393803,0.08
1789394103,0.00
1789394403,0.00
1789394703,0.08
1789395003,0.00
1789395303,0.00
1789395603,0.06
1789395902,0.00
1789396203,0.00
1789396502,0.00
1789396803,0.00
1789397103,0.00
1789397403,0.07
1789397702,0.00
1789398004,0.00
1789398303,0.00
1789398603,0.00
1789398903,0.00
1789399203,0.00
1789399503,0.08
1789399803,0.00
1789400103,0.00
1789400402,0.00
1789400702,0.04
1789401002,0.01
1789401302,0.00
1789401604,0.00
1789401903,0.00
1789402203,0.00
1789402503,0.00
1789402802,0.00
1789403103,0.00
1789403403,0.00
1789403702,0.00
1789404003,0.00
1789404302,0.00
1789404603,0.00
1789404903,0.00
1789405202,0.02
1789405502,0.00
1789405803,0.00
1789406102,0.00
1789406403,0.00
1789406703,0.00
1789407002,0.00
1789407303,0.00
1789407602,0.00
1789407902,0.00
1789408203,0.00
1789408502,0.00
1789408803,0.00
1789409103,0.00
1789409403,0.00
1789409702,0.00
1789410003,0.00
1789410303,0.00
1789410602,0.00
1789410902,0.00
1789411203,0.00
1789411503,0.00
1789411803,0.00
1789412103,0.00
1789412403,0.00
1789412703,0.74
1789413002,1.04
1789413302,1.12
1789413603,1.10
1789413903,0.10
1789414203,0.08
1789414502,0.00
1789414803,0.99
1789415103,0.07
1789415403,1.00
1789415703,5.85
1789416002,39.72
1789416303,40.05
1789416603,40.08
1789416903,40.03
1789417203,40.00
1789417503,40.00
1789417802,40.02
1789418103,40.15
1789418403,40.11
1789418703,40.41
1789419003,40.15
1789419303,40.16
1789419603,40.07
1789419903,40.00
1789420203,40.07
1789420503,40.00
1789420803,40.00
1789421103,40.12
1789421402,40.08
1789421702,40.00
1789422003,40.13
1789422303,40.03
1789422603,40.05
1789422903,40.00
1789423203,40.08
1789423503,40.27
1789423803,40.04
1789424103,40.04
1789424403,40.00
1789424703,40.00
1789425003,40.00
1789425303,40.00
1789425603,40.00
1789425902,40.02
1789426203,40.10
1789426502,40.01
1789426803,40.00
1789427103,40.00
1789427403,40.07
1789427703,40.00
1789428002,40.06
1789428302,40.02
1789428603,40.26
1789428903,40.04
1789429203,40.00
1789429502,40.02
1789429802,40.00
1789430102,40.14
1789430404,40.00
1789430702,40.00
1789431002,40.05
1789431303,40.10
1789431603,40.30
1789431903,40.12
1789432203,40.00
1789432502,40.00
1789432803,40.02
1789433103,40.02
1789433403,40.21
1789433703,40.12
1789434003,40.15
1789434303,40.01
1789434602,40.00
1789434903,40.05
1789435203,40.14
1789435503,40.04
1789435803,40.07
1789436103,40.06
1789436403,40.01
1789436702,40.00
1789437003,40.05
1789437303,40.08
1789437603,40.00
1789437903,40.01
1789438203,40.00
1789438502,40.14
1789438803,40.27
1789439102,40.10
1789439402,40.16
1789439703,40.01
1789440003,40.02
1789440303,40.00
1789440603,40.10
1789440903,40.00
1789441203,40.00
1789441503,40.00
1789441803,40.00
1789442103,40.00
1789442403,40.00
1789442703,40.01
1789443003,40.08
1789443303,40.14
1789443603,40.31
1789443903,40.17
1789444203,40.01
1789444503,40.00
1789444803,40.06
1789445103,40.11
1789445402,40.05
1789445702,40.02
1789446002,40.05
1789446302,40.01
1789446603,40.06
1789446903,40.00
1789447202,40.06
1789447502,40.00
1789447803,40.04
1789448103,40.00
1789448403,40.06
1789448703,40.44
1789449003,40.12
1789449303,40.00
1789449603,40.06
1789449903,40.26
1789450202,40.07
1789450503,40.00
1789450803,40.12
1789451103,40.15
1789451403,40.00
1789451703,40.00
1789452003,40.00
1789452303,40.08
1789452602,40.00
1789452902,40.03
1789453203,40.01
1789453502,40.25
1789453802,40.30
1789454103,40.06
1789454403,40.00
1789454703,40.11
1789455003,40.00
1789455303,40.02
1789455603,40.05
1789455903,40.13
1789456203,40.00
1789456502,40.00
1789456803,40.00
1789457103,40.01
1789457403,40.03
1789457703,40.01
1789458003,40.01
1789458303,40.06
1789458603,40.40
1789458903,40.28
1789459203,40.05
1789459503,40.01
1789459803,40.17
1789460103,40.00
1789460402,40.00
1789460703,40.00
1789461003,40.03
1789461303,40.00
1789461603,40.00
1789461904,40.00
1789462204,40.00
1789462503,40.05
1789462803,40.00
1789463103,40.01
1789463402,40.21
1789463702,45.52
1789464003,45.63
1789464302,44.40
1789464603,45.60
1789464903,45.84
1789465203,44.94
1789465503,45.68
1789465803,46.04
1789466103,44.84
1789466403,45.08
1789466703,45.56
1789467003,44.64
1789467303,45.19
1789467603,45.61
1789467904,44.53
1789468203,44.77
1789468503,45.35
1789468803,47.46
1789469103,44.47
1789469403,44.49
1789469703,44.98
1789470003,44.92
1789470303,44.34
1789470603,45.08
1789470903,45.18
1789471203,45.15
1789471503,45.29
1789471803,45.31
1789472103,44.42
1789472403,45.14
1789472703,45.82
1789473003,45.03
1789473303,44.89
1789473603,45.21
1789473903,46.51
1789474203,44.77
1789474503,45.30
1789474803,45.86
1789475103,44.52
1789475403,45.47
1789475702,44.92
1789476002,44.98
1789476302,45.51
1789476603,45.81
1789476903,43.74
1789477202,45.37
1789477503,45.65
1789477803,45.07
1789478102,45.54
1789478403,46.47
1789478703,45.25
1789479002,46.11
1789479303,45.02
1789479603,45.22
1789479903,45.24
1789480202,45.19
1789480503,43.98
1789480802,44.23
1789481103,45.68
1789481403,45.46
1789481703,44.10
1789482003,44.83
1789482303,45.62
1789482603,45.56
1789482903,45.02
1789483203,45.41
1789483503,45.37
1789483803,45.97
1789484103,45.21
1789484403,45.41
1789484703,44.72
1789485002,43.84
1789485302,45.09
1789485603,45.24
1789485903,45.30
1789486203,44.42
1789486502,45.13
1789486803,45.66
1789487103,44.73
1789487403,44.37
1789487703,45.76
1789488003,46.11
1789488303,45.04
1789488603,46.03
1789488902,45.90
1789489202,43.99
1789489503,40.02
1789489802,40.00
1789490103,40.01
1789490403,40.00
1789490703,40.03
1789491003,40.02
1789491303,40.00
1789491603,40.00
1789491903,40.08
1789492203,40.07
1789492503,40.26
1789492803,40.00
1789493103,40.31
1789493403,41.18
1789493703,41.10
1789494003,40.12
1789494303,40.00
1789494603,40.19
1789494902,40.00
1789495203,40.24
1789495503,40.14
1789495803,40.01
1789496103,40.08
1789496403,40.00
1789496702,40.00
1789497003,40.00
1789497303,40.06
1789497603,40.07
1789497903,40.00
1789498203,40.61
1789498503,41.35
1789498803,40.33
1789499103,40.06
1789499403,40.08
1789499702,40.00
1789500003,40.01
1789500303,40.02
1789500602,40.08
1789500902,40.00
1789501202,40.08
1789501503,40.00
1789501802,40.00
1789502103,40.00
1789502403,40.06
1789502703,40.08
1789503003,40.00
1789503302,40.43
1789503602,40.98
1789503903,40.36
1789504203,40.06
1789504502,40.00
1789504803,40.00
1789505102,40.00
1789505403,40.07
1789505703,40.00
1789506003,40.00
1789506303,40.00
1789506603,40.00
1789506903,40.01
1789507203,40.16
1789507502,40.00
1789507802,40.00
1789508103,40.10
1789508403,40.69
1789508703,40.47
1789509003,40.13
1789509302,40.00
1789509603,40.00
1789509903,40.04
1789510203,40.01
1789510503,40.00
1789510803,40.02
1789511102,40.09
1789511403,40.00
1789511703,40.00
1789512003,40.00
1789512303,40.00
1789512603,40.19
1789512902,40.01
1789513203,40.50
1789513502,40.48
1789513803,40.55
1789514103,40.15
1789514403,40.00
1789514703,40.00
1789515003,40.01
1789515303,40.00
1789515603,40.00
1789515903,40.08
1789516202,40.20
1789516503,40.02
1789516802,40.24
1789517103,40.04
1789517403,40.00
1789517703,40.08
1789518003,40.00
1789518303,40.35
1789518603,40.31
1789518903,40.22
1789519202,40.01
1789519503,40.14
1789519803,40.00
1789520102,40.02
1789520403,40.00
1789520703,40.00
1789521003,40.03
1789521303,40.03
1789521603,40.01
1789521903,40.04
1789522203,40.08
1789522503,40.01
1789522803,40.00
1789523102,40.05
1789523402,40.72
1789523703,40.09
1789524003,40.13
1789524302,40.04
1789524603,40.03
1789524903,40.00
1789525203,40.03
1789525503,40.00
1789525803,40.08
1789526103,40.00
1789526403,40.03
1789526703,40.06
1789527003,40.00
1789527303,40.00
1789527603,40.08
1789527903,40.00
1789528203,40.25
1789528502,40.18
1789528803,40.13
1789529103,40.03
1789529403,40.00
1789529702,40.03
1789530002,40.03
1789530303,40.00
1789530603,40.00
1789530903,40.04
1789531203,40.18
1789531503,40.02
1789531803,40.00
1789532103,40.00
1789532402,40.00
1789532702,40.15
1789533003,40.11
1789533303,40.15
1789533603,40.09
1789533903,40.14
1789534202,40.00
1789534503,40.00
1789534802,40.00
1789535103,40.00
1789535403,40.19
1789535703,40.00
1789536003,40.00
1789536303,40.05
1789536603,40.00
1789536903,40.06
1789537203,40.02
1789537503,40.00
1789537803,40.00
1789538103,40.01
1789538403,40.12
1789538703,40.28
1789539002,40.04
1789539303,40.01
1789539603,40.05
1789539903,40.00
1789540203,40.00
1789540503,40.01
1789540802,40.12
1789541103,40.05
1789541403,40.04
1789541703,40.08
1789542003,40.00
1789542302,40.05
1789542603,40.05
1789542903,40.00
1789543203,40.01
1789543503,40.26
1789543803,40.09
1789544103,40.01
1789544402,44.79
1789544703,45.14
1789545003,44.67
1789545302,44.90
1789545603,46.21
1789545903,45.26
1789546202,43.74
1789546503,45.44
1789546802,45.30
1789547103,44.98
1789547402,45.01
1789547702,44.86
1789548003,44.91
1789548303,45.48
1789548603,44.35
1789548902,45.25
1789549204,45.44
1789549503,45.01
1789549803,44.94
1789550102,45.74
1789550403,45.64
1789550702,44.54
1789551002,44.81
1789551303,45.64
1789551602,44.43
1789551903,43.99
1789552203,45.68
1789552503,43.93
1789552803,45.33
1789553103,45.46
1789553403,44.95
1789553702,44.13
1789554003,45.68
1789554302,45.20
1789554603,44.66
1789554903,45.65
1789555203,45.15
1789555502,44.78
1789555803,44.60
1789556103,45.22
1789556403,45.27
1789556703,44.73
1789557002,45.14
1789557303,46.01
1789557603,45.44
1789557903,44.31
1789558203,45.83
1789558503,45.56
1789558802,44.82
1789559103,44.59
1789559402,45.59
1789559703,46.21
1789560003,46.83
1789560303,45.58
1789560603,45.41
1789560903,45.20
1789561203,44.90
1789561503,45.73
1789561803,45.35
1789562103,44.70
1789562403,45.16
1789562703,45.24
1789563003,45.61
1789563303,45.20
1789563602,44.08
1789563903,45.02
1789564203,45.73
1789564503,44.68
1789564803,44.81
1789565103,45.46
1789565404,44.19
1789565704,45.12
1789566004,45.58
1789566303,44.69
1789566603,45.46
1789566904,44.71
1789567204,44.88
1789567503,45.50
1789567803,45.22
1789568103,44.37
1789568402,45.78
1789568702,44.48
1789569003,45.23
1789569302,45.58
1789569603,45.95
1789569903,44.67
1789570206,44.48
1789570503,45.48
1789570803,43.83
1789571103,44.11
1789571403,45.39
1789571702,45.21
1789572003,45.22
1789572303,45.73
1789572603,45.54
1789572903,44.55
1789573203,45.87
1789573503,45.90
1789573802,45.04
1789574103,44.42
1789574403,45.58
1789574703,45.30
1789575003,45.29
1789575303,45.49
1789575603,45.70
1789575902,45.47
1789576203,45.33
1789576503,44.30
1789576803,45.73
1789577102,44.84
1789577403,46.65
1789577702,44.94
1789578004,45.40
1789578303,44.07
1789578603,44.48
1789578902,45.90
1789579204,45.16
1789579503,45.47
1789579803,45.68
1789580103,45.11
1789580403,44.70
1789580703,45.55
1789581003,45.46
1789581302,45.20
1789581604,43.86
1789581903,45.54
1789582203,45.73
1789582502,47.60
1789582802,46.23
1789583103,45.19
1789583403,45.13
1789583703,45.02
1789584002,45.18
1789584303,46.27
1789584603,43.96
1789584903,44.31
1789585204,45.91
1789585503,44.96
1789585803,44.61
1789586103,45.11
1789586403,45.32
1789586703,44.73
1789587003,45.66
1789587303,45.41
1789587603,45.79
1789587903,43.89
1789588203,45.53
1789588503,45.82
1789588803,46.44
1789589103,44.54
1789589402,45.18
1789589703,45.58
1789590003,44.27
1789590303,44.53
1789590602,45.94
1789590903,45.07
1789591202,44.66
1789591503,44.48
1789591809,45.17
1789592102,45.47
1789592403,45.26
1789592703,47.47
1789593002,45.55
1789593303,45.99
1789593603,45.20
1789593903,45.73
1789594203,46.11
1789594503,45.05
1789594802,44.03
1789595102,45.66
1789595402,45.10
1789595703,43.85
1789596002,45.09
1789596303,45.25
1789596602,44.66
1789596903,45.51
1789597203,45.15
1789597502,44.68
1789597803,44.63
1789598103,45.60
1789598403,45.98
1789598703,45.02
1789599003,45.08
1789599303,45.61
1789599603,45.09
1789599903,44.80
1789600203,45.28
1789600503,45.65
1789600802,45.15
1789601103,44.12
1789601403,45.25
1789601702,44.91
1789602003,44.79
1789602303,44.00
1789602603,45.61
1789602902,45.56
1789603203,44.80
1789603503,45.45
1789603802,46.05
1789604103,44.72
1789604403,44.89
1789604703,46.54
1789605002,44.22
1789605302,45.09
1789605603,46.70
1789605903,44.83
1789606202,46.50
1789606503,45.23
1789606803,45.48
1789607103,44.13
1789607403,44.77
1789607703,45.49
1789608003,45.33
1789608302,44.17
1789608603,44.34
1789608902,45.96
1789609203,45.43
1789609502,44.17
1789609803,44.91
1789610103,45.23
1789610402,45.14
1789610703,44.78
1789611003,45.40
1789611302,44.77
1789611603,44.29
1789611903,45.12
1789612202,45.55
1789612502,44.45
1789612803,45.15
1789613102,45.51
1789613403,45.31
1789613703,45.23
1789614003,45.00
1789614303,45.48
1789614603,43.78
1789614903,43.84
1789615202,45.23
1789615503,45.45
1789615803,43.61
1789616103,44.79
1789616403,45.93
1789616703,45.06
1789617003,44.80
1789617303,45.12
1789617603,45.40
1789617903,44.23
1789618203,44.90
1789618502,45.75
1789618803,45.32
1789619103,44.60
1789619403,45.06
1789619703,45.71
1789620003,44.87
1789620303,44.93
1789620603,45.35
1789620903,45.60
1789621202,44.91
1789621502,44.62
1789621803,45.74
1789622102,44.97
1789622403,44.65
1789622703,45.18
1789623003,45.32
1789623303,45.09
1789623603,44.10
1789623902,45.70
1789624203,45.23
1789624503,44.66
1789624803,45.35
1789625103,45.71
1789625403,45.21
1789625702,44.81
1789626003,45.35
1789626303,45.68
1789626603,44.56
1789626902,44.96
1789627203,45.98
1789627502,44.60
1789627803,44.49
1789628103,45.02
1789628404,45.56
1789628703,44.52
1789629002,45.09
1789629303,45.52
1789629602,45.24
1789629903,44.58
1789630202,44.20
1789630502,45.32
1789630803,45.94
1789631103,44.95
1789631403,45.19
1789631702,45.51
1789632002,45.88
1789632303,44.76
1789632603,45.34
1789632903,45.60
1789633203,44.85
1789633503,45.92
1789633803,45.75
1789634103,45.12
1789634403,45.17
1789634703,44.69
1789635003,45.52
1789635303,45.82
1789635603,44.80
1789635902,45.05
1789636202,46.06
1789636503,45.50
1789636803,45.97
1789637103,45.18
1789637403,45.51
1789637703,44.50
1789638003,44.01
1789638303,45.24
1789638603,45.25
1789638903,44.47
1789639203,44.05
1789639502,45.46
1789639803,44.97
1789640103,43.91
1789640402,45.11
1789640703,45.24
1789641003,44.78
1789641302,44.14
1789641603,45.49
1789641903,44.37
1789642202,44.72
1789642502,45.18
1789642803,45.62
1789643103,45.85
1789643402,44.49
1789643703,45.04
1789644003,45.86
1789644303,44.47
1789644603,45.53
1789644903,45.31
1789645202,44.76
1789645503,44.70
1789645803,45.01
1789646103,45.91
1789646403,44.39
1789646702,44.35
1789647003,45.52
1789647303,45.21
1789647603,44.42
1789647903,45.07
1789648203,45.30
1789648503,44.97
1789648803,44.60
1789649102,45.64
1789649403,45.59
1789649703,44.33
1789650003,7.87
1789650302,5.05
1789650602,5.12
1789650902,5.56
1789651203,5.03
1789651502,5.46
1789651803,5.12
1789652102,5.44
1789652403,4.97
1789652703,4.55
1789653002,4.86
1789653303,4.75
1789653604,5.62
1789653902,4.76
1789654203,4.66
1789654502,4.88
1789654804,5.64
1789655102,5.02
1789655402,5.51
1789655703,4.27
1789656003,6.87
1789656303,5.04
1789656603,5.80
1789656903,5.25
1789657203,5.48
1789657502,4.67
1789657802,5.43
1789658103,4.89
1789658403,6.03
1789658702,5.73
1789659003,5.15
1789659302,4.94
1789659603,5.73
1789659902,4.64
1789660203,5.31
1789660503,5.75
1789660803,5.55
1789661103,4.84
1789661403,4.69
1789661702,5.12
1789662003,4.38
1789662303,5.18
1789662604,5.14
1789662902,5.36
1789663203,5.13
1789663503,8.42
1789663802,6.01
1789664103,4.67
1789664402,5.14
1789664703,5.92
1789665003,4.76
1789665303,5.23
1789665603,4.93
1789665902,5.82
1789666203,5.12
1789666503,4.91
1789666803,5.85
1789667103,5.45
1789667402,5.14
1789667703,4.86
1789668003,5.62
1789668303,4.80
1789668603,4.79
1789668903,6.51
1789669203,4.04
1789669502,5.27
1789669803,5.04
1789670103,6.35
1789670402,4.58
1789670702,5.41
1789671003,5.25
1789671303,5.31
1789671604,5.72
1789671902,5.08
1789672203,4.85
1789672502,5.10
1789672803,5.12
1789673102,5.39
1789673403,4.90
1789673702,6.26
1789674003,6.14
1789674303,5.08
1789674602,4.75
1789674902,4.51
1789675203,4.71
1789675503,5.17
1789675803,5.68
1789676103,1.10
1789676403,0.00
1789676703,0.00
1789677003,0.08
1789677303,0.00
1789677603,0.00
1789677902,0.00
1789678202,0.01
1789678503,0.00
1789678802,0.07
1789679103,0.04
1789679403,0.04
1789679703,0.00
1789680003,0.00
1789680303,0.00
1789680603,0.00
1789680903,0.01
1789681203,0.09
1789681503,0.00
1789681803,0.00
1789682102,0.06
1789682403,0.00
1789682702,0.00
1789683003,0.00
1789683303,0.01
1789683602,0.00
1789683903,0.02
1789684203,0.05
1789684502,0.00
1789684803,0.00
1789685103,0.01
1789685403,0.08
1789685703,0.00
1789686002,0.00
1789686302,0.00
1789686603,0.00
1789686903,0.00
1789687203,0.00
1789687502,0.00
1789687802,0.00
1789688102,0.00
1789688403,0.00
1789688703,0.00
1789689003,0.05
1789689303,0.00
1789689603,0.00
1789689903,0.13
1789690203,0.00
1789690503,0.00
1789690803,0.00
1789691102,0.00
1789691403,0.00
1789691703,0.00
1789692002,0.00
1789692303,0.00
1789692603,0.00
1789692903,0.00
1789693203,0.08
1789693503,0.00
1789693803,0.00
1789694103,0.04
1789694403,0.00
1789694703,0.00
1789695003,0.08
1789695303,0.08
1789695603,0.00
1789695902,0.00
1789696202,0.03
1789696503,0.08
1789696803,0.10
1789697103,0.00
1789697403,0.00
1789697703,0.01
1789698002,0.00
1789698303,0.00
1789698603,0.05
1789698903,0.07
1789699202,0.00
1789699503,0.00
1789699803,0.00
1789700103,0.05
1789700403,0.00
1789700702,0.00
1789701003,0.00
1789701302,0.02
1789701603,0.00
1789701902,0.00
1789702203,0.00
1789702502,0.03
1789702803,0.01
1789703102,0.01
1789703403,0.02
1789703703,0.00
1789704002,0.06
1789704302,0.00
1789704602,0.00
1789704903,0.00
1789705203,0.00
1789705503,0.00
1789705803,0.00
1789706103,0.00
1789706403,0.00
1789706703,0.00
1789707002,0.00
1789707303,0.00
1789707603,0.00
1789707903,0.00
1789708203,0.03
1789708502,0.05
1789708803,0.00
1789709102,0.00
1789709403,0.00
1789709703,0.00
1789710002,0.00
1789710303,0.00
1789710603,0.00
1789710903,0.00
1789711203,0.08
1789711503,0.03
1789711802,0.00
1789712103,0.00
1789712402,0.07
1789712703,0.00
1789713003,0.00
1789713302,0.00
1789713602,0.06
1789713902,0.00
1789714203,0.00
1789714503,0.00
1789714803,0.00
1789715102,0.02
1789715403,0.00
1789715703,0.00
1789716003,0.02
1789716302,0.10
1789716603,0.00
1789716902,0.00
1789717203,0.00
1789717502,0.00
1789717803,0.00
1789718103,0.00
1789718402,0.00
1789718702,0.08
1789719003,0.00
1789719302,0.00
1789719602,0.00
1789719903,0.00
1789720203,0.00
1789720503,0.00
1789720803,0.10
1789721103,0.00
1789721403,0.08
1789721703,0.00
1789722003,0.00
1789722303,0.00
1789722603,0.00
1789722903,0.00
1789723202,0.00
1789723503,0.00
1789723802,0.08
1789724102,0.00
1789724402,0.00
1789724703,0.00
1789725003,0.00
1789725302,0.11
1789725603,0.00
1789725903,0.00
1789726203,0.00
1789726502,0.00
1789726803,0.00
1789727103,0.00
1789727404,0.00
1789727702,0.00
1789728003,0.00
1789728303,0.00
1789728603,0.00
1789728902,0.00
1789729203,0.00
1789729503,0.00
1789729803,0.01
1789730103,0.07
1789730403,0.02
1789730703,0.02
1789731003,0.00
1789731302,0.00
1789731603,0.00
1789731903,0.00
1789732202,0.00
1789732503,0.00
1789732802,0.00
1789733103,0.00
1789733403,0.00
1789733703,0.03
1789734003,0.00
1789734303,0.00
1789734603,0.00
1789734903,0.00
1789735203,0.00
1789735502,0.04
1789735803,0.00
1789736103,0.00
1789736404,0.00
1789736703,0.00
1789737002,0.03
1789737304,0.00
1789737603,0.00
1789737903,0.00
1789738203,0.00
1789738503,0.00
1789738802,0.00
1789739103,0.00
1789739403,0.00
1789739703,0.00
1789740002,0.00
1789740303,0.00
1789740603,0.00
1789740902,0.06
1789741203,0.00
1789741503,0.00
1789741803,0.00
1789742102,0.00
1789742403,0.23
1789742702,0.08
1789743003,0.00
1789743303,0.00
1789743603,0.00
1789743903,0.02
1789744203,0.07
1789744503,0.07
1789744803,0.00
1789745103,0.00
1789745402,0.00
1789745703,0.02
1789746004,0.08
1789746302,0.08
1789746602,0.00
1789746903,0.00
1789747203,0.00
1789747503,0.00
1789747803,0.00
1789748102,0.00
1789748403,0.00
1789748702,0.04
1789749003,0.00
1789749302,0.00
1789749603,0.00
1789749902,0.00
1789750203,0.00
1789750503,0.00
1789750804,0.00
1789751103,0.00
1789751403,0.00
1789751703,0.01
1789752003,0.02
1789752303,0.00
1789752603,0.00
1789752902,0.00
1789753203,0.00
1789753503,0.00
1789753802,0.00
1789754103,0.00
1789754403,0.00
1789754702,0.00
1789755003,0.01
1789755303,0.01
1789755602,0.00
1789755903,0.05
1789756203,0.00
1789756503,0.00
1789756802,0.00
1789757103,0.00
1789757402,0.00
1789757703,0.00
1789758002,0.00
1789758302,0.00
1789758603,0.00
1789758902,0.00
1789759203,0.00
1789759503,0.00
1789759803,0.00
1789760103,0.00
1789760403,0.00
1789760703,0.00
1789761002,0.00
1789761303,0.01
1789761602,0.00
1789761902,0.00
1789762203,0.00
1789762502,0.00
1789762803,0.00
1789763103,0.00
1789763403,0.00
1789763703,0.00
1789764003,0.00
1789764302,0.00
1789764603,0.00
1789764903,0.00
1789765203,0.00
1789765502,0.00
1789765803,0.00
1789766102,0.08
1789766402,0.00
1789766703,0.00
1789767003,0.00
1789767303,0.00
1789767602,0.00
1789767902,0.00
1789768203,0.00
1789768503,0.00
1789768803,0.00
1789769102,0.01
1789769403,0.08
1789769702,0.00
1789770003,0.00
1789770302,0.01
1789770603,0.08
1789770903,0.00
1789771202,0.17
1789771503,0.00
1789771803,0.00
1789772103,0.08
1789772402,0.00
1789772703,0.00
1789773002,0.00
1789773303,0.00
1789773603,0.00
1789773903,0.00
1789774203,0.00
1789774503,0.00
1789774802,0.00
1789775103,0.08
1789775403,0.00
1789775702,0.00
1789776003,0.00
1789776303,0.00
1789776602,0.00
1789776903,0.08
1789777203,0.00
1789777502,0.00
1789777802,0.07
1789778103,0.01
1789778402,0.00
1789778703,0.00
1789779003,0.02
1789779303,0.00
1789779603,0.01
1789779903,0.03
1789780204,0.00
1789780503,0.00
1789780803,0.00
1789781102,0.00
1789781402,0.00
1789781703,0.00
1789782003,0.00
1789782302,0.06
1789782602,0.00
1789782903,0.01
1789783203,0.00
1789783503,0.00
1789783802,0.01
1789784103,0.00
1789784402,0.00
1789784703,0.00
1789785002,0.08
1789785302,0.00
1789785603,0.00
1789785902,0.00
1789786202,0.16
1789786503,0.00
1789786802,0.00
1789787103,0.02
1789787402,0.00
1789787702,0.00
1789788003,0.00
1789788303,0.00
1789788603,0.02
1789788903,0.02
1789789203,0.00
1789789503,0.00
1789789802,0.00
1789790103,0.00
1789790403,0.00
1789790703,0.00
1789791002,0.00
1789791303,0.00
1789791602,0.00
1789791901,0.09
1789792201,0.07
1789792501,0.02
1789792801,0.08
1789793102,0.02
1789793401,0.00
1789793701,0.00
1789794001,0.02
1789794301,0.00
1789794602,0.00
1789794901,0.00
1789795201,0.06
1789795501,0.00
1789795801,0.19
1789796101,0.00
1789796401,0.01
1789796702,0.00
1789797001,0.00
1789797301,0.00
1789797601,0.00
1789965243,4.86
1789965302,1.78
1789965603,0.11
1789965902,0.05
1789966203,0.00
1789966502,0.00
1789966803,0.00
1789967102,0.00
1789967403,0.00
1789967703,0.00
1789968003,0.00
1789968303,0.02
1789968602,0.00
1789968903,0.00
1789969202,0.00
1789969503,0.00
1789969803,0.00
1789970102,0.00
1789970403,0.00
1789970703,0.00
1789971002,0.08
1789971302,0.00
1789971603,0.00
1789971902,0.00
1789972203,0.00
1789972502,0.00
1789972803,0.00
1789973102,0.00
1789973403,0.00
1789973703,0.00
1789974003,0.00
1789974302,0.00
1789974603,0.00
1789974902,0.00
1789975202,0.00
1789975503,0.01
1789975803,0.00
1789976103,0.05
1789976402,0.08
1789976703,0.04
1789977002,4.99
1789977302,5.73
1789977603,5.21
1789977903,4.85
1789978203,6.07
1789978502,6.49
1789978803,5.84
1789979103,4.85
1789979403,5.71
1789979702,5.17
1789980003,5.53
1789980303,5.45
1789980603,5.81
1789980902,4.55
1789981203,6.89
1789981503,4.83
1789981802,5.59
1789982103,4.65
1789982402,5.71
1789982703,4.78
1789983003,5.22
1789983302,5.36
1789983603,6.21
1789983903,5.58
1789984203,5.79
1789984502,4.60
1789984802,5.65
1789985102,5.12
1789985403,6.29
1789985703,5.78
1789986003,5.53
1789986302,5.17
1789986602,8.64
1789986903,4.48
1789987203,5.42
1789987502,5.00
1789987803,5.45
1789988102,6.24
1789988402,5.44
1789988703,5.33
1789989002,5.31
1789989303,4.68
1789989603,4.97
1789989903,5.15
1789990203,6.37
1789990503,6.49
1789990803,4.93
1789991103,5.03
1789991402,4.67
1789991703,5.25
1789992002,5.85
1789992302,4.60
1789992603,4.65
1789992902,4.07
1789993203,4.58
1789993503,4.90
1789993803,5.18
1789994102,5.60
1789994403,5.39
1789994703,4.74
1789995003,5.26
1789995302,5.07
1789995603,17.83
1789995902,20.65
1789996203,21.00
1789996503,21.44
1789996803,21.27
1789997103,22.50
1789997402,21.51
1789997703,10.43
1789998003,5.65
1789998303,4.04
1789998603,4.91
1789998903,4.24
1789999203,5.60
1789999503,5.53
1789999803,10.76
1790000103,21.53
1790000403,20.67
1790000703,20.26
1790001002,21.92
1790001303,20.92
1790001603,21.73
1790001903,20.95
1790002203,20.49
1790002502,21.28
1790002804,21.59
1790003103,21.12
1790003403,21.08
1790003703,21.87
1790004002,21.71
1790004302,21.56
1790004602,23.11
1790004903,20.62
1790005203,20.53
1790005503,20.86
1790005803,21.57
1790006102,20.56
1790006402,19.39
1790006703,22.56
1790007003,21.53
1790007302,20.71
1790007603,20.57
1790007903,21.17
1790008202,20.95
1790008503,20.06
1790008802,23.40
1790009103,20.71
1790009402,20.94
1790009703,21.14
1790010002,20.30
1790010303,21.28
1790010602,21.14
1790010903,22.07
1790011203,21.24
1790011502,21.41
1790011803,20.92
1790012103,21.17
1790012403,21.97
1790012703,20.95
1790013003,20.90
1790013302,21.60
1790013604,21.68
1790013903,21.67
1790014203,21.12
1790014502,21.47
1790014803,21.42
1790015102,21.33
1790015404,21.30
1790015702,21.26
1790016003,20.78
1790016302,21.09
1790016602,20.59
1790016902,21.25
1790017204,20.69
1790017502,20.72
1790017803,20.75
1790018103,20.89
1790018403,17.72
1790018703,21.21
1790019003,21.19
1790019303,21.07
1790019602,20.24
1790019908,20.30
1790020203,21.61
1790020503,21.12
1790020802,20.40
1790021102,21.22
1790021403,20.78
1790021703,21.40
1790022003,18.30
1790022303,21.28
1790022603,20.12
1790022903,20.78
1790023203,20.93
1790023503,20.93
1790023803,21.58
1790024103,20.88
1790024403,21.84
1790024702,22.03
1790025003,22.36
1790025303,20.23
1790025603,20.80
1790025903,20.56
1790026203,24.88
1790026503,20.72
1790026803,21.80
1790027103,20.77
1790027402,20.95
1790027703,20.35
1790028003,21.15
1790028302,23.09
1790028603,20.80
1790028902,21.51
1790029203,20.62
1790029502,20.65
1790029803,20.23
1790030103,20.62
1790030403,20.83
1790030702,20.72
1790031003,21.93
1790031303,20.71
1790031603,20.83
1790031902,21.37
1790032203,21.50
1790032503,22.05
1790032803,21.91
1790033103,21.33
1790033403,21.36
1790033703,20.54
1790034002,21.30
1790034303,21.39
1790034603,21.15
1790034902,22.20
1790035203,21.08
1790035502,22.08
1790035803,21.40
1790036103,21.11
1790036402,20.74
1790036703,21.05
1790037003,22.25
1790037303,20.02
1790037603,20.92
1790037902,21.20
1790038202,21.09
1790038503,21.42
1790038803,16.80
1790039102,21.24
1790039403,21.43
1790039703,22.24
1790040003,21.11
1790040303,21.09
1790040603,20.67
1790040902,19.47
1790041203,21.00
1790041503,24.05
1790041803,20.47
1790042103,21.49
1790042403,15.30
1790042703,21.05
1790043003,21.17
1790043303,20.35
1790043603,21.40
1790043903,20.39
1790044203,21.91
1790044503,8.96
1790044802,5.30
1790045103,5.86
1790045403,4.47
1790045702,5.30
1790046003,6.43
1790046303,5.10
1790046602,5.22
1790046903,5.10
1790047202,4.95
1790047503,4.82
1790047802,5.58
1790048103,4.24
1790048403,0.07
1790048703,0.03
1790049002,0.02
1790049303,0.00
1790049603,0.00
1790049903,0.00
1790050203,0.00
1790050502,0.00
1790050803,0.00
1790051103,0.00
1790051402,0.00
1790051703,0.03
1790052002,0.00
1790052303,0.00
1790052602,0.00
1790052903,0.00
1790053202,0.00
1790053503,0.00
1790053803,0.08
1790054102,0.00
1790054403,0.00
1790054703,0.00
1790055003,0.00
1790055303,0.09
1790055602,0.01
1790055902,0.00
1790056203,0.08
1790056503,0.00
1790056803,0.00
1790057103,0.00
1790057402,0.00
1790057702,0.00
1790058002,0.08
1790058302,0.00
1790058603,0.00
1790058903,0.00
1790059203,0.00
1790059502,0.06
1790059803,0.00
1790060103,0.00
1790060403,0.00
1790060703,0.00
1790061003,0.00
1790061303,0.00
1790061603,0.00
1790061903,0.00
1790062203,0.00
1790062502,0.00
1790062803,0.00
1790063102,0.00
1790063403,0.00
1790063703,0.00
1790064003,0.00
1790064303,0.00
1790064602,0.00
1790064903,0.00
1790065202,0.15
1790065503,0.00
1790065802,0.00
1790066103,0.00
1790066403,0.00
1790066703,0.00
1790067002,0.00
1790067303,0.00
1790067603,0.00
1790067903,0.00
1790068202,0.00
1790068502,0.00
1790068803,0.00
1790069103,0.00
1790069403,0.00
1790069703,0.00
1790070003,0.00
1790070303,0.00
1790070602,0.13
1790070902,0.00
1790071204,0.00
1790071503,0.00
1790071803,0.00
1790072182,0.31
1790072403,0.18
1790072703,0.07
1790073003,0.06
1790073303,0.06
1790073602,0.04
1790073903,0.06
1790074203,0.01
1790074503,0.02
1790074803,0.01
1790075103,0.00
1790075403,0.08
1790075702,0.13
1790076003,0.14
1790076303,0.08
1790076603,0.00
1790076903,0.00
1790077203,0.00
1790077502,0.00
1790077802,0.07
1790078103,0.08
1790078403,0.00
1790078702,0.08
1790079002,0.08
1790079303,0.00
1790079602,0.00
1790079903,0.00
1790080203,0.06
1790080503,0.00
1790080803,0.18
1790081103,0.08
1790081403,0.08
1790081703,0.00
1790082003,0.02
1790082303,0.02
1790082602,0.08
1790082902,0.00
1790083202,0.08
1790083503,0.02
1790083803,0.01
1790084103,0.08
1790084403,0.01
1790084702,0.01
1790085004,0.01
1790085302,0.01
1790085604,0.15
1790085903,0.03
1790086203,0.00
1790086503,0.00
1790086803,0.00
1790087103,0.06
1790087404,0.00
1790087703,0.03
1790088003,0.00
1790088304,0.00
1790088603,0.08
1790088903,0.00
1790089204,0.00
1790089503,0.08
1790089803,0.17
1790090102,0.00
1790090403,0.00
1790090703,15.44
1790091003,16.00
1790091303,15.60
1790091603,21.08
1790091903,21.41
1790092203,21.20
1790092503,20.95
1790092804,21.56
1790093104,20.89
1790093402,21.24
1790093703,21.28
1790094002,21.31
1790094303,21.58
1790094603,20.82
1790094903,20.09
1790095203,21.56
1790095502,20.54
1790095803,21.27
1790096103,21.00
1790096402,21.51
1790096703,20.95
1790097003,20.75
1790097303,21.38
1790097602,21.33
1790097902,21.13
1790098203,21.77
1790098503,21.30
1790098803,22.40
1790099102,21.26
1790099403,20.31
1790099703,20.60
1790100003,21.07
1790100303,20.63
1790100603,19.86
1790100903,21.18
1790101203,20.19
1790101503,21.57
1790101802,21.56
1790102103,21.17
1790102403,20.43
1790102704,21.39
1790103003,20.15
1790103302,19.96
1790103603,20.81
1790103903,20.58
1790104202,21.20
1790104502,21.30
1790104803,20.84
1790105102,21.09
1790105403,21.14
1790105703,21.79
1790106003,23.03
1790106303,20.79
1790106603,20.73
1790106903,20.35
1790107203,21.22
1790107502,23.48
1790107802,20.64
1790108103,20.50
1790108403,21.50
1790108702,21.89
1790109003,21.09
1790109302,21.48
1790109603,20.58
1790109903,21.25
1790110203,22.84
1790110503,21.42
1790110803,21.27
1790111102,20.86
1790111403,21.38
1790111702,21.47
1790112003,21.52
1790112303,21.51
1790112603,23.08
1790112902,21.69
1790113202,21.13
1790113503,20.52
1790113803,21.38
1790114103,21.08
1790114403,20.98
1790114703,20.66
1790115002,20.78
1790115303,21.63
1790115602,23.29
1790115903,20.79
1790116203,21.64
1790116502,21.12
1790116803,21.68
1790117103,21.51
1790117402,20.74
1790117702,21.02
1790118004,20.22
1790118303,21.33
1790118603,21.32
1790118903,20.72
1790119203,21.19
1790119503,21.81
1790119803,20.61
1790120103,20.36
1790120403,20.23
1790120703,20.13
1790121003,20.42
1790121303,20.87
1790121603,21.32
1790121903,20.90
1790122203,20.45
1790122502,21.23
1790122802,21.60
1790123102,21.33
1790123403,21.14
1790123702,21.03
1790124003,20.40
1790124302,20.63
1790124602,21.17
1790124903,20.78
1790125203,21.16
1790125503,22.48
1790125803,21.39
1790126102,21.09
1790126402,21.82
1790126702,21.56
1790127003,21.46
1790127303,22.02
1790127602,21.02
1790127903,21.20
1790128203,20.43
1790128503,20.76
1790128802,20.13
1790129102,20.60
1790129403,21.40
1790129702,21.26
1790130002,21.55
1790130303,21.27
1790130603,22.36
1790130902,20.90
1790131203,20.74
1790131503,21.61
1790131802,21.23
1790132103,20.61
1790132403,21.68
1790132703,21.53
1790133002,21.00
1790133303,22.61
1790133603,21.01
1790133902,20.56
1790134203,21.55
1790134503,20.81
1790134803,20.51
1790135103,21.74
1790135403,20.94
1790135702,20.96
1790136002,21.23
1790136303,20.46
1790136603,22.38
1790136902,21.25
1790137203,21.57
1790137503,21.93
1790137802,20.84
1790138102,20.78
1790138403,21.21
1790138702,20.63
1790139003,20.86
1790139303,21.38
1790139603,21.50
1790139902,21.12
1790140203,20.34
1790140503,21.01
1790140803,21.40
1790141103,20.58
1790141403,22.70
1790141703,20.90
1790142002,21.02
1790142303,21.01
1790142603,21.29
1790142902,20.99
1790143203,20.62
1790143502,21.27
1790143802,21.97
1790144102,20.58
1790144403,21.21
1790144703,20.08
1790145002,20.61
1790145303,21.50
1790145603,21.67
1790145903,21.07
1790146203,22.81
1790146503,21.12
1790146803,21.14
1790147103,20.92
1790147403,20.95
1790147702,21.36
1790148003,21.70
1790148303,21.36
1790148603,20.96
1790148903,20.81
1790149203,20.93
1790149503,20.67
1790149802,21.33
1790150103,20.30
1790150403,21.55
1790150703,20.72
1790151003,20.41
1790151303,20.06
1790151602,20.47
1790151902,20.74
1790152203,21.05
1790152503,22.94
1790152803,20.98
1790153102,21.31
1790153402,20.63
1790153703,21.20
1790154003,21.45
1790154303,20.84
1790154603,20.29
1790154902,20.64
1790155203,20.98
1790155503,20.78
1790155803,24.32
1790156103,21.61
1790156403,20.80
1790156703,21.91
1790157003,21.49
1790157303,21.02
1790157603,16.03
1790157903,16.00
1790158203,15.75
1790158503,15.84
1790158802,15.98
1790159102,16.13
1790159403,16.15
1790159703,15.88
1790160003,15.89
1790160303,15.99
1790160602,15.90
1790160903,16.34
1790161202,15.67
1790161502,17.93
1790161803,21.05
1790162103,20.97
1790162403,19.96
1790162702,20.96
1790163002,20.75
1790163302,21.13
1790163603,21.22
1790163903,19.12
1790164203,20.78
1790164503,21.94
1790164803,19.06
1790165103,22.01
1790165403,21.26
1790165703,21.96
1790166003,21.22
1790166303,20.95
1790166603,19.94
1790166902,21.55
1790167203,20.51
1790167503,21.16
1790167804,20.94
1790168103,15.80
1790168404,19.63
1790168703,19.77
1790169002,21.23
1790169302,21.24
1790169603,20.92
1790169903,22.35
1790170203,21.34
1790170502,21.28
1790170802,21.29
1790171103,21.83
1790171403,20.64
1790171703,21.60
1790172006,18.80
1790172313,21.21
1790172603,20.59
1790172903,21.25
1790173203,18.68
1790173503,21.57
1790173803,20.88
1790174103,21.30
1790174403,22.00
1790174703,19.46
1790175003,19.93
1790175303,21.00
1790175603,20.29
1790175903,18.33
1790176205,20.49
1790176503,21.16
1790176803,21.32
1790177102,18.05
1790177403,21.48
1790177703,20.13
1790178003,21.03
1790178303,19.70
1790178604,21.23
1790178903,20.12
1790179204,21.01
1790179503,21.74
1790179803,21.43
1790180103,21.49
1790180403,20.07
1790180702,20.49
1790181004,21.01
1790181303,20.02
1790181603,21.01
1790181903,21.36
1790182203,21.84
1790182503,20.74
1790182803,20.76
1790183103,20.95
1790183404,20.33
1790183704,20.64
1790184003,21.18
1790184303,20.64
1790184603,21.12
1790184903,21.04
1790185203,20.07
1790185503,19.83
1790185803,22.57
1790186103,20.99
1790186404,21.60
1790186703,20.93
1790187003,21.05
1790187303,21.12
1790187603,21.24
1790187903,21.52
1790188203,21.12
1790188503,20.85
1790188803,22.18
1790189103,21.35
1790189403,19.44
1790189703,21.96
1790190004,21.27
1790190302,16.73
1790190603,21.52
1790190903,21.83
1790191203,21.52
1790191503,21.06
1790191803,21.14
1790192103,21.33
1790192403,20.92
1790192702,20.95
1790193002,21.70
1790193303,20.59
1790193603,20.86
1790193903,21.59
1790194203,20.30
1790194503,20.67
1790194802,21.38
1790195103,19.29
1790195403,21.14
1790195703,21.61
1790196003,17.11
1790196302,20.83
1790196603,20.76
1790196903,19.33
1790197204,20.94
1790197503,22.18
1790197802,21.27
1790198102,19.34
1790198402,21.17
1790198703,21.24
1790199003,21.39
1790199303,22.12
1790199603,20.93
1790199903,21.50
1790200202,20.91
1790200503,21.23
1790200803,20.64
1790201103,15.83
1790201402,21.02
1790201702,21.08
1790202002,21.68
1790202303,20.17
1790202603,20.80
1790202902,21.69
1790203202,18.72
1790203503,21.17
1790203802,21.20
1790204102,20.79
1790204402,20.60
1790204703,20.32
1790205003,20.60
1790205303,20.16
1790205603,22.56
1790205903,20.81
1790206203,20.68
1790206502,21.45
1790206802,21.13
1790207103,21.26
1790207403,21.89
1790207703,20.79
1790208003,20.60
1790208303,23.09
1790208602,23.03
1790208902,21.68
1790209203,17.12
1790209502,21.25
1790209803,21.44
1790210103,20.76
1790210403,21.19
1790210703,21.15
1790211003,21.74
1790211303,21.78
1790211603,21.60
1790211903,21.10
1790212203,20.75
1790212502,20.70
1790212803,21.93
1790213102,21.22
1790213403,20.89
1790213703,20.40
1790214003,20.46
1790214303,22.31
1790214602,20.69
1790214903,20.76
1790215203,21.38
1790215502,20.77
1790215803,20.07
1790216103,21.45
1790216402,21.84
1790216703,19.68
1790217003,21.16
1790217303,19.81
1790217602,20.97
1790217903,20.27
1790218202,20.49
1790218502,20.76
1790218804,18.82
1790219102,21.15
1790219403,18.57
1790219702,21.00
1790220003,17.61
1790220302,21.32
1790220603,20.64
1790220902,22.01
1790221203,23.26
1790221503,21.16
1790221803,21.67
1790222102,16.34
1790222403,21.42
1790222703,19.59
1790223003,21.08
1790223303,20.53
1790223603,20.65
1790223902,20.38
1790224203,21.19
1790224502,20.73
1790224803,16.60
1790225102,21.14
1790225403,19.97
1790225703,20.99
1790226003,20.89
1790226303,21.23
1790226603,21.10
1790226903,20.52
1790227202,20.59
1790227503,16.83
1790227803,20.75
1790228102,20.62
1790228403,21.99
1790228703,20.67
1790229003,21.29
1790229302,21.50
1790229603,21.13
1790229902,20.69
1790230203,20.72
1790230503,21.66
1790230802,22.02
1790231103,21.38
1790231403,21.21
1790231702,21.36
1790232003,19.82
1790232303,20.72
1790232603,20.97
1790232903,19.77
1790233202,21.33
1790233503,21.58
1790233802,20.57
1790234102,20.84
1790234403,20.00
1790234702,18.72
1790235003,18.63
1790235302,16.09
1790235603,12.98
1790235903,16.01
1790236203,16.00
1790236503,13.73
1790236803,21.39
1790237103,20.97
1790237403,17.41
1790237703,21.76
1790238003,21.52
1790238303,17.78
1790238603,21.06
1790238903,22.30
1790239203,21.14
1790239503,20.35
1790239803,20.77
1790240102,21.40
1790240404,22.93
1790240702,21.22
1790241003,21.83
1790241303,21.06
1790241603,20.91
1790241903,21.30
1790242203,20.92
1790242502,20.51
1790242803,21.30
1790243103,20.95
1790243402,21.40
1790243703,20.91
1790244003,20.79
1790244303,21.56
1790244602,20.63
1790244902,20.42
1790245203,21.16
1790245503,21.23
1790245803,21.19
1790246102,21.39
1790246403,21.23
1790246703,20.55
1790247003,20.87
1790247302,21.57
1790247602,18.82
1790247903,21.85
1790248203,21.92
1790248503,19.31
1790248803,21.11
1790249103,21.01
1790249403,20.04
1790249703,21.14
1790250003,20.17
1790250303,17.52
1790250604,21.70
1790250902,21.41
1790251203,18.38
1790251503,20.85
1790251803,21.05
1790252103,19.16
1790252402,21.72
1790252703,21.41
1790253004,14.83
1790253303,20.66
1790253603,20.98
1790253903,18.88
1790254203,21.22
1790254503,20.91
1790254803,20.89
1790255103,20.97
1790255403,21.37
1790255703,19.97
1790256004,20.64
1790256303,20.47
1790256604,21.07
1790256906,19.84
1790257203,20.35
1790257505,20.75
1790257803,19.77
1790258103,21.45
1790258403,21.62
1790258703,18.22
1790259002,21.91
1790259303,21.04
1790259603,18.16
1790259904,21.56
1790260203,21.24
1790260508,16.42
1790260803,21.25
1790261102,21.26
1790261403,20.66
1790261704,20.91
1790262003,20.84
1790262302,20.00
1790262603,20.99
1790262903,21.61
1790263203,21.09
1790263502,19.33
1790263803,21.35
1790264113,21.21
1790264404,20.68
1790264702,21.04
1790265003,23.69
1790265303,21.67
1790265604,20.02
1790265903,20.94
1790266203,20.09
1790266503,21.37
1790266803,20.63
1790267103,20.13
1790267404,21.64
1790267702,20.23
1790268003,19.14
1790268303,20.39
1790268602,21.54
1790268902,19.29
1790269203,17.39
1790269502,21.22
1790269803,19.67
1790270103,21.57
1790270404,17.76
1790270703,21.59
1790271002,20.41
1790271304,20.62
1790271603,20.10
1790271903,20.71
1790272203,15.55
1790272503,20.95
1790272803,17.84
1790273103,20.97
1790273403,20.06
1790273703,20.73
1790274003,20.16
1790274302,20.00
1790274603,16.48
1790274903,20.80
1790275203,19.33
1790275503,20.59
1790275803,21.00
1790276103,21.67
1790276403,21.10
1790276703,20.07
1790277003,21.57
1790277302,15.36
1790277603,23.68
1790277903,19.38
1790278203,21.42
1790278503,21.33
1790278803,17.69
1790279102,21.51
1790279403,21.14
1790279703,22.55
1790280003,20.71
1790280303,20.37
1790280604,21.12
1790280903,23.42
1790281203,22.03
1790281503,20.92
1790281803,21.06
1790282102,21.87
1790282403,21.33
1790282703,21.36
1790283003,20.86
1790283303,21.94
1790283603,21.67
1790283903,21.11
1790284203,20.44
1790284502,21.10
1790284803,22.05
1790285103,21.29
1790285402,22.00
1790285702,21.40
1790286002,22.85
1790286303,20.24
1790286603,21.61
1790286903,20.11
1790287203,21.44
1790287503,20.99
1790287803,20.38
1790288103,20.97
1790288402,21.30
1790288703,21.27
1790289003,20.06
1790289302,21.19
1790289603,21.56
1790289903,21.16
1790290203,21.03
1790290503,22.48
1790290803,21.47
1790291102,20.43
1790291403,23.09
1790291703,21.30
1790292003,20.96
1790292303,20.92
1790292603,21.04
1790292903,20.42
1790293202,21.05
1790293503,20.67
1790293803,21.42
1790294103,20.38
1790294402,20.88
1790294703,21.01
1790295002,20.87
1790295303,21.46
1790295603,21.16
1790295903,21.71
1790296203,20.95
1790296503,21.68
1790296803,22.27
1790297103,22.47
1790297403,21.36
1790297703,21.86
1790298003,21.53
1790298303,21.69
1790298603,20.09
1790298902,21.68
1790299203,21.52
1790299502,20.79
1790299803,22.04
1790300103,20.66
1790300402,21.41
1790300703,6.38
1790301003,5.50
1790301303,5.51
1790301602,4.68
1790301902,4.46
1790302203,4.96
1790302503,4.86
1790302802,5.68
1790303103,5.54
1790303402,5.08
1790303703,5.23
1790304012,5.02
1790304303,4.73
1790304602,5.30
1790304903,4.89
1790305202,4.80
1790305503,5.24
1790305802,5.18
1790306103,5.07
1790306402,5.03
1790306703,6.70
1790307002,5.26
1790307303,4.33
1790307603,5.09
1790307903,5.82
1790308203,4.52
1790308503,4.99
1790308803,5.12
1790309103,5.84
1790309402,4.89
1790309703,5.36
1790310002,5.09
1790310302,5.28
1790310603,6.00
1790310903,1.20
1790311203,0.01
1790311503,0.06
1790311803,0.01
1790312102,0.00
1790312403,0.01
1790312703,0.00
1790313003,0.01
1790313302,0.02
1790313603,0.01
1790313903,0.02
1790314203,0.16
1790314503,0.03
1790314803,0.04
1790315102,0.03
1790315403,0.01
1790315702,0.04
1790316003,0.02
1790316302,0.02
1790316603,0.12
1790316902,0.10
1790317203,0.09
1790317502,0.07
1790317802,0.07
1790318102,0.13
1790318403,0.07
1790318703,0.06
1790319003,0.12
1790319303,0.15
1790319602,0.11
1790319903,0.13
1790320202,0.00
1790320503,0.15
1790320803,0.00
1790321102,0.00
1790321403,0.07
1790321703,0.10
1790322003,0.00
1790322303,0.01
1790322602,0.06
1790322903,0.01
1790323203,0.01
1790323502,0.08
1790323803,0.01
1790324103,0.02
1790324403,0.03
1790324702,0.01
1790325003,0.03
1790325303,0.01
1790325603,0.01
1790325903,0.07
1790326203,0.56
1790326502,0.43
1790326802,0.46
1790327102,0.71
1790327403,0.49
1790327703,0.61
1790328003,0.80
1790328303,0.03
1790328602,0.00
1790328902,0.00
1790329203,0.01
1790329502,0.00
1790329802,0.09
1790330102,0.12
1790330403,0.02
1790330702,0.09
1790331003,0.04
1790331303,0.03
1790331603,0.20
1790331903,0.07
1790332203,0.13
1790332503,0.01
1790332802,0.03
1790333103,0.00
1790333403,0.09
1790333703,0.05
1790334003,0.16
1790334303,0.11
1790334602,0.13
1790334903,0.15
1790335203,0.00
1790335503,0.01
1790335803,0.00
1790336102,0.01
1790336402,0.00
1790336703,0.00
1790337002,0.00
1790337302,0.27
1790337603,0.11
1790337902,0.06
1790338202,0.08
1790338503,0.00
1790338803,0.00
1790339102,0.11
1790339403,0.01
1790339703,0.00
1790340003,0.01
1790340303,0.01
1790340602,0.01
1790340903,0.01
1790341203,0.04
1790341503,0.03
1790341802,0.11
1790342103,0.07
1790342402,0.02
1790342703,0.01
1790343002,0.03
1790343302,0.05
1790343603,0.05
1790343903,0.04
1790344203,0.10
1790344503,0.09
1790344803,0.08
1790345103,0.07
1790345403,0.05
1790345703,0.01
1790346003,0.01
1790346303,0.00
1790346602,0.11
1790346903,0.12
1790347203,10.56
1790347503,15.06
1790347802,15.16
1790348103,15.75
1790348403,15.04
1790348703,15.52
1790349003,15.66
1790349303,15.20
1790349602,15.62
1790349902,15.00
1790350204,15.44
1790350503,15.54
1790350803,15.47
1790351103,14.73
1790351403,15.52
1790351703,15.32
1790352002,15.19
1790352303,15.45
1790352603,15.27
1790352903,15.25
1790353203,15.49
1790353503,15.57
1790353803,14.48
1790354103,15.38
1790354403,15.56
1790354703,15.17
1790355002,15.18
1790355303,15.64
1790355603,15.51
1790355903,15.31
1790356203,15.47
1790356503,15.69
1790356802,14.99
1790357102,15.16
1790357403,15.48
1790357703,15.54
1790358003,15.32
1790358302,15.10
1790358602,15.69
1790358903,15.69
1790359204,15.38
1790359503,15.35
1790359803,15.62
1790360102,14.83
1790360403,15.25
1790360702,15.56
1790361003,15.83
1790361302,15.23
1790361602,15.60
1790361902,15.47
1790362203,15.29
1790362503,15.41
1790362803,15.53
1790363103,15.43
1790363403,15.32
1790363703,15.50
1790364002,15.60
1790364302,15.79
1790364603,15.34
1790364902,15.52
1790365203,15.29
1790365503,15.25
1790365802,15.39
1790366102,15.68
1790366402,14.94
1790366703,15.37
1790367002,15.63
1790367302,15.71
1790367603,15.36
1790367902,15.51
1790368204,15.70
1790368503,15.08
1790368803,15.36
1790369103,15.56
1790369403,15.68
1790369703,15.18
1790370003,15.39
1790370303,15.59
1790370603,15.39
1790370903,15.32
1790371203,15.37
1790371503,15.24
1790371803,15.09
1790372102,15.24
1790372404,15.35
1790372703,15.72
1790373002,15.32
1790373302,15.51
1790373604,15.60
1790373903,14.89
1790374203,15.39
1790374503,15.40
1790374803,15.63
1790375103,15.05
1790375402,16.03
1790375703,15.60
1790376003,15.68
1790376303,15.33
1790376603,15.46
1790376903,15.62
1790377202,15.16
1790377503,15.12
1790377803,15.31
1790378103,15.30
1790378403,14.94
1790378702,15.41
1790379003,15.60
1790379302,15.11
1790379603,15.31
1790379903,15.51
1790380203,15.63
1790380503,15.63
1790380803,15.19
1790381103,15.41
1790381403,15.69
1790381702,15.10
1790382003,15.53
1790382303,15.75
1790382602,15.10
1790382902,15.34
1790383203,15.52
1790383502,15.25
1790383802,15.12
1790384102,15.43
1790384403,15.72
1790384703,15.08
1790385002,15.16
1790385303,15.49
1790385603,15.84
1790385902,14.97
1790386203,15.39
1790386503,15.58
1790386803,15.70
1790387103,15.39
1790387402,15.98
1790387703,15.63
1790388003,15.23
1790388303,15.39
1790388603,15.57
1790388902,15.71
1790389203,15.06
1790389503,15.53
1790389802,15.43
1790390103,15.31
1790390402,15.26
1790390702,15.43
1790391003,15.62
1790391303,14.83
1790391602,15.28
1790391903,15.61
1790392203,15.82
1790392503,14.75
1790392803,15.27
1790393103,15.40
1790393403,15.80
1790393703,14.85
1790394003,15.40
1790394302,15.88
1790394602,16.19
1790394902,14.94
1790395202,15.29
1790395503,15.65
1790395803,15.15
1790396102,15.28
1790396402,15.55
1790396702,16.24
1790397003,14.72
1790397303,15.29
1790397603,15.53
1790397903,15.66
1790398203,15.16
1790398502,15.40
1790398802,15.40
1790399102,15.56
1790399402,15.33
1790399702,15.45
1790400002,15.62
1790400303,15.31
1790400602,15.36
1790400902,15.49
1790401203,15.63
1790401503,15.30
1790401803,15.45
1790402102,15.63
1790402403,15.13
1790402703,15.36
1790403003,15.54
1790403302,15.64
1790403603,15.16
1790403903,15.24
1790404203,15.58
1790404503,15.73
1790404803,15.26
1790405103,15.70
1790405404,16.08
1790405703,15.36
1790406003,15.59
1790406303,15.69
1790406603,15.09
1790406902,15.35
1790407203,15.67
1790407502,15.73
1790407803,15.15
1790408102,15.49
1790408402,15.60
1790408703,15.77
1790409002,15.18
1790409303,15.62
1790409602,15.66
1790409902,15.06
1790410202,15.46
1790410503,15.60
1790410803,15.25
1790411103,15.19
1790411402,15.62
1790411703,15.73
1790412002,15.23
1790412303,15.32
1790412602,15.67
1790412903,15.24
1790413203,15.45
1790413503,15.61
1790413803,15.70
1790414103,15.31
1790414402,15.50
1790414703,15.79
1790415003,15.15
1790415302,15.33
1790415603,15.68
1790415902,15.28
1790416203,15.32
1790416503,15.63
1790416803,15.37
1790417103,14.45
1790417403,15.49
1790417703,15.66
1790418002,15.11
1790418302,15.20
1790418603,15.54
1790418902,15.39
1790419203,15.23
1790419502,15.47
1790419803,15.61
1790420102,15.14
1790420403,15.35
1790420703,15.57
1790421003,15.61
1790421303,15.56
1790421603,15.45
1790421902,15.64
1790422203,15.19
1790422503,15.40
1790422802,15.60
1790423102,15.70
1790423403,15.28
1790423703,15.55
1790424003,15.71
1790424303,15.25
1790424603,15.45
1790424902,15.66
1790425203,15.36
1790425502,15.50
1790425802,15.71
1790426103,15.82
1790426403,15.25
1790426702,15.45
1790427002,15.62
1790427302,14.79
1790427602,15.13
1790427903,15.53
1790428203,15.69
1790428502,15.01
1790428802,15.45
1790429103,15.70
1790429403,14.99
1790429702,15.43
1790430003,15.63
1790430303,15.70
1790430603,15.24
1790430903,15.57
1790431203,15.69
1790431503,15.16
1790431803,15.54
1790432102,15.57
1790432403,15.82
1790432702,15.37
1790433003,15.52
1790433303,15.72
1790433603,15.15
1790433904,15.38
1790434203,15.69
1790434502,15.68
1790434803,15.22
1790435102,15.41
1790435402,15.72
1790435703,16.01
1790436002,15.31
1790436303,15.52
1790436602,15.71
1790436903,15.00
1790437203,15.27
1790437503,15.41
1790437803,15.69
1790438103,15.32
1790438403,15.53
1790438702,15.73
1790439004,15.08
1790439303,15.33
1790439603,15.60
1790439903,15.63
1790440203,15.21
1790440503,15.48
1790440803,15.46
1790441103,15.31
1790441403,15.31
1790441703,15.44
1790442003,15.63
1790442303,15.72
1790442603,15.36
1790442903,15.35
1790443202,15.27
1790443502,15.23
1790443803,15.40
1790444112,15.38
1790444403,15.71
1790444703,15.23
1790445002,15.53
1790445303,15.61
1790445603,15.24
1790445902,15.38
1790446213,15.67
1790446503,15.99
1790446803,15.33
1790447103,15.64
1790447403,15.94
1790447703,15.21
1790448003,15.42
1790448303,15.63
1790448602,15.94
1790448902,15.19
1790449203,15.44
1790449503,15.71
1790449802,15.07
1790450103,15.35
1790450403,15.69
1790450702,15.54
1790451003,15.17
1790451302,15.36
1790451602,15.54
1790451902,15.68
1790452202,15.21
1790452502,15.34
1790452803,15.44
1790453103,15.66
1790453402,15.30
1790453703,15.42
1790454003,15.48
1790454302,15.68
1790454603,15.28
1790454903,15.56
1790455203,15.68
1790455503,14.85
1790455803,15.41
1790456103,15.65
1790456402,15.69
1790456702,11.33
1790457003,15.31
1790457302,15.35
1790457602,15.67
1790457902,15.37
1790458203,15.34
1790458503,15.40
1790458802,15.76
1790459102,13.24
1790459402,15.51
1790459703,15.56
1790460003,15.07
1790460303,15.15
1790460603,15.05
1790460903,15.16
1790461202,15.14
1790461503,15.11
1790461803,15.15
1790462103,15.19
1790462403,15.27
1790462702,15.28
1790463003,15.00
1790463303,14.88
1790463602,15.14
1790463902,15.12
1790464203,15.21
1790464502,15.08
1790464802,14.03
1790465103,15.06
1790465402,15.58
1790465702,15.83
1790466003,15.66
1790466302,15.58
1790466602,15.33
1790466903,15.67
1790467202,15.35
1790467502,15.54
1790467803,15.43
1790468102,15.41
1790468403,15.20
1790468703,15.38
1790469003,15.07
1790469302,15.22
1790469603,14.26
1790469903,15.22
1790470202,15.10
1790470503,15.16
1790470803,15.11
1790471103,15.05
1790471402,15.50
1790471703,15.60
1790472003,15.63
1790472303,15.62
1790472603,15.56
1790472902,15.53
1790473203,15.49
1790473503,15.59
1790473802,15.23
1790474102,15.41
1790474402,15.53
1790474703,15.28
1790475003,15.43
1790475303,15.36
1790475603,15.23
1790475902,15.35
1790476203,15.14
1790476503,15.10
1790476803,15.20
1790477103,15.16
1790477403,14.32
1790477703,14.25
1790478002,15.10
1790478303,15.08
1790478604,15.09
1790478903,15.03
1790479203,15.07
1790479502,14.62
1790479802,15.67
1790480102,15.63
1790480403,15.48
1790480703,15.47
1790481003,15.57
1790481303,15.45
1790481602,15.46
1790481903,15.18
1790482203,15.25
1790482503,15.17
1790482803,15.22
1790483103,15.11
1790483403,15.19
1790483703,14.98
1790484002,15.50
1790484303,15.41
1790484603,15.30
1790484902,15.47
1790485203,15.51
1790485502,15.43
1790485802,15.44
1790486102,14.89
1790486402,15.32
1790486703,15.26
1790487002,15.02
1790487303,15.20
1790487603,14.90
1790487903,14.73
1790488203,14.77
1790488503,15.58
1790488803,15.69
1790489103,15.21
1790489402,15.52
1790489703,15.52
1790490002,15.44
1790490302,15.38
1790490603,15.44
1790490902,15.43
1790491203,15.37
1790491503,14.62
1790491803,15.24
1790492103,14.97
1790492403,15.14
1790492703,14.71
1790493003,14.61
1790493303,15.59
1790493603,15.50
1790493902,15.10
1790494203,15.54
1790494503,15.36
1790494803,15.10
1790495103,15.46
1790495403,15.15
1790495702,15.37
1790496003,15.30
1790496303,15.04
1790496603,15.38
1790496902,15.14
1790497203,15.08
1790497503,14.86
1790497803,14.99
1790498103,15.53
1790498403,15.63
1790498703,15.15
1790499003,15.53
1790499303,15.53
1790499602,15.38
1790499903,15.48
1790500203,15.44
1790500503,15.06
1790500803,15.56
1790501102,15.27
1790501403,15.27
1790501705,15.21
1790502003,14.62
1790502303,15.07
1790502603,14.20
1790502903,14.94
1790503204,15.08
1790503503,15.32
1790503803,15.61
1790504104,15.55
1790504402,15.68
1790504704,15.27
1790505003,15.51
1790505303,15.56
1790505602,15.55
1790505903,15.43
1790506203,15.42
1790506502,15.27
1790506803,15.20
1790507103,15.40
1790507402,15.40
1790507702,15.06
1790508003,14.91
1790508303,15.16
1790508602,15.10
1790508903,15.02
1790509203,14.73
1790509502,15.73
1790509804,15.52
1790510103,15.12
1790510403,15.86
1790510704,15.56
1790511003,15.40
1790511303,15.54
1790511602,15.42
1790511903,15.34
1790512203,14.71
1790512503,15.37
1790512803,15.19
1790513103,14.83
1790513403,14.91
1790513703,14.67
1790514002,15.52
1790514303,15.56
1790514602,15.40
1790514903,15.61
1790515203,15.54
1790515503,15.48
1790515803,15.37
1790516102,15.04
1790516403,15.55
1790516702,15.29
1790517003,15.06
1790517302,15.00
1790517603,15.16
1790517903,14.95
1790518203,15.52
1790518502,15.32
1790518802,15.57
1790519103,15.58
1790519402,15.37
1790519716,15.19
1790520011,15.50
1790520311,15.30
1790520611,15.74
1790520911,15.53
1790521212,15.31
1790521511,15.10
1790521812,15.29
1790522111,15.22
1790522403,14.23
1790522703,15.57
1790523003,15.69
1790523303,15.53
1790523603,15.59
1790523903,15.59
1790524202,15.50
1790524503,15.53
1790524803,15.63
1790525103,15.53
1790525402,15.57
1790525703,15.70
1790526003,15.77
1790526303,15.38
1790526602,15.48
1790526903,15.36
1790527202,15.43
1790527503,15.40
1790527803,15.33
1790528102,15.35
1790528403,15.15
1790528703,15.23
1790529003,14.99
1790529302,15.53
1790529603,15.02
1790529903,15.15
1790530202,15.17
1790530503,15.16
1790530803,15.30
1790531102,15.16
1790531402,15.29
1790531703,15.03
1790532003,15.11
1790532302,15.05
1790532603,15.03
1790532903,14.83
1790533202,15.25
1790533503,15.69
1790533803,15.62
1790534102,15.40
1790534403,15.74
1790534703,15.57
1790535003,15.53
1790535302,15.54
1790535603,15.66
1790535903,15.54
1790536202,15.59
1790536503,15.53
1790536803,15.50
1790537103,15.47
1790537403,15.58
1790537702,15.55
1790538004,15.41
1790538304,15.43
1790538602,15.15
1790538903,15.47
1790539202,15.42
1790539502,15.42
1790539803,15.49
1790540103,14.91
1790540402,14.58
1790540703,15.30
1790541003,15.17
1790541303,15.29
1790541602,15.30
1790541903,15.29
1790542203,14.23
1790542503,15.23
1790542803,15.23
1790543103,15.27
1790543403,15.35
1790543702,15.15
1790544002,14.15
1790544303,14.42
1790544602,15.03
1790544902,15.10
1790545203,15.32
1790545503,15.07
1790545803,14.53
1790546103,14.20
1790546403,15.03
1790546703,15.65
1790547003,15.61
1790547303,15.39
1790547603,15.60
1790547903,15.70
1790548202,15.60
1790548503,15.60
1790548803,14.71
1790549103,15.62
1790549403,15.38
1790549702,15.57
1790550003,15.64
1790550303,15.62
1790550602,15.81
1790550903,15.01
1790551203,15.49
1790551502,15.49
1790551803,15.54
1790552103,15.52
1790552403,15.50
1790552702,15.51
1790553003,15.50
1790553303,15.46
1790553603,15.46
1790553902,15.30
1790554203,15.05
1790554503,15.01
1790554802,15.20
1790555102,14.93
1790555402,15.35
1790555703,15.54
1790556002,15.49
1790556302,15.17
1790556603,14.98
1790556903,15.39
1790557203,15.40
1790557503,15.40
1790557802,15.50
1790558103,15.48
1790558402,15.50
1790558702,15.43
1790559003,15.43
1790559303,15.26
1790559603,15.31
1790559902,15.26
1790560203,15.35
1790560502,15.44
1790560803,15.48
1790561103,15.43
1790561403,15.39
1790561703,15.36
1790562002,15.35
1790562303,15.35
1790562603,15.29
1790562903,15.36
1790563202,14.71
1790563503,14.95
1790563803,15.20
1790564103,15.13
1790564403,15.06
1790564703,15.01
1790565002,15.51
1790565302,15.33
1790565603,15.40
1790565903,15.29
1790566203,15.55
1790566503,15.62
1790566803,15.44
1790567102,15.46
1790567402,15.45
1790567703,15.29
1790568003,15.24
1790568303,15.37
1790568603,15.28
1790568902,15.37
1790569203,15.22
1790569503,15.11
1790569803,14.48
1790570102,15.11
1790570403,14.24
1790570702,15.00
1790571003,15.77
1790571303,15.67
1790571603,15.60
1790571903,15.21
1790572202,15.48
1790572503,15.37
1790572802,15.46
1790573102,15.00
1790573403,15.39
1790573703,15.43
1790574003,14.91
1790574302,15.36
1790574603,15.18
1790574903,14.89
1790575203,15.16
1790575503,14.78
1790575802,15.24
1790576103,15.02
1790576403,15.01
1790576703,15.59
1790577002,15.62
1790577301,15.24
1790577601,0.19
1790577901,0.06
1790581019,0.45
1790581202,0.02
1790581502,0.00
1790581803,0.00
1790582103,0.00
1790582403,0.01
1790582703,0.02
1790583003,5.38
1790583302,21.23
1790583602,23.88
1790583902,21.98
1790584203,22.92
1790584503,22.70
1790584803,23.03
1790585103,21.71
1790585403,22.48
1790585703,23.20
1790586003,22.97
1790586302,23.32
1790586603,22.66
1790586903,23.19
1790587203,22.00
1790587503,22.66
1790587802,21.70
1790588103,21.66
1790588403,23.43
1790588703,22.53
1790589004,22.10
1790589305,22.02
1790589604,22.98
1790589904,20.70
1790590204,23.28
1790590504,23.69
1790590803,23.12
1790591104,23.33
1790591404,22.70
1790591703,23.21
1790592004,22.65
1790592303,23.11
1790592604,22.59
1790592904,23.17
1790593204,21.82
1790593504,21.64
1790593805,23.09
1790594104,23.42
1790594404,22.22
1790594703,23.22
1790595005,23.39
1790595303,22.66
1790595604,22.85
1790595903,23.00
1790596204,21.50
1790596503,23.11
1790596804,22.72
1790597104,21.85
1790597405,22.41
1790597703,22.73
1790598003,24.03
1790598304,23.25
1790598604,23.18
1790598904,22.31
1790599204,22.36
1790599504,21.29
1790599805,22.95
1790600103,23.31
1790600405,22.51
1790600703,23.21
1790601004,21.35
1790601303,23.62
1790601604,23.11
1790601903,23.12
1790602204,21.90
1790602502,22.76
1790602803,23.25
1790603103,22.76
1790603403,23.19
1790603703,23.94
1790604004,22.50
1790604304,21.42
1790604603,23.09
1790604903,22.74
1790605203,22.38
1790605503,22.17
1790605803,22.47
1790606102,23.03
1790606403,23.42
1790606704,23.24
1790607004,22.77
1790607302,22.98
1790607603,22.71
1790607903,22.17
1790608203,22.95
1790608503,22.03
1790608803,23.44
1790609103,22.30
1790609403,23.21
1790609702,21.99
1790610003,23.00
1790610303,23.00
1790610603,23.06
1790610903,23.28
1790611203,21.86
1790611503,22.69
1790611802,23.26
1790612103,23.05
1790612403,21.46
1790612703,23.92
1790613004,22.55
1790613303,23.37
1790613603,21.96
1790613903,21.69
1790614203,21.63
1790614502,23.08
1790614803,23.20
1790615103,22.70
1790615402,23.17
1790615703,22.56
1790616010,23.24
1790616303,22.35
1790616603,21.30
1790616903,22.68
1790617203,22.79
1790617504,22.91
1790617803,22.81
1790618103,22.51
1790618403,23.52
1790618703,22.93
1790619003,22.65
1790619303,22.14
1790619602,23.13
1790619903,20.96
1790620204,22.51
1790620503,22.97
1790620803,22.88
1790621103,23.44
1790621403,23.42
1790621703,23.28
1790622004,23.13
1790622303,23.31
1790622603,22.81
1790622902,23.78
1790623203,23.35
1790623503,22.25
1790623803,22.91
1790624103,23.42
1790624403,22.67
1790624703,23.30
1790625002,22.45
1790625303,20.99
1790625603,23.12
1790625902,22.63
1790626203,22.56
1790626503,23.72
1790626803,23.52
1790627104,22.76
1790627403,22.69
1790627702,23.52
1790628003,23.26
1790628304,22.87
1790628603,23.18
1790628903,23.71
1790629203,22.69
1790629503,22.81
1790629803,23.42
1790630103,23.32
1790630403,22.28
1790630703,22.69
1790631003,23.14
1790631303,22.68
1790631603,21.92
1790631903,23.16
1790632202,23.27
1790632502,21.99
1790632803,22.23
1790633102,22.65
1790633402,23.44
1790633703,23.40
1790634002,23.22
1790634303,23.06
1790634603,21.73
1790634902,22.53
1790635203,22.45
1790635503,23.25
1790635803,22.94
1790636103,22.36
1790636403,22.98
1790636703,23.11
1790637002,22.57
1790637303,22.79
1790637603,23.07
1790637903,23.64
1790638203,22.35
1790638503,22.69
1790638802,23.16
1790639103,23.36
1790639402,21.71
1790639702,22.55
1790640003,23.36
1790640302,21.98
1790640603,23.08
1790640902,23.32
1790641202,23.54
1790641503,22.18
1790641803,22.38
1790642102,23.28
1790642403,22.62
1790642702,22.73
1790643002,23.05
1790643303,23.54
1790643602,22.13
1790643903,22.93
1790644202,23.54
1790644502,23.54
1790644803,23.00
1790645102,21.36
1790645403,23.51
1790645703,23.63
1790646003,22.78
1790646303,22.29
1790646603,22.89
1790646903,23.30
1790647202,23.50
1790647503,22.81
1790647803,22.38
1790648102,22.15
1790648403,21.99
1790648703,21.19
1790649003,23.66
1790649304,23.01
1790649603,23.48
1790649903,22.86
1790650203,23.37
1790650502,22.61
1790650803,23.25
1790651103,23.10
1790651403,22.85
1790651703,23.09
1790652002,22.40
1790652303,23.17
1790652603,21.55
1790652903,22.23
1790653203,23.28
1790653503,23.28
1790653803,23.38
1790654103,23.29
1790654403,23.58
1790654703,22.93
1790655003,22.30
1790655303,23.36
1790655602,22.93
1790655903,21.18
1790656203,21.64
1790656503,22.20
1790656803,22.96
1790657103,21.02
1790657403,21.78
1790657702,22.27
1790658002,23.01
1790658303,22.95
1790658603,22.68
1790658903,23.11
1790659203,23.23
1790659503,23.02
1790659803,23.31
1790660103,23.39
1790660403,23.40
1790660702,23.17
1790661003,23.70
1790661303,23.46
1790661603,23.24
1790661903,21.55
1790662203,23.21
1790662503,23.68
1790662803,23.29
1790663103,22.90
1790663403,22.96
1790663703,22.84
1790664003,22.65
1790664303,23.26
1790664602,23.28
1790664902,22.22
1790665203,22.00
1790665503,23.56
1790665803,21.13
1790666102,23.57
1790666402,22.58
1790666703,22.53
1790667003,23.25
1790667303,23.40
1790667602,21.98
1790667903,21.94
1790668203,23.12
1790668503,22.06
1790668803,22.98
1790669103,23.37
1790669403,22.05
1790669703,23.19
1790670003,23.26
1790670303,23.60
1790670602,22.74
1790670903,19.99
1790671203,22.88
1790671503,21.99
1790671803,23.08
1790672103,22.62
1790672403,22.75
1790672703,23.08
1790673003,21.50
1790673303,21.59
1790673603,23.69
1790673902,23.00
1790674203,22.75
1790674503,23.00
1790674802,22.87
1790675102,22.66
1790675403,22.72
1790675703,22.40
1790676003,22.96
1790676303,23.03
1790676603,22.78
1790676903,22.42
1790677203,22.00
1790677503,23.04
1790677803,21.61
1790678103,23.01
1790678403,22.57
1790678702,22.61
1790679003,23.15
1790679303,22.22
1790679603,22.84
1790679903,22.87
1790680203,22.98
1790680504,23.01
1790680802,23.18
1790681103,22.97
1790681402,23.34
1790681703,22.52
1790682003,21.59
1790682304,23.16
1790682604,22.29
1790682903,23.14
1790683203,23.97
1790683503,23.31
1790683803,22.72
1790684103,22.21
1790684403,23.88
1790684703,23.14
1790685002,21.67
1790685303,23.87
1790685603,22.89
1790685903,22.31
1790686202,23.23
1790686503,21.81
1790686804,22.02
1790687103,23.36
1790687403,21.23
1790687704,23.13
1790688003,21.89
1790688303,22.52
1790688603,23.30
1790688903,22.44
1790689203,20.77
1790689504,21.64
1790689803,23.83
1790690103,21.91
1790690404,22.82
1790690703,23.70
1790691003,22.38
1790691302,22.22
1790691603,22.72
1790691903,22.73
1790692204,23.22
1790692503,22.56
1790692803,23.29
1790693102,20.87
1790693404,23.88
1790693708,22.60
1790694004,22.60
1790694303,23.37
1790694605,22.18
1790694903,23.32
1790695203,23.95
1790695503,23.06
1790695805,22.93
1790696103,22.40
1790696403,23.70
1790696703,22.69
1790697003,22.91
1790697303,22.46
1790697604,23.10
1790697903,21.61
1790698203,23.54
1790698503,23.25
1790698804,22.50
1790699102,23.87
1790699403,24.28
1790699703,21.96
1790700003,23.24
1790700302,23.00
1790700603,22.39
1790700903,23.92
1790701203,23.37
1790701503,22.47
1790701803,23.53
1790702103,23.21
1790702403,21.13
1790702703,23.82
1790703003,24.02
1790703303,22.83
1790703603,23.41
1790703903,22.68
1790704203,22.38
1790704503,22.93
1790704803,22.96
1790705103,21.70
1790705403,22.81
1790705703,21.38
1790706003,22.14
1790706303,22.31
1790706602,22.44
1790706903,22.89
1790707203,23.26
1790707503,22.81
1790707803,22.87
1790708103,22.51
1790708402,22.68
1790708703,23.04
1790709003,23.89
1790709303,23.23
1790709603,22.44
1790709903,23.80
1790710203,22.44
1790710503,21.53
1790710803,23.24
1790711103,23.94
1790711402,23.23
1790711703,23.89
1790712003,23.08
1790712302,22.11
1790712603,22.37
1790712903,23.44
1790713203,23.00
1790713503,22.87
1790713803,21.42
1790714103,23.02
1790714403,22.16
1790714703,22.64
1790715003,23.39
1790715303,22.58
1790715603,22.93
1790715902,23.70
1790716202,21.90
1790716502,22.64
1790716802,22.79
1790717103,22.88
1790717402,23.57
1790717703,22.69
1790718003,23.90
1790718302,22.62
1790718603,22.95
1790718903,23.17
1790719203,21.90
1790719502,22.92
1790719803,23.66
1790720102,22.95
1790720402,23.28
1790720702,22.64
1790721003,23.11
1790721303,20.70
1790721603,23.01
1790721903,22.67
1790722203,23.98
1790722502,23.59
1790722802,23.46
1790723103,23.10
1790723402,22.07
1790723703,22.66
1790724003,23.75
1790724303,22.78
1790724602,22.95
1790724902,22.58
1790725203,23.13
1790725503,23.24
1790725803,22.86
1790726102,21.40
1790726403,22.35
1790726702,23.94
1790727003,22.51
1790727303,22.89
1790727603,23.61
1790727903,22.94
1790728203,22.49
1790728503,23.57
1790728803,23.19
1790729102,23.37
1790729403,22.85
1790729703,23.18
1790730003,22.22
1790730302,22.70
1790730602,23.48
1790730902,23.57
1790731202,22.44
1790731502,22.52
1790731803,23.15
1790732103,22.76
1790732403,22.92
1790732703,23.34
1790733002,21.82
1790733303,23.41
1790733603,22.09
1790733903,22.72
1790734203,21.98
1790734502,22.91
1790734802,21.06
1790735103,21.06
1790735403,22.71
1790735703,22.44
1790736002,22.20
1790736302,23.22
1790736603,23.21
1790736902,22.85
1790737203,23.57
1790737503,23.06
1790737803,20.43
1790738103,23.62
1790738403,23.25
1790738703,21.57
1790739003,23.84
1790739303,21.95
1790739603,22.77
1790739903,23.34
1790740204,22.97
1790740502,22.50
1790740803,21.57
1790741103,23.11
1790741403,21.66
1790741703,23.24
1790742003,23.02
1790742303,22.65
1790742603,22.83
1790742903,22.62
1790743203,22.42
1790743503,23.89
1790743802,22.86
1790744103,23.23
1790744403,22.28
1790744702,23.27
1790745003,22.41
1790745303,23.32
1790745603,20.98
1790745903,22.90
1790746203,23.83
1790746503,22.08
1790746803,23.19
1790747103,23.42
1790747403,22.45
1790747703,23.00
1790748003,22.84
1790748303,22.46
1790748602,23.75
1790748903,22.88
1790749203,22.60
1790749503,24.02
1790749803,23.15
1790750103,21.88
1790750403,22.83
1790750703,23.75
1790751003,23.15
1790751303,23.22
1790751603,21.77
1790751903,23.42
1790752203,22.13
1790752503,21.66
1790752803,23.72
1790753103,23.81
1790753403,23.11
1790753703,22.07
1790754003,22.95
1790754303,21.57
1790754603,23.09
1790754903,23.15
1790755203,21.68
1790755503,22.71
1790755803,22.61
1790756103,23.79
1790756403,22.59
1790756703,23.04
1790757002,22.90
1790757302,22.33
1790757603,21.56
1790757903,21.86
1790758203,22.41
1790758502,23.12
1790758803,22.93
1790759103,22.54
1790759403,23.21
1790759703,22.80
1790760003,22.54
1790760303,23.11
1790760603,22.51
1790760903,22.84
1790761202,23.50
1790761503,22.37
1790761803,22.97
1790762103,20.65
1790762403,22.82
1790762704,22.80
1790763003,22.70
1790763303,23.13
1790763603,23.67
1790763903,22.64
1790764203,23.78
1790764503,23.45
1790764802,22.10
1790765103,23.24
1790765403,22.75
1790765703,23.06
1790766003,22.17
1790766303,22.58
1790766603,23.41
1790766902,22.20
1790767203,23.09
1790767502,23.20
1790767803,23.36
1790768103,22.31
1790768403,22.41
1790768702,23.54
1790769003,22.62
1790769303,21.45
1790769603,23.31
1790769903,22.88
1790770203,23.23
1790770503,22.80
1790770803,21.71
1790771103,23.32
1790771403,23.26
1790771703,22.76
1790772003,23.63
1790772302,22.29
1790772603,23.07
1790772902,20.70
1790773203,22.27
1790773503,23.50
1790773802,22.26
1790774102,23.20
1790774402,22.82
1790774703,22.19
1790775003,23.08
1790775303,23.61
1790775603,22.67
1790775903,23.00
1790776203,23.26
1790776503,21.98
1790776802,23.20
1790777103,21.51
1790777403,23.24
1790777703,22.35
1790778003,23.16
1790778303,21.52
1790778604,22.67
1790778903,23.23
1790779203,21.44
1790779503,23.06
1790779803,23.19
1790780102,22.20
1790780403,24.02
1790780703,22.64
1790781002,23.10
1790781303,23.01
1790781603,22.54
1790781903,22.42
1790782202,23.33
1790782502,22.59
1790782802,23.15
1790783103,20.75
1790783403,23.08
1790783703,21.04
1790784003,22.77
1790784303,22.98
1790784603,23.29
1790784902,22.00
1790785203,22.46
1790785503,22.64
1790785803,22.84
1790786103,22.23
1790786402,23.00
1790786703,23.10
1790787003,21.86
1790787303,22.62
1790787603,23.36
1790787903,23.41
1790788203,22.07
1790788503,21.92
1790788803,23.21
1790789103,23.12
1790789403,23.12
1790789703,23.27
1790790002,22.26
1790790302,22.65
1790790603,23.40
1790790903,22.73
1790791203,23.00
1790791503,22.70
1790791802,22.54
1790792102,23.11
1790792403,22.66
1790792702,23.29
1790793002,21.91
1790793303,23.34
1790793603,23.20
1790793903,22.76
1790794203,23.22
1790794503,22.68
1790794803,22.83
1790795103,23.29
1790795403,22.72
1790795703,20.77
1790796003,22.58
1790796303,23.30
1790796603,21.52
1790796903,23.19
1790797203,23.31
1790797502,22.12
1790797803,22.47
1790798103,22.34
1790798403,23.06
1790798703,22.40
1790799002,21.95
1790799303,23.49
1790799603,24.06
1790799903,22.94
1790800203,20.97
1790800503,22.18
1790800803,23.94
1790801103,21.79
1790801402,23.15
1790801703,22.66
1790802003,22.70
1790802303,22.52
1790802603,22.62
1790802903,23.48
1790803203,22.17
1790803503,22.75
1790803803,20.56
1790804103,22.81
1790804403,23.35
1790804703,22.87
1790805002,22.93
1790805302,23.25
1790805602,23.50
1790805903,22.88
1790806202,22.81
1790806503,22.25
1790806802,23.15
1790807103,21.35
1790807402,23.80
1790807702,23.12
1790808003,22.80
1790808302,23.42
1790808603,22.40
1790808902,23.14
1790809202,22.67
1790809503,23.00
1790809803,23.54
1790810102,22.19
1790810403,22.54
1790810702,23.25
1790811003,22.75
1790811303,21.63
1790811603,23.19
1790811903,22.90
1790812203,22.43
1790812502,22.15
1790812802,23.60
1790813103,23.31
1790813403,22.88
1790813702,23.29
1790814003,22.79
1790814302,23.11
1790814602,23.30
1790814902,22.30
1790815203,23.77
1790815502,22.41
1790815803,22.88
1790816102,23.28
1790816403,22.00
1790816702,23.05
1790817002,21.78
1790817303,22.75
1790817602,22.90
1790817903,22.56
1790818202,22.92
1790818503,23.26
1790818803,23.44
1790819103,23.63
1790819403,23.09
1790819703,22.92
1790820003,22.95
1790820302,21.78
1790820603,22.87
1790820902,23.57
1790821203,23.09
1790821502,22.85
1790821803,23.35
1790822103,23.27
1790822402,22.33
1790822703,22.74
1790823003,22.62
1790823302,23.37
1790823603,22.62
1790823902,23.15
1790824203,24.11
1790824502,22.18
1790824803,23.06
1790825103,22.38
1790825402,23.70
1790825703,20.88
1790826003,22.91
1790826303,23.18
1790826602,23.24
1790826903,22.94
1790827203,22.71
1790827503,23.72
1790827802,22.09
1790828103,22.58
1790828402,22.61
1790828703,22.36
1790829003,22.62
1790829302,23.55
1790829603,21.53
1790829903,21.35
1790830203,23.17
1790830503,23.35
1790830803,22.95
1790831103,22.88
1790831403,22.08
1790831702,23.14
1790832002,23.70
1790832303,22.40
1790832603,23.10
1790832903,22.90
1790833202,22.47
1790833503,21.59
1790833803,22.80
1790834103,22.81
1790834403,23.34
1790834703,22.24
1790835002,23.19
1790835303,22.75
1790835603,22.91
1790835903,22.70
1790836203,22.62
1790836503,23.28
1790836802,21.93
1790837103,22.40
1790837402,23.89
1790837703,21.47
1790838003,23.06
1790838303,23.92
1790838603,21.71
1790838903,22.61
1790839203,22.72
1790839503,22.61
1790839803,23.44
1790840102,23.32
1790840402,23.12
1790840703,21.95
1790841002,22.83
1790841303,22.86
1790841603,22.79
1790841903,23.64
1790842203,23.21
1790842502,23.30
1790842803,23.22
1790843103,22.59
1790843403,22.96
1790843703,21.66
1790844003,22.75
1790844303,23.21
1790844603,21.98
1790844903,23.66
1790845202,22.76
1790845502,22.84
1790845803,23.13
1790846102,20.36
1790846403,22.56
1790846702,23.35
1790847003,22.89
1790847303,22.72
1790847603,23.04
1790847903,22.33
1790848203,22.29
1790848503,22.31
1790848803,22.98
1790849103,23.35
1790849403,22.13
1790849702,22.90
1790850002,22.84
1790850303,22.73
1790850602,23.20
1790850903,22.55
1790851203,21.98
1790851502,21.43
1790851803,22.44
1790852103,23.31
1790852403,21.05
1790852702,22.85
1790853003,23.02
1790853303,22.19
1790853603,22.87
1790853902,23.12
1790854203,21.76
1790854503,22.89
1790854803,22.03
1790855103,23.08
1790855403,23.50
1790855703,22.66
1790856003,22.75
1790856302,21.03
1790856602,22.69
1790856903,23.72
1790857203,21.66
1790857503,22.37
1790857803,22.79
1790858102,22.15
1790858403,23.07
1790858703,23.07
1790859003,23.24
1790859303,22.36
1790859603,22.70
1790859902,23.49
1790860202,22.45
1790860502,22.94
1790860803,23.13
1790861103,22.31
1790861403,22.91
1790861702,21.09
1790862003,22.66
1790862303,23.22
1790862603,23.15
1790862903,21.75
1790863202,22.57
1790863502,21.50
1790863802,22.86
1790864103,23.23
1790864402,22.57
1790864702,22.90
1790865003,23.72
1790865302,22.63
1790865603,23.04
1790865902,23.01
1790866203,21.38
1790866502,22.22
1790866802,22.74
1790867102,23.32
1790867403,23.02
1790867703,23.36
1790868002,21.37
1790868303,22.50
1790868603,22.63
1790868902,21.63
1790869202,23.10
1790869503,23.31
1790869802,21.62
1790870103,23.21
1790870402,23.26
1790870703,22.97
1790871003,22.56
1790871303,22.88
1790871603,22.76
1790871902,22.40
1790872203,23.10
1790872502,22.67
1790872802,22.30
1790873102,22.20
1790873402,22.99
1790873702,22.80
1790874003,22.51
1790874303,22.75
1790874603,22.73
1790874903,22.63
1790875202,23.40
1790875503,23.04
1790875803,22.86
1790876103,23.28
1790876402,23.38
1790876703,23.29
1790877003,23.56
1790877302,23.35
1790877603,22.81
1790877903,22.16
1790878202,21.87
1790878503,21.60
1790878803,23.19
1790879103,23.34
1790879403,22.92
1790879703,22.45
1790880002,23.27
1790880303,22.78
1790880602,23.06
1790880902,20.85
1790881203,22.83
1790881503,22.44
1790881802,23.40
1790882103,22.36
1790882403,22.26
1790882702,22.71
1790883002,22.78
1790883302,23.13
1790883602,23.32
1790883903,21.58
1790884203,22.87
1790884502,23.66
1790884802,22.27
1790885103,22.74
1790885402,23.02
1790885702,23.42
1790886003,23.48
1790886303,21.86
1790886602,23.40
1790886902,22.30
1790887203,23.08
1790887503,22.71
1790887803,22.54
1790888103,23.19
1790888403,22.62
1790888703,21.98
1790889003,23.56
1790889303,23.34
1790889603,22.38
1790889903,22.48
1790890203,22.96
1790890503,22.00
1790890803,22.76
1790891103,23.66
1790891402,21.66
1790891703,23.45
1790892003,23.11
1790892303,23.25
1790892603,22.39
1790892903,22.37
1790893203,22.56
1790893503,22.81
1790893803,22.26
1790894103,23.18
1790894403,22.88
1790894703,23.30
1790895002,22.93
1790895303,22.33
1790895603,22.72
1790895903,23.33
1790896203,21.88
1790896502,23.49
1790896802,23.17
1790897103,22.78
1790897402,22.83
1790897703,23.42
1790898002,22.70
1790898303,22.95
1790898603,21.51
1790898903,22.75
1790899203,22.73
1790899503,22.98
1790899803,23.00
1790900103,22.08
1790900402,21.43
1790900703,22.27
1790901003,23.34
1790901303,23.12
1790901603,23.48
1790901903,22.25
1790902202,22.06
1790902503,22.50
1790902803,23.43
1790903102,22.47
1790903403,23.11
1790903702,22.57
1790904003,22.40
1790904303,23.08
1790904602,23.48
1790904903,23.01
1790905203,21.38
1790905503,22.76
1790905803,22.80
1790906103,23.13
1790906403,22.36
1790906703,22.84
1790907003,21.62
1790907303,23.22
1790907602,23.13
1790907903,21.68
1790908203,23.34
1790908503,23.58
1790908803,22.56
1790909103,22.89
1790909403,22.94
1790909703,23.50
1790910002,23.24
1790910303,21.53
1790910603,23.09
1790910902,23.45
1790911203,23.72
1790911503,22.86
1790911803,23.00
1790912102,23.64
1790912402,21.31
1790912702,23.64
1790913002,22.73
1790913303,22.44
1790913603,23.28
1790913903,21.09
1790914203,22.23
1790914503,23.13
1790914802,21.85
1790915103,22.82
1790915403,23.13
1790915703,22.76
1790916003,22.55
1790916303,22.85
1790916603,23.06
1790916903,21.65
1790917203,22.76
1790917503,22.37
1790917802,23.55
1790918103,22.74
1790918403,23.24
1790918703,22.88
1790919003,23.03
1790919302,23.33
1790919602,23.43
1790919903,23.09
1790920202,23.33
1790920503,23.05
1790920802,23.05
1790921102,21.91
1790921403,22.63
1790921703,22.94
1790922003,23.16
1790922303,22.77
1790922603,23.75
1790922902,23.50
1790923203,22.26
1790923503,21.19
1790923802,22.36
1790924103,23.15
1790924402,23.12
1790924703,22.87
1790925002,23.14
1790925303,21.95
1790925602,22.76
1790925902,23.87
1790926203,22.03
1790926502,23.76
1790926802,23.28
1790927102,21.71
1790927403,23.26
1790927703,20.90
1790928003,22.72
1790928303,22.96
1790928603,22.17
1790928902,21.84
1790929202,23.27
1790929503,22.76
1790929803,22.60
1790930103,23.26
1790930403,22.37
1790930702,21.94
1790931003,21.77
1790931302,22.14
1790931603,23.07
1790931903,23.72
1790932202,21.58
1790932502,22.36
1790932802,22.06
1790933103,23.02
1790933403,23.60
1790933703,22.77
1790934003,22.86
1790934303,23.70
1790934603,22.77
1790934902,22.96
1790935203,21.11
1790935503,22.41
1790935803,23.21
1790936103,22.93
1790936402,22.73
1790936703,23.30
1790937002,23.33
1790937302,23.70
1790937603,24.43
1790937903,23.73
1790938202,24.09
1790938503,23.99
1790938803,23.53
1790939103,23.31
1790939403,23.13
1790939703,22.92
1790940003,23.63
1790940302,20.94
1790940603,22.54
1790940902,23.25
1790941203,22.62
1790941502,23.21
1790941802,23.82
1790942103,23.32
1790942403,22.81
1790942703,22.29
1790943003,22.46
1790943302,22.75
1790943603,20.91
1790943903,21.75
1790944202,23.24
1790944503,21.91
1790944803,23.02
1790945102,21.52
1790945402,22.35
1790945702,23.09
1790946002,23.41
1790946302,22.66
1790946603,22.92
1790946903,20.86
1790947203,22.70
1790947502,22.73
1790947803,22.59
1790948103,24.01
1790948403,23.31
1790948703,23.03
1790949003,23.52
1790949303,23.18
1790949603,23.01
1790949903,23.62
1790950203,23.46
1790950502,23.39
1790950802,23.26
1790951103,21.97
1790951403,22.51
1790951702,23.17
1790952003,22.76
1790952303,22.69
1790952603,21.48
1790952903,22.70
1790953203,23.52
1790953503,23.34
1790953803,22.74
1790954102,23.27
1790954403,22.44
1790954702,22.40
1790955003,22.87
1790955302,22.62
1790955603,22.46
1790955902,23.41
1790956203,23.24
1790956502,22.86
1790956803,23.43
1790957103,22.78
1790957403,22.52
1790957702,23.34
1790958003,21.52
1790958303,22.60
1790958603,21.92
1790958902,22.65
1790959203,23.13
1790959503,22.63
1790959803,22.50
1790960103,23.09
1790960402,22.20
1790960702,21.95
1790961002,22.58
1790961303,21.49
1790961603,22.12
1790961902,22.71
1790962202,21.78
1790962503,22.86
1790962802,23.23
1790963104,23.25
1790963403,23.65
1790963703,22.45
1790964003,23.21
1790964303,23.29
1790964603,22.60
1790964902,23.48
1790965203,23.31
1790965502,22.74
1790965803,23.21
1790966103,23.47
1790966403,22.56
1790966702,22.24
1790967003,22.39
1790967302,23.08
1790967603,23.65
1790967903,23.03
1790968203,23.07
1790968503,22.34
1790968803,23.52
1790969103,22.44
1790969403,22.68
1790969703,22.56
1790970002,23.41
1790970303,21.92
1790970603,23.16
1790970903,21.36
1790971203,21.68
1790971503,22.76
1790971802,23.01
1790972102,23.46
1790972403,23.68
1790972702,21.19
1790973003,22.93
1790973302,22.59
1790973603,22.27
1790973902,23.46
1790974203,23.43
1790974503,21.59
1790974803,23.22
1790975103,23.82
1790975403,22.73
1790975702,22.92
1790976003,22.49
1790976362,21.68
1790976602,23.69
1790976902,22.81
1790977203,22.36
1790977502,22.01
1790977803,22.78
1790978102,23.29
1790978403,22.62
1790978703,22.91
1790979003,23.34
1790979303,21.57
1790979602,21.49
1790979903,20.87
1790980202,22.72
1790980503,23.13
1790980803,23.64
1790981103,22.17
1790981402,23.02
1790981703,22.57
1790982002,22.85
1790982409,22.97
1790982603,22.77
1790982903,22.66
1790983202,22.81
1790983503,22.89
1790983803,23.13
1790984103,23.82
1790984403,22.03
1790984703,22.85
1790985003,22.98
1790985302,22.61
1790985602,22.76
1790985903,22.86
1790986202,22.96
1790986503,22.04
1790986802,22.85
1790987103,22.34
1790987402,22.41
1790987703,23.03
1790988003,23.62
1790988302,22.29
1790988603,23.12
1790988903,22.05
1790989203,23.00
1790989503,23.50
1790989803,22.94
1790990102,23.84
1790990403,23.36
1790990703,21.46
1790991002,22.94
1790991302,23.37
1790991603,23.04
1790991902,23.67
1790992203,22.70
1790992502,22.96
1790992803,22.75
1790993103,22.27
1790993403,23.06
1790993703,23.55
1790994002,22.74
1790994302,23.12
1790994603,22.58
1790994902,23.21
1790995203,23.09
1790995503,22.59
1790995802,22.92
1790996103,21.80
1790996402,23.98
1790996702,23.07
1790997003,22.71
1790997303,23.57
1790997602,23.59
1790997903,22.75
1790998202,23.07
1790998503,23.62
1790998803,23.13
1790999103,22.35
1790999403,22.43
1790999703,21.94
1791000002,23.47
1791000302,21.65
1791000603,23.06
1791000902,23.01
1791001202,21.04
1791001503,22.59
1791001803,23.05
1791002103,22.98
1791002403,22.62
1791002702,23.15
1791003003,22.69
1791003303,22.96
1791003603,21.79
1791003903,22.69
1791004202,22.85
1791004503,23.68
1791004803,22.63
1791005102,23.10
1791005402,23.39
1791005703,22.52
1791006002,22.97
1791006303,22.69
1791006603,22.71
1791006902,23.00
1791007203,22.92
1791007503,22.49
1791007803,23.05
1791008102,22.68
1791008403,23.48
1791008702,23.84
1791009003,21.91
1791009302,22.54
1791009603,23.34
1791009902,22.21
1791010202,22.92
1791010502,23.06
1791010803,22.95
1791011102,21.06
1791011403,23.85
1791011702,23.18
1791012003,21.90
1791012302,23.31
1791012603,23.33
1791012903,22.71
1791013203,23.19
1791013502,22.79
1791013803,21.85
1791014103,23.38
1791014402,22.57
1791014703,21.67
1791015002,22.83
1791015302,22.95
1791015602,22.56
1791015903,23.08
1791016203,23.33
1791016502,22.05
1791016803,22.35
1791017103,23.78
1791017403,22.95
1791017703,22.54
1791018003,22.99
1791018302,22.30
1791018603,23.37
1791018902,23.62
1791019203,23.94
1791019503,23.35
1791019803,22.83
1791020102,22.48
1791020403,23.72
1791020703,23.83
1791021003,23.32
1791021302,22.85
1791021603,23.22
1791021902,22.36
1791022203,23.03
1791022503,22.24
1791022803,22.32
1791023102,22.36
1791023403,22.93
1791023703,22.93
1791024003,22.67
1791024303,22.39
1791024603,21.61
1791024902,22.65
1791025203,22.77
1791025502,20.37
1791025803,22.92
1791026102,23.29
1791026403,23.34
1791026703,23.08
1791027003,23.03
1791027303,22.89
1791027602,22.99
1791027903,22.07
1791028202,22.53
1791028503,22.86
1791028802,22.11
1791029103,22.81
1791029403,22.86
1791029702,22.04
1791030003,22.99
1791030303,23.44
1791030603,22.76
1791030903,23.12
1791031203,23.17
1791031503,22.85
1791031803,23.45
1791032103,21.04
1791032402,22.16
1791032703,23.00
1791033003,21.82
1791033303,23.06
1791033602,23.79
1791033903,22.61
1791034203,22.93
1791034503,22.02
1791034803,22.90
1791035102,23.26
1791035403,20.59
1791035703,22.63
1791036002,22.89
1791036302,22.69
1791036603,23.20
1791036903,23.41
1791037203,23.30
1791037503,23.19
1791037803,23.11
1791038103,22.07
1791038403,23.62
1791038703,23.15
1791039002,22.77
1791039303,22.97
1791039603,23.32
1791039902,21.59
1791040203,22.70
1791040503,21.97
1791040802,22.91
1791041103,22.85
1791041403,21.95
1791041703,22.95
1791042003,23.08
1791042303,22.67
1791042603,23.04
1791042902,21.78
1791043203,22.96
1791043502,22.87
1791043803,20.81
1791044102,23.12
1791044403,23.01
1791044703,22.36
1791045003,22.42
1791045303,21.70
1791045603,24.07
1791045903,21.32
1791046203,22.59
1791046503,23.05
1791046802,20.86
1791047103,23.02
1791047403,21.45
1791047703,22.65
1791048003,22.91
1791048303,22.26
1791048603,23.84
1791048902,23.10
1791049203,23.06
1791049503,22.54
1791049803,22.52
1791050103,22.73
1791050403,23.41
1791050702,23.14
1791051003,20.73
1791051302,22.92
1791051603,23.63
1791051903,22.55
1791052203,21.85
1791052503,23.18
1791052803,22.80
1791053103,22.97
1791053403,22.54
1791053703,22.28
1791054003,23.33
1791054303,22.82
1791054602,22.91
1791054903,22.43
1791055203,22.79
1791055503,23.26
1791055802,23.50
1791056103,22.81
1791056403,22.97
1791056703,22.50
1791057002,22.89
1791057302,23.33
1791057603,23.33
1791057903,22.99
1791058203,23.87
1791058503,23.75
1791058802,23.57
1791059103,23.30
1791059403,22.74
1791059703,23.02
1791060002,23.35
1791060303,22.95
1791060603,23.33
1791060902,23.27
1791061203,23.48
1791061503,22.36
1791061802,23.54
1791062103,22.83
1791062402,23.19
1791062702,21.96
1791063003,22.66
1791063303,23.18
1791063603,22.19
1791063903,22.62
1791064202,23.70
1791064503,22.67
1791064803,23.10
1791065103,23.36
1791065403,22.43
1791065702,22.80
1791066002,23.17
1791066303,21.08
1791066603,22.87
1791066903,21.24
1791067203,24.03
1791067503,22.77
1791067803,22.96
1791068103,23.00
1791068403,22.59
1791068703,22.63
1791069003,23.76
1791069303,22.18
1791069603,17.80
1791069903,23.46
1791070203,21.91
1791070503,22.98
1791070802,22.98
1791071103,23.26
1791071403,22.91
1791071703,22.32
1791072003,21.75
1791072302,23.41
1791072603,22.82
1791072903,23.00
1791073203,23.56
1791073503,22.67
1791073802,23.60
1791074102,21.47
1791074403,22.92
1791074703,23.16
1791075002,23.40
1791075303,21.97
1791075603,23.40
1791075903,22.24
1791076203,22.64
1791076502,23.66
1791076802,21.56
1791077102,23.42
1791077403,23.37
1791077703,23.62
1791078002,22.20
1791078303,21.92
1791078603,23.22
1791078903,23.12
1791079203,23.39
1791079502,23.22
1791079803,22.55
1791080102,23.31
1791080403,24.02
1791080703,23.31
1791081002,23.66
1791081302,23.86
1791081603,23.52
1791081903,23.69
1791082203,22.82
1791082503,22.55
1791082803,23.03
1791083102,22.40
1791083402,23.26
1791083702,22.29
1791084003,22.25
1791084303,21.14
1791084603,22.86
1791084903,22.62
1791085203,22.89
1791085503,23.23
1791085803,23.64
1791086103,21.61
1791086403,22.43
1791086703,23.36
1791087002,22.56
1791087303,23.70
1791087603,21.86
1791087903,20.81
1791088203,23.63
1791088503,21.89
1791088802,23.84
1791089102,20.93
1791089402,23.62
1791089703,21.68
1791090003,23.82
1791090303,21.84
1791090602,22.60
1791090903,23.05
1791091203,23.06
1791091503,23.08
1791091802,22.59
1791092103,22.40
1791092403,23.70
1791092702,21.97
1791093003,22.89
1791093302,22.04
1791093603,23.81
1791093903,21.99
1791094203,23.55
1791094503,22.47
1791094803,22.82
1791095103,23.19
1791095402,22.83
1791095703,23.43
1791096003,23.25
1791096303,22.59
1791096603,23.01
1791096903,23.66
1791097203,22.73
1791097503,22.06
1791097803,22.31
1791098103,22.44
1791098403,22.64
1791098703,23.04
1791099003,23.30
1791099303,22.74
1791099603,23.71
1791099903,22.98
1791100203,23.13
1791100502,23.20
1791100803,22.23
1791101103,23.23
1791101403,23.95
1791101702,21.54
1791102003,22.54
1791102302,24.00
1791102603,22.55
1791102903,23.67
1791103203,22.61
1791103503,23.50
1791103803,22.58
1791104103,23.76
1791104402,22.57
1791104703,23.90
1791105002,22.03
1791105303,23.10
1791105603,21.19
1791105903,23.66
1791106203,22.20
1791106503,23.90
1791106803,23.82
1791107102,22.13
1791107403,23.68
1791107702,23.45
1791108003,23.41
1791108303,22.17
1791108603,23.38
1791108903,23.10
1791109203,23.42
1791109502,22.94
1791109802,22.89
1791110103,23.07
1791110403,21.56
1791110703,23.54
1791111003,22.15
1791111302,23.19
1791111603,20.48
1791111903,23.39
1791112203,21.84
1791112503,23.99
1791112803,23.43
1791113103,21.42
1791113403,22.81
1791113702,22.79
1791114003,23.18
1791114303,22.60
1791114603,22.96
1791114902,22.48
1791115203,23.26
1791115503,20.35
1791115803,22.90
1791116103,23.11
1791116402,22.86
1791116703,20.69
1791117003,22.34
1791117303,23.18
1791117602,22.60
1791117902,23.93
1791118203,23.80
1791118502,22.95
1791118803,23.31
1791119103,22.35
1791119403,22.65
1791119703,21.43
1791120003,22.09
1791120303,22.02
1791120603,23.03
1791120903,22.28
1791121202,22.72
1791121503,23.29
1791121802,22.86
1791122103,22.81
1791122403,23.80
1791122702,23.89
1791123003,23.74
1791123303,23.25
1791123603,22.62
1791123902,22.86
1791124203,22.48
1791124503,22.93
1791124802,23.18
1791125103,23.69
1791125402,24.05
1791125703,24.09
1791126003,22.71
1791126303,21.82
1791126603,22.96
1791126903,20.47
1791127203,21.61
1791127503,21.69
1791127803,21.48
1791128103,22.49
1791128403,22.18
1791128703,23.15
1791129002,22.33
1791129303,23.80
1791129603,23.94
1791129903,24.06
1791130202,23.94
1791130503,23.90
1791130803,23.35
1791131103,23.01
1791131403,20.73
1791131703,14.86
1791132002,20.60
1791132302,16.81
1791132603,16.77
1791132902,23.06
1791133203,22.72
1791133503,23.03
1791133803,23.25
1791134103,22.84
1791134403,23.54
1791134703,23.77
1791135003,22.67
1791135303,23.72
1791135602,23.72
1791135903,23.26
1791136203,23.51
1791136503,22.49
1791136803,22.66
1791137103,16.77
1791137402,16.78
1791137703,15.55
1791138002,22.61
1791138302,23.13
1791138603,23.33
1791138903,23.15
1791139203,22.71
1791139503,22.77
1791139803,23.45
1791140103,22.61
1791140403,23.34
1791140703,23.56
1791141002,22.86
1791141303,23.82
1791141602,22.62
1791141902,23.26
1791142203,22.69
1791142503,23.93
1791142803,23.15
1791143103,22.55
1791143403,23.19
1791143703,19.64
1791144002,16.26
1791144303,15.02
1791144603,21.08
1791144903,20.90
1791145203,20.29
1791145503,22.47
1791145802,19.65
1791146103,23.25
1791146403,23.96
1791146702,23.16
1791147003,23.74
1791147302,23.93
1791147603,23.93
1791147903,23.86
1791148203,23.81
1791148503,23.95
1791148803,23.59
1791149102,23.42
1791149403,23.48
1791149703,23.97
1791150003,23.60
1791150303,23.92
1791150603,23.70
1791150902,17.39
1791151202,16.31
1791151503,13.61
1791151802,16.56
1791152103,16.77
1791152402,20.93
1791152703,21.11
1791153003,20.15
1791153303,23.27
1791153603,19.39
1791153903,23.10
1791154203,23.44
1791154503,22.78
1791154803,21.62
1791155103,23.47
1791155403,23.01
1791155703,23.28
1791156003,22.99
1791156303,22.99
1791156603,23.11
1791156903,23.53
1791157203,21.89
1791157502,23.45
1791157803,22.22
1791158102,23.41
1791158403,22.46
1791158702,23.39
1791159002,22.39
1791159303,22.97
1791159602,23.66
1791159903,17.24
1791160203,18.41
1791160503,21.54
1791160802,22.12
1791161103,20.17
1791161403,17.68
1791161702,21.84
1791162003,17.57
1791162302,19.67
1791162603,20.78
1791162902,19.07
1791163202,16.58
1791163503,21.28
1791163803,23.71
1791164103,16.10
1791164403,23.95
1791164703,23.99
1791165003,24.01
1791165303,22.12
1791165603,23.94
1791165903,23.46
1791166202,22.32
1791166503,23.48
1791166802,23.97
1791167102,24.00
1791167403,23.83
1791167702,24.04
1791168003,22.07
1791168303,23.52
1791168603,23.30
1791168903,23.58
1791169203,23.43
1791169503,23.50
1791169803,22.92
1791170103,23.90
1791170402,23.96
1791170703,23.94
1791171002,23.86
1791171302,23.64
1791171603,24.05
1791171902,23.11
1791172203,23.96
1791172503,23.71
1791172803,23.81
1791173102,23.92
1791173403,22.92
1791173703,23.41
1791174003,23.94
1791174303,23.08
1791174603,23.87
1791174902,23.80
1791175203,24.03
1791175503,23.95
1791175803,23.52
1791176103,24.00
1791176403,23.62
1791176702,23.43
1791177003,23.96
1791177303,24.11
1791177602,23.08
1791177903,23.91
1791178203,23.79
1791178503,23.97
1791178803,24.02
1791179103,23.66
1791179402,23.93
1791179703,23.07
1791180003,23.50
1791180302,23.70
1791180603,24.00
1791180903,24.03
1791181203,24.00
1791181503,21.91
1791181803,23.41
1791182102,24.00
1791182403,23.73
1791182702,23.84
1791183003,22.88
1791183302,23.81
1791183603,24.00
1791183903,23.92
1791184202,23.80
1791184502,23.77
1791184803,23.87
1791185103,24.00
1791185403,23.48
1791185702,23.73
1791186003,23.85
1791186303,23.29
1791186603,24.00
1791186903,24.02
1791187202,23.95
1791187502,23.85
1791187802,24.00
1791188103,23.99
1791188402,18.26
1791188702,21.40
1791189003,22.84
1791189302,19.32
1791189602,22.79
1791189903,17.42
1791190203,17.03
1791190503,18.47
1791190803,22.50
1791191102,21.28
1791191403,23.26
1791191703,22.11
1791192003,23.44
1791192303,23.30
1791192603,23.58
1791192903,21.79
1791193203,21.03
1791193503,20.81
1791193802,17.70
1791194103,17.58
1791194403,15.91
1791194703,17.12
1791195003,22.28
1791195303,22.98
1791195603,20.26
1791195902,23.61
1791196203,23.46
1791196503,23.99
1791196803,23.98
1791197102,23.76
1791197403,23.24
1791197702,23.70
1791198003,23.76
1791198303,24.08
1791198603,24.00
1791198902,24.00
1791199203,23.91
1791199502,23.76
1791199803,23.98
1791200103,23.42
1791200403,24.03
1791200702,24.01
1791201003,24.00
1791201303,23.27
1791201602,22.80
1791201902,23.74
1791202203,23.95
1791202503,24.07
1791202802,24.07
1791203103,23.81
1791203403,23.77
1791203702,23.46
1791204003,24.07
1791204302,23.96
1791204602,24.13
1791204902,23.24
1791205203,23.88
1791205502,21.95
1791205803,24.06
1791206103,23.91
1791206403,23.87
1791206703,23.84
1791207002,23.94
1791207302,23.86
1791207603,23.82
1791207903,24.01
1791208203,23.87
1791208503,23.80
1791208803,23.62
1791209103,23.85
1791209402,15.01
1791209702,21.77
1791210002,22.45
1791210303,23.05
1791210603,22.42
1791210903,21.82
1791211203,23.21
1791211503,22.75
1791211803,22.35
1791212103,23.76
1791212403,23.27
1791212703,23.66
1791213002,22.87
1791213303,23.14
1791213603,23.62
1791213903,23.21
1791214203,19.90
1791214503,21.06
1791214802,22.00
1791215103,16.86
1791215402,22.27
1791215703,23.76
1791216003,19.62
1791216303,22.99
1791216602,23.66
1791216902,24.00
1791217203,23.35
1791217503,23.33
1791217802,23.90
1791218103,23.84
1791218403,23.02
1791218702,22.93
1791219003,23.48
1791219302,24.06
1791219603,23.84
1791219903,23.85
1791220203,23.98
1791220503,22.81
1791220803,23.92
1791221104,23.94
1791221402,23.94
1791221702,24.00
1791222003,23.53
1791222302,23.85
1791222603,23.97
1791222902,23.88
1791223203,23.75
1791223503,21.92
1791223802,23.96
1791224103,23.94
1791224403,24.08
1791224703,23.86
1791225003,24.10
1791225303,23.98
1791225602,23.93
1791225903,23.07
1791226203,23.67
1791226503,23.58
1791226803,23.93
1791227103,24.00
1791227403,23.96
1791227703,23.41
1791228002,23.98
1791228303,23.92
1791228603,23.88
1791228902,23.85
1791229202,23.82
1791229503,23.59
1791229802,24.05
1791230103,23.97
1791230403,20.09
1791230703,23.70
1791231002,23.63
1791231303,23.38
1791231603,21.71
1791231902,22.60
1791232203,22.10
1791232503,23.41
1791232803,24.06
1791233103,24.04
1791233402,23.12
1791233702,23.63
1791234004,22.77
1791234302,23.62
1791234603,24.23
1791234903,24.03
1791235203,20.80
1791235503,22.09
1791235803,23.99
1791236103,20.84
1791236403,23.75
1791236702,23.79
1791237003,23.07
1791237302,23.68
1791237603,24.01
1791237902,23.56
1791238203,23.99
1791238503,23.00
1791238802,24.00
1791239103,23.87
1791239403,24.29
1791239702,24.01
1791240002,23.30
1791240303,23.40
1791240602,23.40
1791240902,24.01
1791241203,23.74
1791241502,24.00
1791241803,23.43
1791242103,23.45
1791242403,23.13
1791242703,23.97
1791243003,23.41
1791243302,24.12
1791243603,23.77
1791243903,23.38
1791244203,23.60
1791244502,23.70
1791244803,23.07
1791245102,23.78
1791245403,23.87
1791245703,23.71
1791246003,23.48
1791246302,23.53
1791246603,23.79
1791246903,23.93
1791247202,22.56
1791247503,24.04
1791247802,23.92
1791248103,23.83
1791248403,23.74
1791248703,22.05
1791249003,17.42
1791249302,23.16
1791249603,23.41
1791249902,23.59
1791250202,22.53
1791250503,23.29
1791250803,23.66
1791251103,23.87
1791251403,23.82
1791251703,22.98
1791252002,23.54
1791252303,23.33
1791252603,23.45
1791252903,24.02
1791253203,23.02
1791253503,23.78
1791253802,21.57
1791254103,22.26
1791254403,23.81
1791254702,23.87
1791255003,22.94
1791255303,23.18
1791255602,22.46
1791255903,23.01
1791256203,23.67
1791256503,23.60
1791256802,23.85
1791257103,23.04
1791257403,23.11
1791257703,23.07
1791258003,22.66
1791258302,23.52
1791258603,23.89
1791258903,23.83
1791259202,24.06
1791259502,22.38
1791259803,22.98
1791260103,23.19
1791260403,22.87
1791260703,23.54
1791261003,23.48
1791261302,23.75
1791261603,23.77
1791261903,23.98
1791262203,23.94
1791262503,22.84
1791262803,23.17
1791263103,23.42
1791263403,23.50
1791263702,23.60
1791264003,23.67
1791264303,23.74
1791264603,23.72
1791264903,23.22
1791265202,23.74
1791265503,22.06
1791265803,23.00
1791266102,23.50
1791266403,23.42
1791266703,23.73
1791267003,23.76
1791267303,23.99
1791267603,24.06
1791267902,22.08
1791268203,21.75
1791268502,23.76
1791268802,23.40
1791269102,23.34
1791269402,24.08
1791269703,23.61
1791270003,22.81
1791270303,22.27
1791270603,23.94
1791270902,23.73
1791271203,23.86
1791271503,23.05
1791271802,23.71
1791272103,23.31
1791272403,23.40
1791272703,21.59
1791273002,24.00
1791273303,23.78
1791273603,24.08
1791273902,24.00
1791274203,23.97
1791274503,24.04
1791274803,23.92
1791275103,24.02
1791275403,23.88
1791275702,23.79
1791276003,23.95
1791276303,23.93
1791276603,23.96
1791276902,23.95
1791277203,23.31
1791277503,22.52
1791277802,23.30
1791278102,23.07
1791278402,23.99
1791278703,23.61
1791279003,23.91
1791279303,24.11
1791279602,24.00
1791279902,23.97
1791280203,23.86
1791280503,23.94
1791280803,23.66
1791281103,23.44
1791281402,22.96
1791281703,22.86
1791282003,23.84
1791282303,23.76
1791282602,24.02
1791282903,23.96
1791283203,23.98
1791283503,23.98
1791283803,23.90
1791284103,24.02
1791284402,23.60
1791284703,23.95
1791285003,23.78
1791285303,23.96
1791285603,23.74
1791285903,23.83
1791286203,23.89
1791286502,23.59
1791286802,23.98
1791287103,21.78
1791287402,21.95
1791287702,23.81
1791288003,23.74
1791288303,24.02
1791288602,23.84
1791288903,23.71
1791289203,23.34
1791289502,23.55
1791289803,24.00
1791290103,23.35
1791290403,23.65
1791290702,23.91
1791291003,39.09
1791291303,37.63
1791291604,38.79
1791291902,39.22
1791292203,38.56
1791292503,38.29
1791292803,35.98
1791293103,38.25
1791293402,38.98
1791293703,37.04
1791294002,39.20
1791294303,37.64
1791294603,38.37
1791294902,38.43
1791295203,38.54
1791295502,39.11
1791295803,36.97
1791296102,39.28
1791296403,38.80
1791296703,38.02
1791297003,38.79
1791297303,37.85
1791297603,38.00
1791297902,36.47
1791298203,38.54
1791298502,37.64
1791298802,36.15
1791299103,39.20
1791299403,38.03
1791299703,37.29
1791300003,37.72
1791300302,38.99
1791300603,38.17
1791300903,37.16
1791301203,38.88
1791301503,38.46
1791301803,38.92
1791302103,37.09
1791302403,37.09
1791302703,37.25
1791303002,37.11
1791303303,37.63
1791303602,37.88
1791303902,37.22
1791304203,37.11
1791304502,37.18
1791304803,37.34
1791305102,36.90
1791305403,38.35
1791305703,39.01
1791306003,37.89
1791306303,37.00
1791306602,31.08
1791306903,29.74
1791307203,30.45
1791307503,30.45
1791307802,29.64
1791308103,28.89
1791308403,28.58
1791308702,29.82
1791309003,31.17
1791309303,29.86
1791309603,29.67
1791309903,29.97
1791310202,29.64
1791310503,30.65
1791310803,28.43
1791311103,29.02
1791311403,29.72
1791311703,31.15
1791312003,28.85
1791312302,28.25
1791312603,28.60
1791312903,30.37
1791313203,28.66
1791313503,29.49
1791313803,30.35
1791314103,28.80
1791314402,29.35
1791314703,29.41
1791315003,30.22
1791315302,30.28
1791315603,30.93
1791315903,30.36
1791316203,29.63
1791316502,29.81
1791316803,31.46
1791317103,30.84
1791317403,29.04
1791317703,30.81
1791318003,30.71
1791318303,29.30
1791318602,30.48
1791318903,30.15
1791319203,30.14
1791319503,30.73
1791319802,30.91
1791320103,28.89
1791320402,30.14
1791320702,30.45
1791321003,29.01
1791321303,31.33
1791321603,30.48
1791321902,28.00
1791322203,30.22
1791322503,29.90
1791322803,29.68
1791323103,31.28
1791323403,30.21
1791323703,29.74
1791324003,31.17
1791324302,30.95
1791324603,30.57
1791324903,30.44
1791325203,30.60
1791325503,29.68
1791325802,30.39
1791326103,30.45
1791326403,30.61
1791326703,30.92
1791327003,30.26
1791327303,30.27
1791327604,29.90
1791327902,29.37
1791328202,30.42
1791328503,30.53
1791328803,30.08
1791329102,30.61
1791329402,30.16
1791329702,29.29
1791330003,30.08
1791330303,29.62
1791330603,31.31
1791330902,30.72
1791331203,28.12
1791331502,30.30
1791331802,30.48
1791332103,29.72
1791332402,27.69
1791332703,31.03
1791333002,30.25
1791333303,29.68
1791333603,31.16
1791333902,30.28
1791334203,30.45
1791334503,29.45
1791334803,29.92
1791335103,29.68
1791335403,29.86
1791335703,29.96
1791336002,28.97
1791336303,29.30
1791336603,30.73
1791336903,31.29
1791337203,30.83
1791337502,29.27
1791337803,29.54
1791338102,31.04
1791338403,30.56
1791338703,30.41
1791339003,30.25
1791339302,30.99
1791339602,30.63
1791339903,29.74
1791340203,28.93
1791340502,30.33
1791340802,29.99
1791341103,30.31
1791341403,27.79
1791341702,27.66
1791342003,29.37
1791342302,30.34
1791342602,30.99
1791342903,30.28
1791343203,30.60
1791343503,30.87
1791343803,30.93
1791344103,30.12
1791344403,29.70
1791344703,29.57
1791345003,30.27
1791345302,30.52
1791345603,30.66
1791345902,30.22
1791346203,28.08
1791346503,31.03
1791346802,30.79
1791347103,29.48
1791347402,31.47
1791347703,29.83
1791348002,27.62
1791348303,29.76
1791348602,30.49
1791348903,29.77
1791349202,27.42
1791349503,30.30
1791349802,30.49
1791350103,30.08
1791350403,29.26
1791350702,27.88
1791351003,29.90
1791351302,29.25
1791351602,27.59
1791351903,30.50
1791352203,29.73
1791352503,28.73
1791352802,29.93
1791353103,29.56
1791353402,29.88
1791353703,29.45
1791354003,30.15
1791354303,30.70
1791354603,29.66
1791354903,29.62
1791355202,30.62
1791355502,29.90
1791355802,31.21
1791356103,30.45
1791356403,29.75
1791356703,28.35
1791357002,29.78
1791357303,28.98
1791357603,29.89
1791357902,29.95
1791358203,30.01
1791358503,28.79
1791358803,29.03
1791359103,29.37
1791359403,29.93
1791359703,29.51
1791360002,29.74
1791360303,31.50
1791360602,30.63
1791360902,31.54
1791361203,29.43
1791361503,30.46
1791361803,28.50
1791362102,29.68
1791362402,30.46
1791362703,30.25
1791363003,30.68
1791363303,29.19
1791363603,30.19
1791363903,28.93
1791364203,30.88
1791364502,29.58
1791364802,30.61
1791365103,29.54
1791365403,29.42
1791365703,30.83
1791366003,30.93
1791366303,29.83
1791366603,29.13
1791366903,28.05
1791367203,30.92
1791367503,31.34
1791367802,29.41
1791368103,29.34
1791368403,29.68
1791368703,30.61
1791369002,31.18
1791369302,29.85
1791369603,30.38
1791369903,30.34
1791370202,28.69
1791370502,30.78
1791370802,30.88
1791371103,30.34
1791371403,28.90
1791371703,29.23
1791372003,29.52
1791372302,30.32
1791372602,30.84
1791372902,28.79
1791373203,30.33
1791373502,31.22
1791373802,30.37
1791374103,29.47
1791374402,29.77
1791374703,29.03
1791375002,30.25
1791375302,30.33
1791375602,30.51
1791375903,29.79
1791376203,27.23
1791376502,29.97
1791376803,30.30
1791377103,28.73
1791377403,28.46
1791377703,31.13
1791378003,29.56
1791378303,27.57
1791378602,29.44
1791378903,29.60
1791379203,30.53
1791379503,30.43
1791379803,29.79
1791380103,29.69
1791380402,29.97
1791380702,29.22
1791381003,31.03
1791381303,28.57
1791381603,28.91
1791381902,28.75
1791382202,29.04
1791382502,25.38
1791382803,65.57
1791383102,65.62
1791383403,47.23
1791383702,29.18
1791384003,30.13
1791384302,31.40
1791384603,28.82
1791384902,30.14
1791385203,28.46
1791385503,29.84
1791385803,30.55
1791386103,29.59
1791386403,31.06
1791386703,29.95
1791387002,28.72
1791387303,30.78
1791387603,29.34
1791387903,29.34
1791388203,30.59
1791388502,29.00
1791388803,31.20
1791389102,29.61
1791389403,29.52
1791389702,29.64
1791390003,28.86
1791390303,28.50
1791390603,30.98
1791390903,29.07
1791391203,30.00
1791391502,29.57
1791391803,28.37
1791392103,29.73
1791392402,30.18
1791392703,29.06
1791393003,28.61
1791393303,29.96
1791393603,29.50
1791393903,31.24
1791394203,30.07
1791394502,30.67
1791394803,29.16
1791395103,28.78
1791395403,28.69
1791395702,29.66
1791396002,30.99
1791396303,29.70
1791396603,29.58
1791396903,29.57
1791397202,28.12
1791397503,31.09
1791397803,29.48
1791398103,30.10
1791398403,30.08
1791398703,30.32
1791399003,29.92
1791399303,29.09
1791399603,29.91
1791399902,30.59
1791400203,30.87
1791400503,30.60
1791400803,31.23
1791401103,30.39
1791401403,29.33
1791401702,30.20
1791402002,29.82
1791402303,28.78
1791402603,30.34
1791402903,30.94
1791403202,29.75
1791403503,31.07
1791403802,30.92
1791404102,28.49
1791404403,29.77
1791404703,29.39
1791405002,30.50
1791405302,28.72
1791405602,31.46
1791405902,31.32
1791406203,30.51
1791406502,30.72
1791406803,30.45
1791407102,30.74
1791407403,30.75
1791407702,29.14
1791408003,30.14
1791408303,30.68
1791408602,30.14
1791408903,30.04
1791409202,30.81
1791409503,29.85
1791409802,30.45
1791410103,30.81
1791410403,30.34
1791410702,31.08
1791411002,31.07
1791411303,29.72
1791411603,29.46
1791411903,27.72
1791412203,30.82
1791412503,29.76
1791412803,29.71
1791413102,29.39
1791413402,28.39
1791413702,29.46
1791414003,30.54
1791414302,29.26
1791414602,30.80
1791414903,29.13
1791415203,29.36
1791415503,28.89
1791415803,29.87
1791416102,29.80
1791416403,29.50
1791416703,30.28
1791417002,29.65
1791417302,29.78
1791417603,30.07
1791417903,29.76
1791418203,30.66
1791418502,29.45
1791418803,30.06
1791419102,30.37
1791419402,31.24
1791419703,30.10
1791420003,30.34
1791420302,29.56
1791420603,27.74
1791420903,30.66
1791421203,29.36
1791421503,30.85
1791421803,29.92
1791422103,30.09
1791422403,28.68
1791422702,29.62
1791423003,30.51
1791423303,29.86
1791423603,29.94
1791423903,29.83
1791424203,29.99
1791424502,29.32
1791424803,28.98
1791425102,28.88
1791425403,30.10
1791425703,30.83
1791426002,30.61
1791426302,29.59
1791426603,30.59
1791426903,29.61
1791427203,30.89
1791427503,31.13
1791427803,30.31
1791428103,29.96
1791428402,29.75
1791428703,30.42
1791429003,30.00
1791429303,30.27
1791429602,30.13
1791429903,30.90
1791430202,30.60
1791430502,28.30
1791430803,31.03
1791431103,30.18
1791431403,30.53
1791431703,29.77
1791432003,28.87
1791432303,30.92
1791432603,30.74
1791432902,29.75
1791433203,31.32
1791433503,29.00
1791433803,29.09
1791434102,29.80
1791434402,30.00
1791434703,29.97
1791435003,29.91
1791435303,29.09
1791435603,29.75
1791435902,29.94
1791436203,30.63
1791436503,29.69
1791436803,30.11
1791437103,29.94
1791437403,30.20
1791437703,29.98
1791438002,30.58
1791438303,29.76
1791438603,28.68
1791438903,29.75
1791439204,29.87
1791439502,31.03
1791439803,29.33
1791440102,29.57
1791440402,29.18
1791440703,30.94
1791441002,31.06
1791441302,30.00
1791441603,29.76
1791441902,30.52
1791442203,29.80
1791442503,30.66
1791442803,29.57
1791443103,29.99
1791443403,30.05
1791443703,30.66
1791444002,30.10
1791444303,30.62
1791444603,29.20
1791444903,29.88
1791445203,29.97
1791445503,28.92
1791445803,29.89
1791446103,30.70
1791446403,30.10
1791446702,27.94
1791447003,30.56
1791447303,31.05
1791447603,29.45
1791447903,31.31
1791448202,30.20
1791448503,31.77
1791448803,30.52
1791449103,31.68
1791449402,31.18
1791449703,30.69
1791450003,30.09
1791450303,26.92
1791450603,29.58
1791450903,29.96
1791451203,29.96
1791451503,30.58
1791451803,30.98
1791452103,29.95
1791452402,29.82
1791452702,30.99
1791453003,29.24
1791453303,30.44
1791453603,30.93
1791453902,31.11
1791454203,31.00
1791454503,31.14
1791454803,30.49
1791455102,29.91
1791455403,30.11
1791455703,29.47
1791456003,30.77
1791456303,29.04
1791456603,28.66
1791456903,31.08
1791457203,30.91
1791457502,30.23
1791457803,30.42
1791458103,30.46
1791458403,30.69
1791458703,30.42
1791459002,29.69
1791459303,31.31
1791459603,30.75
1791459902,30.90
1791460203,31.13
1791460502,30.13
1791460803,30.52
1791461103,31.18
1791461403,29.70
1791461702,31.04
1791462003,30.51
1791462303,30.76
1791462623,29.46
1791462903,30.17
1791463202,31.08
1791463502,30.01
1791463803,30.95
1791464103,29.75
1791464403,30.89
1791464703,30.29
1791465003,29.90
1791465303,29.49
1791465602,29.62
1791465902,29.84
1791466203,30.68
1791466502,30.47
1791466803,30.10
1791467103,30.14
1791467403,29.48
1791467703,30.51
1791468003,30.60
1791468303,28.96
1791468603,29.86
1791468903,30.21
1791469203,30.24
1791469503,30.26
1791469803,29.81
1791470103,30.98
1791470409,30.71
1791470703,29.39
1791471003,29.28
1791471303,29.83
1791471603,30.39
1791471904,29.30
1791472203,30.69
1791472505,29.63
1791472803,29.83
1791473103,29.61
1791473403,30.72
1791473703,29.39
1791474003,30.67
1791474305,28.93
1791474603,30.15
1791474903,28.40
1791475202,29.22
1791475502,29.05
1791475803,28.63
1791476103,28.05
1791476403,29.13
1791476702,29.68
1791477003,27.56
1791477303,27.86
1791477603,20.96
1791477902,29.23
1791478203,28.98
1791478503,30.54
1791478803,29.94
1791479103,31.54
1791479403,30.27
1791479702,31.01
1791480003,30.88
1791480303,28.97
1791480602,28.43
1791480903,31.41
1791481203,30.88
1791481503,30.77
1791481802,29.40
1791482103,31.25
1791482403,29.16
1791482703,30.94
1791483003,29.62
1791483303,30.35
1791483603,30.07
1791483903,30.86
1791484202,30.12
1791484503,31.15
1791484803,29.79
1791485103,28.22
1791485402,30.40
1791485703,29.47
1791486003,30.42
1791486303,29.75
1791486602,29.98
1791486903,30.26
1791487203,29.58
1791487502,30.55
1791487802,31.22
1791488103,31.02
1791488403,30.08
1791488703,29.54
1791489003,30.37
1791489302,30.57
1791489601,0.39
1791489903,0.00
1791490201,0.00
1791490502,0.00
1791490801,0.00
1791491102,0.00
1791491401,0.31
1791491702,0.00
1791492001,0.00
1791492301,0.00
1791492601,0.00
1791492901,0.13
1791493201,0.00
1791493501,0.13
1791493801,0.27
1791494101,0.14
1791494401,0.00
1791494701,0.00
1791495002,0.00
1791495301,0.00
1791495602,0.00
1791495901,0.01
1791496201,0.00
1791496503,0.08
1791496803,0.08
1791497103,0.00
1791497403,0.00
1791497702,0.00
1791498002,0.00
1791498303,0.00
1791498603,0.08
1791498903,0.00
1791499202,0.00
1791499503,0.00
1791499803,0.00
1791500103,0.00
1791500403,0.00
1791500702,0.00
1791501002,0.08
1791501303,0.06
1791501603,0.00
1791501903,0.00
1791502202,0.00
1791502503,0.00
1791502803,0.04
1791503103,0.00
1791503403,0.00
1791503702,0.00
1791504003,0.00
1791504302,0.00
1791504602,0.00
1791504902,0.00
1791505203,0.00
1791505503,0.00
1791505802,0.00
1791506103,0.03
1791506403,0.00
1791506703,0.00
1791507002,0.00
1791507303,0.00
1791507603,0.00
1791507902,0.00
1791508203,0.00
1791508502,0.00
1791508803,0.00
1791509103,0.00
1791509402,0.00
1791509703,0.01
1791510003,0.00
1791510303,0.00
1791510602,0.00
1791510903,0.01
1791511203,0.00
1791511503,0.00
1791511803,0.00
1791512102,0.00
1791512403,0.00
1791512703,0.00
1791513003,0.00
1791513302,0.00
1791513603,0.03
1791513903,0.00
1791514202,0.00
1791514503,0.00
1791514803,0.01
1791515103,0.00
1791515403,0.00
1791515703,0.00
1791516003,0.00
1791516302,0.06
1791516603,0.00
1791516903,0.00
1791517203,0.00
1791517502,0.00
1791517803,0.00
1791518103,0.00
1791518402,0.03
1791518703,0.00
1791519002,0.16
1791519303,0.00
1791519603,0.01
1791519902,0.08
1791520203,0.00
1791520503,0.00
1791520802,0.00
1791521103,0.00
1791521403,0.00
1791521703,0.00
1791522002,0.00
1791522303,0.08
1791522603,0.16
1791522903,0.00
1791523203,0.10
1791523503,0.00
1791523802,0.00
1791524102,0.04
1791524403,0.06
1791524703,0.00
1791525003,0.08
1791525303,0.00
1791525603,0.00
1791525903,0.00
1791526203,0.00
1791526503,0.08
1791526802,0.08
1791527103,0.00
1791527402,0.00
1791527703,0.00
1791528003,0.00
1791528303,0.00
1791528603,0.00
1791528903,0.00
1791529203,0.00
1791529502,0.00
1791529803,0.02
1791530103,0.00
1791530402,0.00
1791530703,0.00
1791531003,0.00
1791531302,0.01
1791531602,0.00
1791531903,0.00
1791532203,0.00
1791532503,0.00
1791532802,0.00
1791533102,0.00
1791533403,0.00
1791533703,0.00
1791534002,0.00
1791534303,0.00
1791534603,0.02
1791534902,0.04
1791535203,0.00
1791535502,0.00
1791535803,0.00
1791536102,0.00
1791536403,0.00
1791536702,0.00
1791537003,0.00
1791537303,0.00
1791537602,0.00
1791537902,0.00
1791538203,0.00
1791538502,0.00
1791538803,0.00
1791539103,0.00
1791539402,0.00
1791539702,0.02
1791540003,0.00
1791540303,0.00
1791540603,0.00
1791540903,0.00
1791541202,0.00
1791541503,0.00
1791541802,0.00
1791542102,0.00
1791542402,0.00
1791542703,0.00
1791543003,0.00
1791543303,0.00
1791543603,0.00
1791543903,0.00
1791544203,0.00
1791544502,0.11
1791544802,0.04
1791545103,0.00
1791545403,0.08
1791545702,0.08
1791546003,0.00
1791546303,0.00
1791546602,0.00
1791546903,0.00
1791547203,0.00
1791547502,0.00
1791547803,0.00
1791548103,4.47
1791548403,7.17
1791548703,6.89
1791549003,6.87
1791549303,7.10
1791549602,7.00
1791549902,7.08
1791550203,5.97
1791550503,6.75
1791550803,6.75
1791551102,7.10
1791551403,7.32
1791551703,7.09
1791552003,7.07
1791552303,7.65
1791552603,6.83
1791552903,6.35
1791553203,7.74
1791553503,7.22
1791553802,7.23
1791554103,6.26
1791554403,6.44
1791554703,7.47
1791555003,7.64
1791555302,7.31
1791555603,6.78
1791555903,6.89
1791556202,6.65
1791556502,7.43
1791556803,7.06
1791557103,7.72
1791557403,7.22
1791557702,7.53
1791558003,6.81
1791558303,7.64
1791558603,7.39
1791558903,7.65
1791559202,6.38
1791559503,6.76
1791559802,6.90
1791560102,7.11
1791560402,7.29
1791560703,6.76
1791561003,6.72
1791561303,7.26
1791561603,6.89
1791561902,6.82
1791562203,7.24
1791562503,7.43
1791562803,7.37
1791563103,6.67
1791563403,7.73
1791563702,7.11
1791564003,7.37
1791564303,6.67
1791564603,7.18
1791564903,6.16
1791565203,6.86
1791565502,7.72
1791565803,6.87
1791566102,6.75
1791566403,7.41
1791566702,7.23
1791567002,6.46
1791567303,6.83
1791567602,6.51
1791567903,6.68
1791568203,7.03
1791568503,7.51
1791568803,6.47
1791569103,6.94
1791569403,6.46
1791569703,6.69
1791570003,6.33
1791570302,7.11
1791570603,6.15
1791570903,7.72
1791571203,5.66
1791571502,6.60
1791571803,6.84
1791572102,6.51
1791572402,6.66
1791572703,6.68
1791573003,7.34
1791573303,7.25
1791573603,7.43
1791573903,6.79
1791574203,6.95
1791574502,6.40
1791574803,7.43
1791575103,7.05
1791575402,7.36
1791575703,6.58
1791576003,6.69
1791576302,7.04
1791576603,7.05
1791576902,6.56
1791577203,7.21
1791577503,6.83
1791577802,7.30
1791578103,7.08
1791578403,7.11
1791578702,6.89
1791579002,6.97
1791579303,6.98
1791579603,5.49
1791579902,7.17
1791580203,7.72
1791580503,6.94
1791580803,7.73
1791581103,5.91
1791581403,7.21
1791581703,7.89
1791582002,6.62
1791582302,7.64
1791582602,7.18
1791582902,7.56
1791583202,7.02
1791583503,7.45
1791583802,7.58
1791584103,6.08
1791584403,6.99
1791584702,6.26
1791585003,6.66
1791585302,7.64
1791585602,6.75
1791585902,7.50
1791586203,7.27
1791586503,6.97
1791586803,7.57
1791587103,7.47
1791587402,6.82
1791587703,7.38
1791588003,7.09
1791588302,7.42
1791588602,7.11
1791588903,7.64
1791589202,7.33
1791589503,6.65
1791589803,7.48
1791590102,5.59
1791590402,6.72
1791590703,5.78
1791591002,7.06
1791591303,7.21
1791591603,6.96
1791591902,6.94
1791592203,6.38
1791592503,6.45
1791592802,7.57
1791593103,7.40
1791593403,7.49
1791593703,7.43
1791594003,7.45
1791594302,6.87
1791594603,7.70
1791594903,7.77
1791595203,6.80
1791595502,7.34
1791595803,7.49
1791596103,6.95
1791596403,7.53
1791596702,6.45
1791597002,6.45
1791597303,7.48
1791597603,6.75
1791597902,7.08
1791598203,7.40
1791598502,7.16
1791598803,5.76
1791599103,6.90
1791599402,6.59
1791599702,7.06
1791600003,6.95
1791600302,7.28
1791600603,7.16
1791600903,6.96
1791601202,7.79
1791601503,7.52
1791601803,6.82
1791602103,6.16
1791602402,7.04
1791602703,6.86
1791603002,7.34
1791603303,7.19
1791603603,7.90
1791603902,7.30
1791604203,7.86
1791604503,5.58
1791604802,6.92
1791605103,7.60
1791605403,6.87
1791605703,7.09
1791606003,7.07
1791606302,6.52
1791606603,7.75
1791606903,6.23
1791607202,6.75
1791607503,7.05
1791607803,6.72
1791608102,7.27
1791608402,7.63
1791608703,7.59
1791609003,7.33
1791609303,6.78
1791609602,6.68
1791609903,6.75
1791610203,7.94
1791610502,7.10
1791610803,6.09
1791611103,7.09
1791611403,6.56
1791611703,7.09
1791612003,7.30
1791612302,7.35
1791612603,6.57
1791612903,7.11
1791613203,5.57
1791613502,7.16
1791613803,5.97
1791614103,6.74
1791614403,7.25
1791614703,7.76
1791615003,7.06
1791615302,5.94
1791615603,7.27
1791615903,6.16
1791616203,6.15
1791616502,6.81
1791616803,7.36
1791617103,7.29
1791617402,6.82
1791617703,6.32
1791618002,6.58
1791618303,6.71
1791618603,7.29
1791618903,6.89
1791619203,7.66
1791619502,7.45
1791619803,6.62
1791620103,7.35
1791620402,6.58
1791620703,7.70
1791621002,7.21
1791621303,7.10
1791621602,7.58
1791621903,7.18
1791622202,7.06
1791622503,7.33
1791622803,7.47
1791623102,7.33
1791623402,7.20
1791623702,7.93
1791624002,7.76
1791624303,7.29
1791624603,7.68
1791624903,7.26
1791625202,7.03
1791625502,7.07
1791625803,7.06
1791626102,7.43
1791626403,7.76
1791626703,7.47
1791627002,6.42
1791627303,6.95
1791627603,6.09
1791627903,7.21
1791628203,6.84
1791628502,6.98
1791628803,7.88
1791629103,7.52
1791629403,7.97
1791629703,7.17
1791630002,6.48
1791630303,7.85
1791630603,6.23
1791630903,7.64
1791631203,7.83
1791631503,7.60
1791631802,7.35
1791632103,6.95
1791632403,7.15
1791632702,6.86
1791633003,6.37
1791633303,7.33
1791633603,7.25
1791633903,6.68
1791634202,6.82
1791634503,6.45
1791634803,6.62
1791635103,7.07
1791635403,7.04
1791635702,6.89
1791636003,7.05
1791636303,7.68
1791636602,6.86
1791636903,6.48
1791637202,7.06
1791637502,7.03
1791637803,6.95
1791638102,6.99
1791638403,7.11
1791638703,6.56
1791639003,7.18
1791639302,7.85
1791639603,6.38
1791639903,6.08
1791640202,5.75
1791640502,7.67
1791640803,5.87
1791641102,6.08
1791641403,6.67
1791641703,6.72
1791642002,6.86
1791642303,7.53
1791642603,7.16
1791642902,7.52
1791643203,7.12
1791643503,6.24
1791643803,5.79
1791644102,6.00
1791644403,6.55
1791644702,7.27
1791645003,7.44
1791645303,7.23
1791645602,6.71
1791645903,6.99
1791646202,7.34
1791646503,7.30
1791646803,7.59
1791647103,6.80
1791647403,6.89
1791647702,5.50
1791648002,7.71
1791648303,6.63
1791648602,7.32
1791648902,7.16
1791649202,6.12
1791649503,5.78
1791649802,7.05
1791650103,7.41
1791650403,7.09
1791650703,7.15
1791651003,7.09
1791651302,7.64
1791651603,5.80
1791651903,6.53
1791652203,5.57
1791652503,7.45
1791652803,6.33
1791653102,6.97
1791653403,7.00
1791653703,6.98
1791654003,6.91
1791654302,6.77
1791654603,7.29
1791654903,7.71
1791655202,7.14
1791655503,6.83
1791655802,7.20
1791656103,6.97
1791656403,7.39
1791656703,6.73
1791657002,7.08
1791657302,6.17
1791657603,6.35
1791657903,6.71
