1788869968,0.10
1788870003,0.06
1788870014,0.18
1788870302,0.00
1788870603,0.00
1788870902,0.00
1788871203,0.00
1788871503,0.01
1788871803,0.00
1788872103,0.07
1788872403,0.01
1788872703,0.00
1788873003,0.63
1788873303,1.17
1788873603,1.26
1788873902,18.88
1788874203,20.50
1788874503,20.46
1788874803,20.16
1788875103,20.08
1788875402,20.05
1788875702,20.05
1788876004,20.05
1788876304,20.00
1788876603,20.16
1788876904,20.21
1788877203,20.03
1788877503,20.70
1788877803,20.46
1788878102,39.27
1788878402,40.21
1788878702,40.15
1788879002,40.11
1788879303,40.08
1788879603,21.64
1788879903,21.13
1788880203,21.08
1788880503,20.34
1788880802,20.20
1788881102,21.13
1788881403,21.17
1788881703,21.12
1788882003,21.18
1788882303,21.06
1788882603,20.56
1788882903,38.18
1788883202,40.09
1788883503,40.02
1788883803,40.05
1788884103,40.09
1788884403,21.87
1788884703,21.02
1788885002,21.00
1788885303,21.11
1788885603,20.89
1788885903,20.31
1788886202,20.06
1788886503,20.31
1788886803,20.11
1788887103,20.08
1788887403,20.06
1788887703,20.20
1788888003,20.03
1788888303,20.06
1788888603,20.04
1788888902,20.07
1788889203,20.06
1788889503,20.13
1788889802,20.25
1788890103,20.07
1788890403,20.00
1788890702,20.02
1788891002,20.00
1788891303,20.02
1788891603,20.03
1788891903,20.01
1788892203,20.00
1788892503,20.00
1788892803,20.00
1788893103,20.07
1788893404,20.17
1788893703,20.00
1788894003,20.12
1788894303,20.03
1788894603,20.25
1788894902,20.11
1788895203,20.03
1788895503,20.00
1788895803,20.09
1788896103,20.20
1788896403,20.16
1788896703,20.01
1788897003,20.06
1788897303,20.00
1788897602,20.05
1788897903,20.01
1788898203,20.05
1788898503,20.16
1788898803,20.12
1788899103,20.04
1788899403,20.07
1788899702,20.09
1788900002,20.00
1788900303,20.04
1788900603,20.06
1788900903,20.00
1788901203,20.00
1788901503,20.02
1788901803,20.07
1788902102,20.03
1788902403,20.01
1788902703,20.01
1788903003,20.03
1788903302,20.10
1788903603,20.10
1788903903,20.00
1788904203,20.00
1788904503,20.02
1788904803,20.00
1788905103,20.11
1788905403,20.17
1788905703,20.05
1788906003,20.06
1788906303,20.01
1788906603,20.09
1788906902,20.00
1788907203,20.06
1788907503,20.07
1788907803,20.00
1788908103,20.09
1788908403,20.18
1788908703,20.02
1788909003,20.08
1788909302,20.00
1788909602,20.16
1788909902,20.00
1788910203,20.11
1788910502,20.01
1788910803,20.00
1788911103,20.00
1788911403,20.19
1788911703,20.00
1788912003,20.02
1788912302,20.08
1788912602,20.04
1788912903,20.01
1788913203,20.05
1788913502,20.05
1788913803,20.13
1788914103,20.11
1788914403,20.03
1788914703,20.00
1788915003,20.00
1788915302,20.05
1788915603,20.01
1788915903,20.00
1788916203,20.13
1788916503,20.06
1788916802,20.01
1788917107,20.02
1788917403,20.00
1788917703,20.01
1788918003,20.08
1788918303,20.19
1788918603,20.20
1788918903,20.01
1788919202,20.08
1788919503,20.10
1788919802,20.03
1788920103,20.05
1788920403,20.00
1788920703,20.54
1788921003,20.00
1788921303,20.01
1788921603,20.04
1788921903,20.06
1788922203,20.01
1788922503,20.00
1788922813,20.03
1788923103,20.25
1788923402,20.16
1788923702,20.11
1788924003,20.00
1788924303,20.09
1788924603,20.08
1788924903,20.18
1788925203,20.00
1788925503,20.01
1788925803,20.00
1788926103,20.01
1788926402,20.15
1788926702,20.02
1788927003,20.06
1788927303,20.00
1788927602,20.01
1788927903,20.22
1788928203,20.28
1788928502,20.10
1788928802,20.09
1788929102,20.02
1788929402,20.00
1788929702,20.00
1788930003,20.06
1788930303,20.06
1788930603,20.04
1788930904,20.08
1788931203,20.08
1788931503,20.03
1788931802,20.16
1788932103,20.00
1788932403,20.29
1788932703,20.05
1788933003,20.00
1788933302,20.35
1788933603,20.04
1788933902,20.12
1788934203,20.07
1788934503,20.01
1788934803,20.01
1788935103,20.00
1788935403,20.11
1788935702,20.00
1788936002,20.00
1788936302,20.00
1788936603,20.00
1788936902,20.04
1788937202,20.06
1788937503,20.01
1788937803,20.08
1788938103,20.50
1788938402,20.17
1788938702,20.00
1788939002,20.00
1788939303,20.00
1788939602,20.01
1788939903,20.03
1788940202,20.10
1788940503,20.01
1788940803,20.08
1788941102,20.03
1788941403,20.03
1788941703,20.00
1788942003,20.05
1788942303,20.10
1788942603,20.00
1788942903,20.28
1788943203,20.41
1788943502,20.13
1788943803,20.24
1788944102,20.04
1788944403,20.06
1788944703,20.13
1788945003,20.03
1788945302,20.01
1788945603,20.00
1788945903,20.05
1788946203,20.00
1788946503,20.04
1788946803,20.08
1788947102,20.03
1788947403,20.05
1788947703,20.18
1788948004,20.27
1788948303,20.44
1788948603,20.05
1788948903,20.04
1788949203,20.02
1788949502,20.05
1788949802,20.02
1788950103,20.10
1788950402,20.00
1788950703,20.00
1788951003,20.01
1788951303,20.05
1788951603,20.28
1788951903,20.02
1788952203,20.00
1788952503,20.01
1788952803,20.34
1788953103,20.43
1788953403,20.15
1788953703,20.13
1788954003,20.00
1788954303,20.07
1788954604,20.00
1788954903,20.00
1788955202,20.05
1788955503,20.00
1788955803,20.16
1788956102,20.00
1788956404,20.20
1788956703,20.04
1788957002,20.09
1788957303,20.06
1788957603,20.15
1788957903,20.26
1788958203,20.19
1788958502,20.10
1788958803,20.00
1788959103,20.02
1788959403,20.16
1788959703,20.00
1788960003,20.08
1788960303,20.08
1788960604,20.29
1788960903,20.00
1788961203,20.00
1788961503,20.02
1788961802,20.07
1788962104,20.04
1788962403,20.06
1788962703,20.21
1788963003,20.48
1788963303,20.10
1788963604,20.17
1788963904,20.17
1788964203,20.12
1788964503,20.01
1788964803,20.01
1788965103,20.00
1788965403,20.03
1788965703,20.11
1788966003,20.05
1788966303,20.01
1788966603,20.02
1788966903,20.05
1788967203,20.00
1788967503,20.08
1788967804,20.33
1788968103,24.56
1788968403,26.07
1788968703,26.01
1788969003,26.16
1788969303,26.01
1788969603,26.02
1788969903,26.13
1788970203,26.10
1788970503,26.11
1788970802,26.06
1788971103,20.07
1788971403,20.04
1788971702,20.02
1788972003,20.01
1788972303,20.08
1788972603,21.42
1788972903,26.06
1788973202,26.55
1788973503,26.03
1788973803,26.09
1788974103,26.01
1788974403,26.02
1788974703,26.01
1788975004,26.01
1788975302,26.02
1788975603,26.07
1788975903,26.07
1788976203,26.04
1788976503,26.02
1788976802,26.04
1788977103,25.91
1788977402,26.00
1788977702,26.00
1788978003,26.24
1788978303,26.21
1788978603,26.01
1788978903,26.01
1788979203,26.06
1788979503,20.49
1788979803,20.00
1788980103,20.16
1788980403,20.02
1788980703,20.00
1788981003,20.03
1788981303,20.07
1788981603,20.08
1788981903,20.05
1788982202,20.21
1788982502,20.00
1788982802,20.33
1788983102,20.24
1788983403,20.05
1788983702,20.00
1788984004,20.02
1788984302,20.09
1788984603,20.00
1788984903,20.01
1788985203,20.18
1788985502,20.11
1788985803,20.20
1788986102,20.10
1788986402,20.13
1788986703,20.03
1788987002,20.10
1788987303,20.00
1788987603,20.09
1788987903,20.57
1788988203,20.17
1788988503,20.28
1788988803,20.07
1788989103,20.01
1788989403,20.04
1788989703,20.04
1788990003,20.02
1788990303,20.06
1788990602,20.04
1788990903,20.14
1788991203,20.13
1788991503,20.17
1788991803,20.15
1788992102,20.02
1788992402,20.03
1788992703,20.17
1788993002,20.06
1788993303,20.11
1788993603,20.05
1788993903,20.00
1788994202,20.08
1788994503,20.02
1788994803,20.02
1788995102,20.02
1788995403,20.06
1788995703,20.04
1788996003,20.00
1788996302,20.00
1788996603,20.05
1788996902,20.07
1788997202,20.00
1788997502,20.00
1788997803,20.27
1788998103,20.23
1788998403,20.05
1788998703,20.24
1788999003,20.00
1788999303,20.03
1788999603,20.00
1788999903,20.02
1789000203,20.04
1789000502,20.03
1789000803,20.18
1789001102,20.07
1789001403,20.13
1789001703,20.09
1789002003,20.00
1789002303,20.06
1789002603,20.01
1789002903,20.05
1789003203,20.10
1789003503,20.06
1789003803,20.13
1789004102,20.02
1789004403,20.01
1789004703,20.01
1789005002,20.05
1789005303,20.19
1789005603,20.01
1789005903,20.15
1789006203,20.00
1789006503,8.04
1789006803,1.21
1789007102,1.02
1789007403,0.02
1789007703,0.00
1789008002,0.02
1789008303,0.00
1789008603,0.00
1789008903,0.00
1789009203,0.01
1789009503,0.00
1789009803,0.00
1789010103,0.00
1789010402,0.00
1789010702,0.00
1789011002,0.00
1789011302,0.00
1789011603,0.00
1789011903,0.00
1789012203,0.00
1789012503,0.01
1789012803,0.00
1789013102,0.00
1789013402,0.05
1789013703,0.08
1789014003,0.00
1789014303,0.00
1789014603,0.02
1789014902,0.00
1789015203,0.00
1789015503,0.00
1789015803,0.00
1789016103,0.00
1789016402,0.10
1789016702,0.00
1789017003,0.00
1789017303,0.00
1789017603,0.00
1789017902,0.00
1789018203,0.00
1789018503,0.02
1789018803,0.03
1789019103,0.02
1789019403,0.04
1789019703,0.00
1789020003,0.00
1789020302,0.00
1789020602,0.00
1789020903,0.00
1789021203,0.00
1789021503,0.02
1789021803,0.00
1789022103,0.00
1789022402,0.00
1789022703,0.05
1789023002,0.04
1789023302,0.00
1789023603,0.00
1789023903,0.00
1789024202,17.62
1789024503,20.35
1789024803,9.99
1789025103,1.10
1789025402,1.04
1789025702,1.00
1789026004,1.00
1789026302,0.04
1789026603,0.00
1789026903,0.15
1789027203,0.98
1789027503,0.92
1789027803,1.00
1789028103,1.11
1789028402,16.25
1789028702,19.99
1789029003,20.01
1789029303,20.02
1789029603,20.30
1789029902,20.02
1789030203,20.05
1789030503,20.00
1789030803,20.02
1789031103,20.03
1789031403,20.12
1789031703,20.03
1789032003,20.05
1789032303,20.01
1789032603,21.23
1789032902,20.72
1789033202,20.76
1789033503,20.15
1789033802,20.36
1789034103,20.30
1789034403,20.53
1789034703,21.13
1789035003,21.07
1789035302,20.66
1789035603,20.12
1789035903,20.11
1789036203,20.19
1789036503,20.03
1789036803,20.07
1789037103,20.00
1789037403,20.01
1789037703,20.02
1789038002,20.09
1789038303,20.39
1789038602,20.27
1789038903,22.09
1789039203,26.01
1789039502,26.99
1789039804,27.00
1789040102,27.15
1789040403,45.90
1789040703,46.11
1789041003,46.33
1789041303,46.08
1789041603,46.11
1789041903,46.32
1789042203,46.71
1789042503,47.32
1789042803,48.21
1789043103,48.42
1789043403,47.89
1789043702,47.86
1789044003,47.42
1789044302,46.60
1789044603,47.00
1789044903,46.62
1789045203,48.13
1789045502,46.84
1789045803,46.52
1789046103,28.01
1789046403,28.46
1789046703,26.65
1789047003,26.27
1789047303,26.43
1789047603,26.83
1789047902,43.80
1789048203,46.33
1789048503,46.21
1789048803,46.07
1789049103,46.03
1789049403,46.14
1789049703,46.15
1789050003,46.09
1789050302,46.18
1789050603,46.19
1789050902,46.13
1789051203,46.40
1789051503,46.12
1789051803,47.35
1789052103,46.64
1789052403,46.14
1789052703,27.69
1789053003,27.50
1789053302,26.49
1789053603,26.21
1789053903,26.12
1789054203,26.02
1789054503,26.18
1789054803,26.21
1789055103,26.05
1789055403,26.06
1789055703,26.12
1789056003,26.11
1789056303,26.02
1789056603,26.15
1789056903,26.04
1789057203,24.37
1789057503,20.16
1789057803,20.59
1789058103,20.21
1789058403,20.25
1789058702,20.14
1789059002,20.17
1789059303,20.27
1789059602,20.08
1789059902,20.02
1789060203,20.07
1789060502,20.25
1789060802,20.33
1789061103,20.00
1789061403,20.34
1789061702,20.05
1789062002,20.11
1789062303,20.28
1789062602,20.14
1789062902,20.82
1789063203,20.69
1789063503,20.35
1789063802,20.10
1789064103,20.07
1789064403,20.06
1789064702,20.08
1789065002,20.20
1789065303,20.39
1789065603,20.27
1789065903,20.00
1789066202,20.19
1789066502,20.12
1789066803,20.07
1789067102,20.02
1789067403,20.04
1789067702,20.36
1789068002,20.70
1789068303,20.60
1789068603,20.12
1789068903,20.11
1789069203,20.08
1789069502,20.03
1789069802,20.09
1789070103,20.05
1789070402,20.05
1789070703,20.33
1789071003,20.01
1789071303,20.05
1789071603,20.06
1789071902,20.11
1789072203,20.13
1789072503,20.20
1789072803,20.30
1789073103,21.08
1789073402,20.36
1789073702,20.10
1789074003,20.09
1789074303,20.05
1789074602,20.03
1789074903,20.13
1789075203,20.02
1789075503,20.14
1789075802,20.07
1789076102,20.20
1789076402,20.50
1789076702,20.08
1789077003,20.06
1789077303,20.33
1789077603,20.15
1789077903,20.98
1789078202,20.63
1789078503,20.22
1789078803,20.08
1789079103,20.11
1789079403,20.32
1789079702,20.44
1789080002,20.03
1789080302,20.29
1789080602,20.04
1789080903,20.17
1789081203,20.08
1789081502,20.11
1789081803,20.09
1789082103,20.06
1789082403,20.25
1789082703,20.18
1789083002,20.28
1789083302,20.67
1789083603,20.35
1789083903,20.14
1789084203,20.02
1789084503,20.13
1789084803,20.47
1789085102,20.11
1789085403,20.48
1789085702,20.35
1789086002,20.09
1789086302,20.09
1789086603,20.19
1789086903,20.06
1789087203,20.16
1789087503,20.08
1789087802,20.68
1789088103,20.48
1789088403,20.30
1789088703,20.20
1789089003,20.21
1789089303,20.24
1789089603,20.41
1789089903,20.13
1789090202,20.04
1789090503,20.19
1789090803,20.12
1789091102,20.15
1789091403,20.30
1789091703,20.29
1789092002,20.19
1789092303,20.24
1789092603,20.17
1789092903,20.23
1789093202,20.32
1789093502,20.10
1789093803,20.14
1789094103,20.02
1789094403,20.60
1789094703,20.03
1789095002,20.08
1789095303,20.14
1789095602,20.12
1789095902,20.11
1789096202,20.14
1789096503,20.08
1789096802,20.07
1789097103,20.05
1789097403,20.07
1789097703,20.53
1789098003,20.78
1789098302,20.39
1789098603,20.11
1789098903,20.06
1789099203,20.16
1789099503,20.82
1789099803,20.35
1789100103,20.12
1789100402,20.16
1789100703,20.02
1789101003,20.23
1789101303,20.27
1789101603,20.12
1789101902,20.17
1789102202,20.20
1789102503,20.06
1789102803,20.29
1789103103,20.49
1789103403,20.23
1789103702,20.28
1789104003,20.05
1789104302,20.02
1789104602,20.48
1789104903,20.06
1789105202,20.18
1789105502,20.50
1789105802,20.34
1789106103,20.20
1789106402,20.47
1789106703,20.60
1789107003,20.09
1789107303,20.33
1789107602,20.12
1789107902,20.03
1789108203,20.41
1789108502,20.42
1789108802,20.15
1789109103,20.18
1789109402,20.10
1789109703,20.14
1789110003,20.05
1789110302,20.11
1789110603,20.06
1789110903,20.37
1789111202,20.01
1789111503,20.29
1789111803,20.45
1789112102,20.37
1789112403,20.50
1789112703,22.03
1789113003,20.39
1789113302,20.55
1789113602,20.26
1789113903,21.66
1789114202,21.49
1789114503,22.25
1789114802,22.08
1789115102,22.09
1789115402,21.20
1789115702,21.08
1789116002,21.72
1789116303,22.09
1789116603,22.28
1789116903,41.03
1789117202,41.18
1789117503,41.07
1789117803,41.33
1789118103,41.20
1789118403,43.49
1789118702,42.69
1789119003,43.50
1789119303,40.75
1789119603,41.08
1789119903,40.85
1789120203,40.01
1789120503,40.04
1789120803,21.94
1789121103,21.14
1789121403,20.45
1789121702,20.06
1789122003,20.00
1789122302,20.00
1789122603,20.03
1789122902,20.03
1789123203,20.08
1789123503,20.06
1789123803,20.02
1789124102,20.00
1789124402,20.07
1789124703,20.04
1789125002,20.16
1789125303,20.18
1789125603,20.16
1789125903,20.04
1789126203,20.06
1789126503,20.07
1789126803,20.99
1789127103,21.04
1789127403,35.02
1789127703,40.03
1789128003,40.06
1789128303,40.04
1789128603,40.02
1789128903,40.07
1789129203,40.06
1789129503,40.20
1789129802,40.01
1789130102,40.03
1789130402,40.09
1789130703,40.00
1789131003,40.27
1789131302,40.08
1789131602,40.25
1789131902,40.10
1789132202,40.00
1789132503,40.17
1789132803,40.05
1789133103,40.08
1789133403,40.40
1789133703,40.09
1789134003,40.14
1789134303,28.14
1789134603,21.34
1789134902,21.12
1789135203,21.00
1789135503,29.61
1789135803,40.07
1789136103,30.72
1789136403,39.67
1789136703,40.16
1789137003,40.29
1789137303,40.05
1789137602,40.14
1789137903,40.10
1789138203,40.10
1789138503,40.10
1789138803,40.00
1789139103,40.05
1789139403,40.00
1789139703,40.01
1789140003,40.00
1789140303,40.03
1789140603,40.00
1789140903,40.08
1789141202,40.00
1789141503,40.05
1789141803,21.16
1789142103,21.08
1789142402,21.01
1789142703,21.06
1789143003,21.12
1789143303,21.29
1789143603,21.03
1789143903,21.07
1789144203,21.09
1789144503,21.05
1789144803,21.00
1789145102,21.12
1789145403,21.08
1789145703,21.00
1789146003,21.07
1789146303,21.00
1789146602,21.16
1789146902,21.00
1789147202,21.00
1789147503,21.03
1789147803,21.08
1789148102,21.15
1789148403,21.30
1789148703,21.02
1789149003,21.00
1789149302,21.00
1789149602,21.07
1789149903,21.00
1789150203,21.04
1789150503,21.04
1789150803,21.08
1789151103,21.00
1789151402,21.45
1789151703,21.00
1789152003,21.01
1789152303,21.03
1789152602,21.05
1789152902,21.11
1789153203,21.25
1789153502,21.09
1789153802,21.10
1789154103,21.03
1789154403,39.84
1789154702,40.00
1789155002,40.01
1789155302,40.06
1789155603,40.02
1789155903,40.03
1789156203,40.01
1789156503,40.01
1789156803,40.01
1789157102,40.00
1789157402,40.16
1789157702,40.01
1789158002,40.14
1789158303,40.37
1789158602,40.09
1789158902,40.08
1789159202,40.12
1789159503,40.00
1789159802,40.12
1789160103,40.00
1789160403,40.00
1789160703,40.00
1789161003,40.00
1789161302,40.00
1789161602,40.09
1789161903,40.00
1789162203,40.00
1789162503,40.00
1789162803,40.05
1789163103,40.25
1789163403,40.20
1789163703,40.02
1789164003,40.00
1789164303,40.03
1789164603,40.00
1789164903,40.00
1789165203,40.00
1789165502,40.03
1789165803,40.00
1789166103,40.00
1789166402,40.15
1789166703,40.06
1789167003,39.95
1789167302,40.00
1789167602,40.03
1789167902,40.65
1789168203,40.42
1789168503,40.10
1789168803,40.00
1789169102,40.00
1789169403,40.10
1789169703,40.00
1789170003,40.00
1789170303,40.00
1789170603,40.00
1789170903,40.00
1789171203,40.02
1789171503,40.06
1789171803,40.02
1789172103,40.01
1789172403,40.00
1789172703,40.06
1789173003,40.68
1789173302,40.12
1789173603,40.16
1789173903,40.00
1789174203,40.04
1789174503,40.00
1789174803,40.00
1789175103,40.00
1789175402,40.00
1789175703,40.00
1789176003,40.01
1789176303,40.04
1789176602,40.00
1789176903,40.24
1789177203,40.00
1789177503,40.00
1789177803,40.32
1789178103,40.08
1789178403,40.32
1789178702,40.01
1789179003,40.00
1789179302,40.00
1789179603,40.00
1789179903,40.00
1789180202,40.05
1789180503,40.01
1789180803,40.00
1789181102,40.00
1789181403,40.15
1789181703,40.18
1789182003,40.00
1789182302,40.08
1789182603,40.00
1789182902,40.43
1789183203,40.38
1789183503,40.13
1789183803,40.00
1789184103,40.08
1789184403,40.01
1789184703,40.08
1789185003,40.08
1789185303,40.04
1789185603,40.01
1789185902,40.06
1789186203,40.09
1789186502,40.04
1789186803,40.00
1789187103,40.05
1789187403,40.00
1789187702,40.10
1789188003,40.64
1789188303,40.27
1789188603,40.04
1789188902,40.00
1789189202,40.11
1789189502,40.00
1789189802,40.00
1789190103,40.00
1789190403,40.00
1789190703,40.06
1789191003,40.06
1789191303,40.00
1789191602,40.00
1789191903,40.02
1789192202,40.00
1789192503,40.22
1789192803,40.40
1789193103,40.19
1789193403,40.42
1789193703,40.14
1789194002,40.02
1789194303,40.02
1789194603,40.00
1789194903,40.00
1789195203,40.06
1789195503,40.00
1789195803,40.00
1789196102,40.07
1789196403,40.24
1789196703,40.22
1789197003,40.04
1789197303,40.00
1789197603,40.02
1789197903,40.54
1789198203,40.25
1789198502,33.89
1789198803,21.09
1789199103,21.00
1789199402,20.14
1789199703,20.00
1789200003,20.00
1789200303,20.00
1789200603,20.00
1789200902,20.02
1789201203,20.04
1789201502,20.06
1789201802,20.04
1789202103,20.06
1789202402,20.00
1789202703,20.14
1789203003,20.40
1789203303,20.22
1789203603,20.00
1789203902,20.00
1789204203,20.00
1789204502,20.00
1789204803,20.00
1789205103,20.02
1789205403,20.02
1789205703,20.00
1789206003,20.00
1789206303,20.05
1789206603,20.12
1789206903,20.00
1789207202,20.08
1789207503,20.02
1789207803,20.11
1789208103,20.07
1789208403,20.11
1789208703,20.01
1789209002,20.08
1789209303,20.00
1789209602,20.01
1789209903,20.00
1789210203,20.04
1789210503,20.06
1789210803,20.10
1789211103,20.05
1789211403,20.18
1789211703,20.11
1789212003,20.04
1789212303,20.00
1789212603,20.00
1789212902,20.09
1789213202,20.01
1789213503,20.00
1789213802,20.00
1789214103,20.00
1789214403,20.01
1789214703,20.00
1789215003,20.04
1789215303,20.03
1789215603,20.00
1789215903,20.03
1789216203,20.00
1789216502,20.05
1789216803,20.00
1789217103,20.00
1789217402,20.03
1789217703,20.00
1789218003,20.22
1789218303,20.02
1789218602,20.01
1789218903,20.01
1789219203,20.04
1789219503,20.00
1789219803,20.00
1789220103,20.08
1789220402,20.02
1789220703,20.04
1789221002,20.02
1789221303,20.13
1789221602,20.12
1789221903,20.00
1789222202,20.00
1789222503,20.02
1789222803,20.00
1789223103,20.18
1789223402,20.04
1789223703,20.02
1789224003,20.00
1789224303,20.01
1789224602,20.07
1789224903,20.00
1789225202,20.05
1789225503,20.01
1789225803,20.00
1789226102,20.03
1789226403,20.10
1789226703,20.08
1789227003,20.00
1789227303,20.00
1789227603,20.00
1789227903,20.09
1789228203,20.02
1789228502,20.11
1789228803,20.00
1789229103,20.01
1789229403,20.02
1789229703,20.03
1789230003,20.02
1789230302,20.04
1789230602,20.04
1789230902,20.06
1789231203,20.05
1789231503,20.08
1789231803,20.00
1789232102,20.00
1789232403,20.00
1789232703,20.08
1789233002,20.09
1789233303,20.02
1789233603,20.06
1789233902,20.09
1789234203,20.01
1789234503,20.00
1789234803,20.00
1789235103,20.00
1789235402,20.02
1789235703,20.00
1789236002,20.01
1789236302,20.16
1789236603,20.08
1789236903,20.00
1789237203,20.00
1789237502,20.00
1789237803,20.00
1789238103,20.02
1789238403,20.03
1789238703,20.02
1789239004,20.01
1789239303,20.03
1789239602,20.03
1789239903,20.00
1789240203,20.11
1789240503,20.03
1789240802,20.00
1789241102,20.00
1789241402,20.00
1789241703,20.00
1789242003,20.00
1789242303,20.03
1789242603,20.06
1789242903,20.00
1789243202,20.10
1789243503,20.03
1789243802,20.07
1789244103,20.00
1789244403,20.02
1789244703,20.00
1789245002,20.02
1789245303,20.15
1789245603,20.06
1789245902,20.00
1789246203,20.06
1789246503,20.03
1789246803,20.02
1789247103,20.00
1789247402,20.00
1789247703,20.01
1789248003,20.09
1789248303,20.07
1789248602,20.01
1789248903,20.06
1789249203,20.04
1789249503,20.00
1789249803,20.01
1789250103,20.13
1789250403,20.08
1789250703,20.00
1789251003,20.00
1789251303,20.00
1789251603,20.01
1789251903,20.00
1789252202,20.00
1789252503,20.00
1789252802,20.02
1789253102,20.07
1789253403,20.15
1789253703,20.02
1789254002,20.00
1789254303,20.00
1789254602,20.00
1789254903,20.09
1789255203,20.12
1789255503,20.00
1789255802,20.00
1789256103,20.00
1789256403,20.00
1789256702,20.00
1789257003,20.00
1789257303,20.00
1789257603,20.00
1789257903,20.21
1789258203,20.09
1789258503,20.08
1789258803,20.10
1789259103,20.00
1789259403,20.13
1789259702,20.00
1789260003,20.13
1789260303,20.08
1789260603,20.00
1789260902,20.00
1789261203,20.08
1789261502,20.05
1789261803,20.01
1789262102,20.00
1789262402,20.00
1789262702,20.00
1789263003,20.25
1789263303,20.26
1789263603,20.08
1789263902,20.00
1789264203,20.05
1789264502,20.11
1789264803,20.13
1789265102,20.00
1789265402,20.00
1789265703,20.00
1789266003,20.01
1789266302,20.00
1789266603,20.02
1789266903,20.00
1789267203,20.00
1789267502,20.02
1789267803,20.05
1789268102,20.14
1789268403,20.02
1789268702,20.07
1789269002,20.05
1789269303,20.03
1789269603,20.00
1789269903,20.00
1789270203,20.00
1789270502,20.00
1789270803,20.09
1789271102,20.01
1789271403,20.00
1789271702,20.08
1789272003,20.02
1789272303,20.02
1789272603,20.00
1789272902,20.33
1789273203,20.20
1789273502,20.26
1789273802,20.09
1789274103,20.11
1789274402,20.06
1789274703,20.08
1789275002,20.06
1789275303,20.00
1789275602,20.02
1789275903,20.00
1789276202,20.00
1789276503,20.04
1789276803,20.03
1789277102,20.01
1789277403,20.12
1789277702,20.10
1789278003,20.24
1789278303,20.34
1789278603,20.11
1789278903,20.07
1789279203,20.00
1789279502,20.00
1789279803,20.00
1789280103,20.00
1789280403,20.01
1789280703,20.12
1789281002,20.00
1789281303,20.00
1789281603,20.03
1789281903,20.02
1789282202,20.16
1789282502,20.09
1789282803,20.35
1789283103,20.46
1789283403,20.18
1789283703,20.17
1789284003,20.00
1789284303,20.00
1789284602,20.00
1789284903,20.00
1789285202,20.00
1789285503,20.01
1789285803,20.02
1789286103,20.08
1789286403,20.00
1789286702,20.06
1789287003,20.13
1789287302,20.01
1789287603,20.01
1789287903,20.21
1789288203,20.26
1789288502,20.15
1789288803,20.00
1789289103,20.01
1789289403,20.00
1789289703,20.00
1789290003,20.07
1789290302,20.08
1789290603,20.08
1789290903,20.05
1789291203,20.01
1789291503,20.02
1789291803,20.04
1789292103,20.02
1789292403,20.00
1789292703,20.42
1789293002,20.64
1789293303,20.23
1789293602,20.13
1789293903,20.00
1789294203,20.11
1789294503,20.00
1789294803,20.00
1789295103,20.01
1789295402,20.00
1789295702,20.00
1789296003,20.00
1789296303,20.01
1789296602,20.08
1789296903,20.00
1789297203,20.00
1789297503,20.00
1789297802,20.22
1789298103,20.52
1789298403,20.18
1789298703,20.00
1789299003,20.00
1789299303,20.05
1789299603,20.00
1789299903,20.00
1789300203,20.02
1789300503,20.02
1789300803,20.00
1789301103,20.00
1789301403,20.01
1789301702,20.00
1789302002,20.00
1789302303,20.08
1789302603,20.15
1789302902,20.59
1789303203,20.07
1789303502,20.08
1789303803,20.01
1789304103,20.00
1789304402,20.00
1789304703,20.00
1789305003,20.00
1789305302,20.02
1789305603,20.00
1789305902,20.00
1789306202,20.00
1789306503,20.10
1789306803,20.01
1789307102,20.00
1789307403,20.00
1789307703,20.01
1789308002,20.56
1789308303,20.05
1789308602,20.21
1789308903,20.06
1789309202,0.23
1789309503,0.00
1789309803,0.00
1789310103,0.00
1789310403,0.00
1789310702,0.00
1789311003,0.00
1789311302,0.00
1789311602,0.01
1789311903,0.00
1789312202,0.00
1789312503,0.08
1789312802,0.00
1789313103,0.01
1789313402,0.00
1789313703,0.00
1789314002,0.00
1789314302,0.00
1789314603,0.00
1789314903,0.00
1789315203,0.00
1789315502,0.00
1789315802,0.00
1789316103,0.00
1789316402,0.00
1789316702,0.00
1789317003,0.00
1789317302,0.00
1789317603,0.00
1789317903,0.03
1789318202,0.00
1789318503,0.08
1789318802,0.02
1789319102,0.00
1789319403,0.01
1789319703,0.08
1789320003,0.00
1789320303,0.02
1789320603,0.00
1789320902,0.00
1789321203,0.00
1789321502,0.05
1789321803,0.00
1789322103,0.00
1789322403,0.03
1789322703,0.00
1789323003,0.04
1789323303,0.00
1789323603,0.00
1789323903,0.05
1789324203,0.00
1789324503,0.00
1789324802,0.00
1789325103,0.00
1789325402,0.00
1789325703,0.00
1789326002,0.00
1789326303,0.00
1789326603,0.00
1789326903,0.00
1789327203,0.08
1789327503,0.00
1789327803,0.00
1789328102,0.00
1789328403,0.00
1789328702,0.00
1789329003,0.00
1789329302,0.00
1789329602,0.01
1789329902,0.00
1789330203,0.05
1789330503,0.00
1789330803,0.00
1789331102,0.00
1789331402,0.00
1789331703,0.00
1789332003,0.00
1789332303,0.00
1789332602,0.00
1789332903,0.00
1789333203,0.17
1789333503,0.03
1789333803,0.00
1789334102,0.00
1789334403,0.00
1789334703,0.16
1789335003,0.00
1789335302,0.00
1789335603,0.10
1789335902,0.00
1789336203,0.00
1789336503,0.24
1789336803,0.08
1789337103,0.08
1789337402,0.00
1789337703,0.00
1789338003,0.12
1789338302,0.00
1789338603,0.02
1789338902,0.08
1789339203,0.00
1789339503,0.00
1789339803,0.03
1789340102,0.00
1789340403,0.00
1789340704,0.08
1789341003,0.83
1789341302,0.01
1789341603,0.00
1789341903,0.08
1789342203,0.00
1789342503,0.00
1789342803,0.02
1789343103,0.00
1789343402,0.01
1789343703,0.00
1789344003,0.02
1789344302,0.02
1789344603,0.00
1789344902,0.00
1789345202,0.01
1789345503,0.00
1789345803,0.00
1789346103,0.00
1789346402,0.00
1789346702,0.07
1789347003,0.00
1789347303,0.00
1789347603,0.00
1789347902,0.03
1789348203,0.00
1789348502,0.01
1789348803,0.00
1789349103,0.00
1789349403,0.00
1789349702,0.00
1789350003,0.06
1789350303,0.00
1789350603,0.00
1789350903,0.00
1789351203,0.00
1789351503,0.11
1789351802,0.00
1789352103,0.00
1789352402,0.00
1789352702,0.05
1789353003,0.01
1789353303,0.01
1789353603,0.00
1789353903,0.00
1789354203,0.00
1789354503,0.00
1789354802,0.00
1789355102,0.00
1789355403,0.00
1789355702,0.00
1789356003,0.00
1789356303,0.00
1789356602,0.01
1789356903,0.00
1789357203,0.01
1789357503,0.00
1789357802,0.00
1789358103,0.00
1789358403,0.00
1789358702,0.00
1789359003,0.00
1789359302,0.08
1789359602,0.08
1789359903,0.00
1789360203,0.00
1789360503,0.00
1789360802,0.00
1789361103,0.08
1789361403,0.00
1789361703,0.00
1789362003,0.00
1789362303,0.08
1789362603,0.02
1789362902,0.00
1789363202,0.01
1789363502,0.00
1789363803,0.00
1789364103,0.00
1789364402,0.00
1789364703,0.00
1789365003,0.00
1789365303,0.00
1789365602,0.00
1789365902,0.08
1789366203,0.00
1789366503,0.13
1789366802,0.02
1789367102,0.02
1789367403,0.00
1789367703,0.00
1789368003,0.01
1789368302,0.00
1789368603,0.04
1789368903,0.05
1789369203,0.02
1789369503,0.00
1789369803,0.00
1789370102,0.93
1789370403,0.12
1789370703,0.02
1789371003,0.47
1789371303,6.61
1789371603,6.90
1789371902,6.94
1789372202,4.54
1789372503,5.40
1789372802,5.47
1789373103,4.32
1789373403,4.20
1789373702,18.71
1789374003,20.05
1789374302,20.04
1789374602,17.91
1789374902,39.85
1789375203,40.23
1789375503,39.84
1789375802,38.83
1789376103,40.56
1789376403,39.29
1789376703,37.73
1789377003,36.86
1789377303,37.66
1789377603,37.42
1789377903,36.18
1789378203,36.86
1789378502,36.89
1789378803,28.67
1789379103,18.12
1789379403,17.46
1789379702,17.45
1789380003,18.11
1789380302,18.00
1789380603,15.98
1789380902,16.55
1789381203,17.73
1789381502,17.23
1789381803,18.02
1789382103,18.00
1789382403,17.83
1789382703,17.37
1789383003,16.95
1789383303,18.19
1789383603,17.82
1789383903,17.68
1789384202,17.84
1789384503,17.99
1789384802,18.05
1789385103,18.00
1789385403,18.16
1789385702,18.28
1789386003,18.03
1789386303,17.98
1789386603,17.67
1789386902,15.14
1789387203,16.98
1789387503,17.49
1789387803,17.30
1789388103,17.29
1789388402,16.96
1789388702,33.57
1789389002,35.91
1789389303,35.94
1789389602,36.69
1789389903,36.43
1789390203,35.46
1789390502,36.26
1789390804,36.16
1789391103,35.95
1789391402,36.16
1789391702,36.15
1789392003,35.54
1789392303,36.30
1789392603,36.06
1789392903,35.84
1789393203,36.22
1789393503,36.13
1789393803,32.28
1789394103,36.22
1789394403,36.19
1789394703,36.02
1789395003,36.31
1789395303,36.27
1789395603,36.53
1789395903,36.04
1789396202,36.05
1789396503,35.71
1789396802,42.37
1789397103,42.49
1789397403,43.01
1789397703,42.62
1789398003,42.95
1789398303,42.67
1789398603,43.10
1789398903,43.11
1789399202,43.03
1789399503,41.33
1789399802,42.30
1789400103,43.56
1789400403,43.39
1789400703,43.28
1789401003,42.47
1789401303,43.19
1789401602,42.14
1789401903,38.05
1789402203,43.03
1789402502,42.79
1789402803,41.89
1789403103,43.52
1789403402,43.14
1789403702,42.53
1789404003,42.57
1789404303,42.64
1789404603,42.92
1789404903,42.63
1789405203,43.21
1789405503,42.72
1789405803,42.88
1789406102,42.47
1789406402,43.65
1789406703,42.54
1789407003,42.34
1789407303,43.62
1789407603,42.60
1789407903,43.40
1789408203,43.06
1789408503,43.07
1789408804,43.47
1789409102,42.60
1789409402,43.04
1789409702,42.57
1789410003,43.03
1789410303,43.66
1789410602,42.48
1789410903,42.82
1789411203,42.87
1789411503,44.11
1789411803,43.13
1789412103,41.81
1789412403,43.18
1789412702,41.89
1789413003,42.65
1789413303,42.39
1789413603,43.05
1789413903,43.97
1789414203,42.43
1789414502,42.62
1789414803,42.08
1789415102,42.55
1789415402,42.38
1789415702,42.65
1789416002,42.92
1789416303,42.44
1789416603,43.16
1789416902,43.16
1789417203,43.09
1789417502,43.10
1789417803,41.91
1789418103,42.37
1789418402,42.75
1789418703,43.58
1789419003,42.54
1789419302,42.62
1789419602,43.56
1789419903,42.09
1789420202,42.75
1789420503,43.41
1789420803,43.58
1789421103,43.03
1789421402,42.02
1789421702,42.38
1789422002,43.25
1789422302,43.14
1789422603,42.93
1789422902,43.27
1789423203,43.97
1789423503,42.88
1789423803,43.09
1789424102,42.13
1789424402,43.42
1789424702,43.20
1789425003,42.32
1789425302,43.96
1789425603,42.59
1789425902,42.79
1789426203,42.57
1789426502,43.66
1789426803,42.87
1789427102,42.98
1789427402,42.91
1789427703,41.58
1789428002,42.73
1789428303,42.43
1789428603,43.60
1789428903,42.50
1789429203,43.04
1789429502,43.05
1789429803,42.94
1789430102,43.37
1789430403,42.68
1789430703,43.40
1789431002,42.98
1789431303,42.93
1789431602,43.00
1789431903,43.16
1789432203,42.72
1789432503,42.98
1789432803,43.79
1789433103,42.85
1789433402,41.83
1789433702,42.61
1789434003,42.91
1789434302,42.43
1789434603,43.22
1789434902,43.35
1789435203,42.53
1789435503,43.70
1789435802,42.99
1789436103,42.36
1789436403,42.66
1789436703,42.47
1789437003,43.22
1789437303,41.66
1789437603,42.80
1789437903,43.72
1789438202,43.16
1789438503,42.68
1789438803,42.50
1789439103,43.93
1789439403,43.31
1789439702,43.41
1789440002,42.34
1789440302,43.11
1789440602,43.44
1789440902,42.31
1789441203,42.11
1789441502,42.12
1789441803,42.74
1789442103,42.21
1789442403,43.13
1789442703,42.06
1789443003,42.83
1789443302,42.99
1789443603,43.36
1789443903,42.18
1789444202,42.94
1789444503,43.03
1789444802,42.85
1789445103,42.61
1789445403,42.55
1789445703,39.68
1789446003,42.51
1789446303,43.24
1789446603,42.39
1789446903,42.89
1789447203,42.61
1789447503,43.16
1789447802,41.82
1789448102,43.41
1789448403,42.16
1789448703,41.98
1789449003,42.93
1789449302,43.13
1789449603,43.19
1789449903,42.14
1789450203,43.13
1789450502,42.44
1789450803,42.94
1789451102,40.80
1789451403,43.73
1789451703,42.57
1789452003,41.50
1789452302,43.29
1789452602,42.97
1789452903,43.01
1789453202,41.60
1789453503,43.18
1789453803,42.14
1789454103,43.36
1789454403,43.49
1789454702,43.30
1789455003,42.45
1789455303,42.61
1789455603,42.57
1789455903,42.65
1789456203,42.54
1789456502,42.61
1789456803,43.85
1789457103,42.62
1789457402,43.39
1789457703,42.21
1789458003,44.14
1789458303,43.63
1789458603,43.85
1789458903,42.29
1789459202,43.53
1789459503,42.18
1789459803,43.28
1789460103,42.79
1789460403,42.83
1789460703,42.00
1789461002,42.25
1789461303,43.65
1789461603,43.40
1789461902,41.86
1789462202,43.39
1789462503,42.02
1789462803,43.55
1789463102,42.65
1789463402,43.41
1789463702,43.52
1789464003,41.67
1789464303,41.54
1789464603,42.83
1789464903,43.66
1789465203,42.42
1789465503,43.41
1789465803,42.71
1789466103,43.19
1789466403,42.34
1789466703,43.49
1789467002,42.90
1789467303,42.69
1789467603,42.42
1789467903,42.57
1789468203,41.42
1789468503,42.22
1789468803,44.07
1789469103,42.35
1789469402,43.25
1789469703,43.08
1789470003,42.52
1789470302,43.73
1789470603,42.77
1789470903,42.86
1789471203,42.95
1789471503,42.78
1789471803,42.81
1789472102,41.24
1789472402,43.58
1789472703,42.97
1789473003,42.55
1789473303,43.85
1789473602,42.97
1789473903,42.10
1789474203,42.99
1789474504,41.47
1789474803,43.14
1789475102,43.62
1789475402,42.47
1789475703,43.54
1789476003,43.47
1789476303,42.94
1789476603,43.71
1789476903,43.68
1789477203,42.76
1789477503,42.65
1789477803,43.35
1789478103,42.70
1789478403,43.54
1789478702,42.21
1789479003,43.02
1789479303,42.73
1789479603,42.50
1789479902,42.30
1789480203,41.33
1789480503,43.29
1789480802,43.05
1789481103,42.76
1789481403,43.43
1789481703,43.88
1789482002,44.01
1789482303,44.30
1789482603,43.77
1789482904,44.24
1789483204,43.65
1789483503,43.27
1789483803,44.44
1789484103,42.94
1789484403,42.10
1789484703,44.58
1789485003,42.88
1789485303,43.60
1789485603,44.54
1789485902,44.64
1789486203,43.86
1789486502,40.97
1789486803,43.88
1789487102,43.56
1789487403,43.46
1789487703,42.81
1789488003,42.25
1789488303,43.53
1789488602,42.41
1789488903,42.44
1789489203,42.38
1789489502,43.57
1789489803,43.61
1789490103,41.03
1789490403,43.88
1789490703,42.07
1789491003,42.71
1789491303,42.85
1789491603,43.07
1789491903,42.70
1789492203,40.48
1789492502,42.20
1789492803,42.01
1789493103,42.58
1789493403,43.47
1789493703,43.61
1789494002,42.99
1789494302,40.48
1789494603,43.77
1789494902,42.85
1789495203,42.65
1789495503,43.00
1789495802,42.00
1789496103,42.07
1789496403,43.68
1789496703,42.79
1789497003,43.08
1789497303,42.47
1789497603,43.60
1789497903,42.57
1789498202,39.08
1789498503,42.11
1789498803,43.55
1789499102,43.43
1789499403,43.15
1789499703,43.16
1789500003,43.28
1789500302,42.13
1789500603,42.85
1789500903,42.88
1789501202,42.21
1789501503,41.61
1789501803,36.82
1789502103,42.78
1789502403,43.13
1789502703,42.75
1789503002,43.42
1789503303,42.59
1789503602,43.97
1789503903,42.98
1789504202,43.84
1789504502,44.14
1789504803,42.72
1789505103,42.56
1789505402,42.60
1789505703,43.23
1789506003,43.18
1789506303,41.14
1789506603,43.18
1789506902,43.25
1789507202,41.93
1789507503,42.81
1789507803,42.44
1789508102,42.18
1789508402,42.40
1789508703,42.13
1789509003,41.80
1789509302,42.83
1789509603,42.68
1789509903,43.13
1789510203,42.26
1789510502,43.50
1789510803,43.83
1789511102,43.10
1789511403,43.31
1789511702,42.12
1789512003,43.07
1789512302,41.96
1789512603,43.73
1789512902,42.84
1789513202,43.77
1789513502,42.71
1789513803,43.55
1789514103,42.75
1789514402,42.52
1789514703,43.37
1789515002,43.30
1789515303,43.08
1789515602,43.93
1789515902,43.15
1789516203,43.36
1789516503,42.58
1789516802,41.91
1789517102,43.55
1789517403,41.76
1789517703,43.26
1789518003,42.62
1789518302,43.28
1789518603,42.69
1789518903,43.28
1789519203,43.39
1789519503,42.94
1789519802,43.41
1789520103,42.73
1789520403,42.53
1789520702,42.84
1789521003,43.97
1789521302,42.95
1789521603,43.58
1789521902,42.81
1789522203,43.24
1789522503,41.85
1789522802,42.50
1789523103,41.92
1789523403,43.50
1789523703,43.20
1789524002,43.61
1789524302,41.99
1789524602,41.91
1789524903,43.70
1789525202,44.08
1789525503,42.04
1789525802,43.11
1789526102,42.57
1789526403,41.97
1789526702,41.90
1789527003,41.70
1789527302,43.90
1789527603,42.18
1789527902,42.68
1789528203,41.68
1789528502,43.42
1789528803,43.20
1789529103,42.98
1789529403,38.59
1789529702,41.96
1789530003,42.22
1789530302,43.66
1789530602,43.15
1789530902,43.90
1789531202,43.38
1789531502,43.09
1789531803,43.41
1789532103,41.27
1789532403,43.31
1789532703,42.63
1789533003,42.89
1789533303,42.87
1789533603,43.84
1789533902,43.70
1789534203,43.32
1789534503,43.07
1789534802,43.00
1789535103,42.62
1789535402,43.27
1789535703,41.21
1789536002,43.36
1789536303,42.62
1789536603,41.76
1789536902,43.82
1789537203,43.18
1789537502,42.18
1789537803,42.79
1789538102,41.37
1789538403,43.71
1789538703,43.00
1789539002,42.62
1789539302,42.84
1789539602,43.80
1789539902,42.82
1789540203,42.03
1789540503,43.73
1789540802,43.27
1789541103,42.85
1789541402,42.44
1789541703,43.08
1789542002,43.52
1789542302,43.29
1789542603,42.96
1789542902,42.99
1789543203,42.68
1789543502,42.62
1789543802,43.57
1789544103,42.26
1789544403,43.46
1789544703,43.34
1789545002,44.09
1789545302,43.79
1789545603,43.35
1789545903,43.12
1789546202,42.44
1789546503,42.57
1789546803,41.86
1789547102,39.15
1789547403,42.84
1789547703,42.82
1789548003,41.90
1789548303,42.63
1789548602,43.67
1789548903,43.00
1789549202,42.81
1789549503,41.56
1789549803,42.17
1789550102,42.95
1789550402,43.99
1789550703,42.37
1789551003,43.22
1789551302,42.64
1789551603,42.99
1789551903,43.61
1789552202,42.70
1789552503,41.86
1789552802,42.86
1789553103,42.91
1789553402,43.56
1789553703,42.87
1789554003,42.92
1789554303,41.36
1789554603,43.34
1789554903,43.44
1789555203,42.30
1789555502,39.30
1789555802,9.16
1789556103,8.03
1789556403,8.12
1789556702,8.26
1789557002,8.13
1789557303,8.06
1789557602,9.07
1789557903,9.07
1789558202,9.12
1789558502,8.02
1789558803,8.00
1789559102,8.00
1789559402,8.10
1789559703,8.00
1789560002,8.05
1789560303,9.07
1789560602,9.05
1789560903,8.38
1789561202,8.13
1789561503,8.20
1789561802,8.00
1789562103,8.07
1789562403,8.00
1789562702,8.02
1789563003,8.02
1789563302,8.27
1789563603,8.01
1789563902,8.00
1789564203,8.00
1789564503,8.07
1789564803,8.00
1789565102,8.12
1789565403,8.09
1789565703,8.05
1789566003,8.80
1789566303,9.03
1789566603,9.00
1789566902,9.00
1789567203,9.05
1789567503,9.01
1789567803,9.01
1789568103,9.04
1789568403,9.17
1789568703,9.00
1789569003,9.09
1789569303,9.04
1789569603,9.12
1789569903,9.01
1789570203,9.00
1789570502,9.02
1789570802,9.73
1789571103,9.11
1789571402,9.02
1789571703,9.06
1789572004,9.06
1789572303,9.05
1789572603,9.12
1789572903,9.00
1789573203,9.02
1789573503,9.11
1789573803,9.02
1789574103,9.00
1789574404,9.00
1789574703,9.03
1789575003,9.00
1789575303,9.01
1789575602,9.02
1789575903,9.03
1789576202,9.00
1789576503,9.28
1789576802,9.02
1789577103,9.05
1789577402,9.03
1789577703,9.03
1789578003,9.00
1789578302,9.00
1789578603,9.06
1789578903,9.04
1789579203,9.00
1789579503,9.03
1789579802,9.00
1789580103,9.00
1789580403,9.01
1789580702,9.01
1789581002,9.02
1789581304,9.00
1789581603,9.04
1789581903,9.00
1789582203,9.01
1789582503,9.07
1789582803,9.04
1789583102,9.08
1789583403,9.02
1789583703,9.04
1789584002,9.12
1789584303,9.04
1789584603,9.00
1789584903,9.08
1789585204,9.22
1789585502,9.00
1789585802,9.08
1789586103,9.28
1789586403,9.03
1789586703,9.02
1789587002,9.04
1789587303,9.06
1789587603,9.09
1789587903,9.00
1789588203,9.02
1789588503,9.11
1789588803,9.02
1789589103,9.04
1789589403,9.06
1789589702,9.07
1789590003,9.04
1789590303,9.00
1789590603,9.00
1789590903,9.00
1789591202,9.00
1789591502,9.17
1789591805,9.04
1789592103,9.00
1789592403,9.05
1789592703,9.00
1789593003,9.21
1789593303,9.00
1789593603,9.02
1789593902,9.06
1789594203,9.04
1789594502,9.00
1789594803,9.06
1789595103,9.03
1789595403,9.00
1789595703,9.00
1789596003,9.00
1789596303,9.00
1789596603,9.19
1789596902,9.00
1789597203,9.04
1789597503,9.03
1789597803,9.05
1789598102,9.00
1789598403,9.00
1789598702,9.01
1789599003,9.01
1789599302,9.09
1789599603,9.00
1789599902,9.00
1789600203,9.00
1789600503,9.00
1789600802,9.00
1789601103,9.04
1789601403,9.00
1789601702,9.03
1789602003,9.02
1789602303,9.00
1789602603,9.08
1789602903,21.69
1789603203,26.13
1789603503,26.19
1789603803,26.30
1789604103,26.13
1789604402,26.12
1789604703,26.11
1789605003,26.06
1789605303,26.22
1789605602,25.89
1789605902,24.52
1789606203,24.96
1789606503,25.63
1789606803,25.10
1789607102,24.46
1789607403,24.97
1789607703,24.90
1789608003,25.30
1789608302,25.08
1789608602,25.09
1789608903,24.96
1789609203,25.02
1789609502,24.87
1789609803,25.12
1789610102,25.02
1789610403,25.29
1789610703,25.86
1789611003,26.00
1789611303,26.43
1789611603,26.16
1789611902,26.52
1789612202,24.98
1789612503,25.08
1789612803,24.56
1789613103,25.11
1789613403,24.92
1789613702,24.93
1789614003,24.86
1789614302,24.81
1789614603,25.07
1789614902,24.75
1789615203,24.74
1789615503,25.08
1789615803,24.93
1789616103,24.97
1789616403,25.05
1789616703,25.04
1789617002,24.90
1789617303,25.15
1789617603,25.21
1789617903,25.16
1789618202,25.01
1789618503,25.06
1789618803,24.97
1789619102,25.27
1789619403,25.10
1789619702,25.05
1789620003,25.14
1789620302,24.61
1789620603,25.02
1789620903,25.00
1789621203,24.77
1789621502,24.69
1789621803,24.91
1789622102,24.90
1789622403,24.75
1789622703,25.00
1789623003,25.00
1789623302,24.18
1789623603,24.92
1789623903,24.29
1789624202,25.24
1789624503,24.72
1789624802,24.90
1789625103,24.99
1789625403,24.72
1789625703,24.63
1789626003,24.67
1789626302,25.02
1789626603,24.61
1789626902,25.06
1789627203,23.45
1789627502,24.90
1789627803,24.84
1789628103,24.89
1789628403,25.09
1789628703,25.13
1789629003,24.92
1789629303,25.06
1789629603,25.04
1789629903,24.86
1789630202,25.02
1789630503,25.06
1789630803,24.36
1789631103,25.05
1789631402,24.91
1789631703,25.12
1789632003,24.91
1789632303,25.01
1789632602,25.02
1789632903,25.18
1789633203,25.03
1789633502,25.09
1789633803,25.01
1789634102,25.05
1789634403,25.32
1789634702,25.07
1789635002,25.01
1789635303,25.30
1789635603,25.09
1789635903,25.12
1789636203,30.46
1789636503,29.99
1789636803,30.91
1789637103,30.74
1789637402,31.05
1789637703,31.07
1789638003,31.15
1789638303,30.88
1789638603,25.52
1789638903,30.89
1789639203,30.91
1789639503,30.98
1789639802,30.65
1789640103,30.78
1789640402,31.13
1789640703,31.01
1789641002,30.82
1789641302,31.04
1789641603,30.49
1789641902,31.10
1789642203,30.76
1789642502,30.92
1789642803,30.74
1789643102,31.11
1789643403,31.11
1789643703,29.94
1789644002,30.96
1789644303,31.22
1789644602,30.69
1789644902,30.84
1789645202,30.71
1789645503,30.96
1789645803,29.82
1789646102,31.07
1789646403,28.09
1789646703,24.74
1789647003,20.06
1789647303,18.99
1789647602,17.10
1789647903,17.01
1789648202,16.82
1789648502,16.93
1789648803,16.88
1789649102,17.00
1789649403,16.59
1789649703,17.07
1789650003,16.94
1789650302,17.09
1789650603,16.33
1789650903,17.95
1789651203,17.31
1789651502,17.16
1789651803,16.46
1789652103,16.81
1789652403,26.66
1789652702,27.86
1789653002,28.04
1789653302,27.22
1789653604,26.63
1789653903,26.59
1789654203,24.29
1789654503,10.09
1789654803,9.03
1789655103,10.35
1789655403,12.48
1789655703,12.55
1789656002,12.23
1789656303,12.39
1789656603,20.84
1789656902,27.81
1789657203,27.73
1789657503,28.04
1789657803,25.96
1789658103,24.55
1789658403,25.48
1789658702,27.21
1789659002,28.21
1789659303,28.48
1789659603,28.88
1789659902,28.08
1789660203,26.03
1789660503,28.63
1789660803,28.66
1789661102,21.98
1789661403,12.91
1789661703,12.79
1789662003,12.99
1789662302,13.02
1789662603,12.70
1789662902,12.67
1789663203,12.43
1789663502,12.83
1789663803,12.91
1789664103,12.83
1789664403,12.70
1789664703,12.84
1789665003,12.31
1789665302,12.94
1789665603,13.04
1789665903,12.95
1789666203,12.51
1789666503,13.01
1789666803,12.87
1789667103,12.61
1789667403,13.06
1789667703,12.62
1789668003,13.00
1789668302,12.86
1789668603,12.98
1789668902,13.27
1789669203,12.63
1789669503,12.73
1789669803,12.64
1789670103,12.62
1789670403,12.62
1789670702,12.68
1789671003,12.68
1789671302,12.67
1789671604,13.05
1789671903,13.00
1789672203,12.54
1789672503,12.83
1789672803,12.93
1789673102,12.58
1789673403,13.00
1789673703,12.87
1789674003,12.93
1789674302,12.92
1789674603,12.50
1789674903,12.94
1789675203,12.59
1789675503,12.58
1789675802,12.52
1789676103,12.73
1789676403,12.52
1789676703,13.07
1789677003,12.47
1789677302,13.14
1789677603,11.84
1789677902,12.42
1789678203,12.91
1789678502,12.67
1789678803,12.68
1789679103,12.75
1789679403,12.61
1789679702,12.43
1789680003,12.44
1789680303,12.74
1789680602,12.62
1789680903,12.83
1789681203,12.43
1789681502,12.86
1789681803,12.56
1789682102,12.71
1789682403,12.66
1789682703,11.95
1789683003,12.91
1789683302,11.83
1789683603,12.08
1789683902,10.60
1789684203,11.10
1789684503,12.81
1789684803,12.02
1789685103,12.88
1789685403,12.30
1789685703,12.16
1789686002,12.73
1789686303,12.04
1789686603,12.41
1789686903,12.52
1789687203,12.10
1789687503,12.50
1789687803,12.59
1789688103,12.45
1789688403,12.73
1789688703,8.16
1789689002,12.08
1789689303,10.76
1789689603,11.19
1789689903,11.39
1789690203,11.72
1789690503,11.73
1789690803,11.58
1789691103,11.49
1789691402,11.85
1789691703,12.02
1789692003,9.93
1789692303,14.19
1789692602,15.25
1789692903,14.07
1789693202,15.83
1789693502,15.23
1789693803,14.38
1789694102,16.05
1789694402,17.59
1789694702,16.25
1789695003,16.90
1789695303,15.72
1789695603,15.19
1789695903,13.09
1789696202,17.35
1789696503,16.95
1789696803,17.60
1789697102,17.40
1789697403,17.30
1789697703,17.72
1789698002,17.56
1789698303,16.54
1789698602,17.79
1789698903,17.47
1789699203,17.21
1789699503,18.03
1789699803,17.52
1789700102,17.93
1789700403,15.67
1789700703,17.25
1789701002,15.50
1789701303,14.18
1789701603,13.07
1789701902,12.66
1789702202,12.58
1789702503,13.02
1789702803,12.23
1789703102,7.85
1789703402,8.98
1789703703,8.68
1789704003,9.76
1789704302,10.01
1789704603,10.21
1789704902,10.45
1789705203,10.80
1789705502,10.79
1789705803,10.76
1789706102,9.79
1789706403,9.38
1789706703,8.17
1789707003,7.50
1789707303,8.16
1789707603,9.63
1789707902,11.48
1789708203,11.33
1789708503,11.30
1789708803,11.56
1789709103,11.72
1789709403,10.79
1789709703,11.38
1789710002,12.00
1789710303,11.70
1789710603,11.26
1789710902,10.84
1789711202,11.67
1789711503,11.31
1789711803,7.69
1789712103,10.55
1789712402,10.22
1789712702,9.44
1789713003,10.04
1789713302,10.39
1789713603,10.61
1789713902,10.55
1789714202,10.91
1789714503,9.47
1789714803,7.63
1789715102,6.41
1789715402,6.65
1789715703,7.74
1789716003,7.98
1789716302,9.19
1789716604,9.92
1789716903,10.43
1789717203,10.03
1789717502,10.31
1789717803,10.67
1789718103,10.47
1789718402,10.51
1789718702,10.84
1789719003,10.23
1789719303,11.57
1789719603,11.05
1789719903,11.80
1789720202,11.97
1789720502,10.71
1789720803,11.01
1789721103,11.77
1789721402,11.50
1789721703,11.35
1789722002,11.72
1789722303,11.29
1789722603,10.84
1789722902,10.56
1789723203,11.55
1789723503,10.77
1789723803,9.20
1789724102,8.65
1789724403,9.72
1789724703,10.42
1789725003,10.62
1789725302,10.82
1789725602,10.70
1789725903,8.38
1789726203,7.57
1789726502,6.43
1789726802,6.08
1789727103,6.98
1789727404,6.67
1789727703,7.42
1789728002,7.41
1789728302,9.17
1789728603,9.41
1789728903,9.88
1789729203,9.86
1789729503,9.68
1789729802,9.73
1789730103,9.13
1789730402,2.49
1789730702,0.01
1789731003,0.00
1789731302,0.00
1789731602,0.05
1789731903,0.00
1789732202,0.00
1789732503,0.00
1789732802,0.14
1789733103,0.09
1789733402,0.08
1789733703,0.00
1789734002,0.00
1789734303,0.12
1789734603,0.00
1789734903,0.08
1789735203,0.03
1789735502,0.00
1789735803,0.01
1789736103,0.00
1789736402,0.00
1789736703,1.13
1789737003,0.88
1789737303,1.22
1789737603,1.22
1789737902,1.14
1789738203,4.02
1789738503,16.63
1789738803,34.83
1789739102,34.75
1789739402,35.05
1789739703,35.53
1789740003,35.50
1789740303,35.46
1789740603,35.10
1789740902,34.77
1789741202,34.88
1789741502,35.28
1789741803,35.70
1789742103,35.84
1789742403,35.64
1789742703,35.26
1789743002,35.33
1789743302,35.65
1789743603,35.48
1789743902,35.38
1789744203,35.14
1789744503,35.70
1789744803,35.25
1789745103,35.78
1789745402,35.56
1789745702,35.66
1789746003,35.61
1789746302,35.21
1789746603,35.29
1789746903,31.34
1789747202,20.17
1789747503,20.03
1789747802,20.30
1789748103,20.10
1789748403,20.33
1789748703,20.06
1789749003,20.00
1789749303,20.00
1789749602,20.00
1789749902,20.00
1789750203,20.00
1789750503,20.00
1789750803,20.00
1789751102,20.00
1789751403,20.01
1789751702,20.06
1789752003,20.06
1789752302,20.00
1789752603,20.00
1789752903,20.16
1789753203,20.15
1789753503,20.15
1789753803,20.00
1789754103,20.00
1789754403,20.00
1789754703,20.00
1789755002,20.00
1789755303,20.06
1789755602,20.01
1789755903,20.00
1789756202,20.01
1789756503,6.65
1789756802,15.55
1789757103,19.97
1789757403,20.04
1789757703,20.07
1789758002,20.86
1789758303,20.12
1789758603,20.16
1789758903,20.09
1789759203,20.00
1789759503,20.00
1789759803,20.00
1789760102,20.02
1789760403,20.05
1789760703,20.04
1789761002,20.00
1789761303,20.00
1789761603,20.05
1789761903,20.00
1789762203,20.00
1789762503,20.00
1789762803,20.19
1789763102,20.21
1789763403,20.18
1789763703,20.01
1789764003,20.08
1789764303,20.08
1789764603,20.12
1789764902,20.00
1789765202,20.01
1789765503,20.13
1789765803,20.00
1789766102,20.00
1789766403,20.13
1789766703,20.07
1789767004,20.06
1789767303,20.03
1789767603,20.12
1789767903,20.15
1789768202,20.06
1789768502,20.00
1789768803,20.00
1789769103,20.00
1789769403,20.00
1789769703,20.07
1789770003,20.03
1789770303,20.00
1789770603,20.14
1789770902,20.01
1789771203,20.00
1789771503,20.00
1789771802,20.04
1789772102,20.00
1789772403,20.08
1789772703,20.00
1789773002,20.00
1789773302,20.10
1789773602,20.10
1789773903,20.02
1789774202,20.00
1789774503,20.00
1789774803,20.01
1789775102,20.00
1789775403,20.01
1789775702,20.02
1789776003,20.08
1789776303,20.01
1789776603,20.16
1789776903,20.02
1789777203,20.09
1789777502,20.00
1789777803,20.05
1789778103,20.15
1789778402,20.12
1789778703,20.08
1789779003,20.01
1789779303,20.03
1789779603,20.06
1789779903,20.00
1789780203,20.03
1789780502,20.03
1789780803,20.04
1789781102,20.06
1789781403,20.12
1789781703,20.01
1789782003,20.00
1789782303,20.10
1789782603,20.05
1789782903,20.20
1789783202,20.19
1789783503,20.92
1789783803,20.01
1789784103,20.00
1789784403,20.03
1789784703,20.04
1789785002,20.00
1789785303,20.11
1789785602,20.10
1789785903,20.14
1789786203,20.00
1789786503,20.00
1789786803,20.00
1789787103,20.00
1789787402,20.00
1789787703,20.00
1789788003,20.05
1789788303,20.13
1789788603,20.09
1789788902,20.09
1789789203,20.00
1789789502,20.00
1789789803,20.00
1789790103,20.02
1789790404,20.00
1789790703,20.01
1789791003,20.07
1789791302,20.00
1789791601,20.13
1789791901,20.10
1789792201,20.00
1789965137,0.59
1789965302,0.10
1789965603,0.08
1789965903,0.81
1789966203,0.40
1789966502,0.07
1789966802,0.13
1789967103,0.20
1789967402,19.94
1789967703,15.61
1789968002,6.58
1789968303,20.03
1789968602,20.63
1789968903,20.05
1789969202,20.07
1789969502,20.00
1789969803,20.00
1789970103,20.00
1789970402,20.05
1789970703,20.08
1789971003,20.00
1789971303,20.01
1789971603,20.01
1789971902,20.04
1789972203,20.07
1789972502,20.03
1789972803,20.12
1789973102,20.26
1789973403,20.30
1789973703,20.22
1789974003,20.05
1789974303,20.00
1789974603,20.00
1789974903,20.06
1789975203,20.03
1789975503,20.02
1789975802,20.05
1789976103,20.04
1789976403,20.15
1789976703,32.34
1789977002,36.22
1789977303,36.19
1789977603,35.10
1789977903,34.61
1789978203,35.65
1789978502,35.85
1789978803,35.38
1789979103,35.65
1789979402,35.35
1789979703,35.63
1789980003,36.06
1789980303,35.62
1789980602,35.08
1789980903,35.34
1789981203,34.91
1789981503,35.47
1789981803,35.23
1789982103,35.20
1789982403,35.39
1789982703,35.07
1789983002,35.98
1789983303,35.65
1789983603,35.45
1789983903,35.38
1789984203,35.73
1789984503,34.14
1789984803,34.96
1789985103,36.61
1789985403,36.42
1789985702,36.82
1789986003,31.77
1789986302,21.19
1789986603,21.08
1789986902,20.49
1789987203,20.07
1789987503,20.02
1789987803,20.06
1789988102,20.10
1789988403,20.17
1789988703,20.03
1789989003,20.02
1789989303,20.03
1789989602,20.96
1789989903,20.09
1789990202,20.19
1789990503,20.02
1789990803,20.05
1789991102,20.16
1789991403,27.01
1789991702,27.37
1789992003,29.33
1789992302,30.30
1789992602,31.30
1789992905,30.46
1789993203,31.58
1789993503,31.76
1789993803,30.84
1789994103,31.26
1789994403,31.29
1789994703,29.32
1789995003,30.37
1789995302,31.05
1789995603,31.36
1789995902,31.67
1789996203,30.71
1789996503,28.77
1789996803,31.22
1789997102,31.45
1789997403,31.70
1789997703,31.35
1789998003,31.92
1789998303,32.22
1789998603,31.84
1789998903,31.57
1789999203,30.90
1789999503,31.77
1789999803,31.98
1790000103,31.83
1790000403,31.67
1790000703,26.89
1790001003,31.88
1790001303,31.16
1790001602,31.89
1790001903,29.64
1790002202,31.09
1790002503,36.94
1790002802,37.84
1790003103,36.40
1790003402,39.41
1790003702,39.74
1790004002,38.34
1790004303,39.73
1790004603,38.30
1790004903,38.00
1790005202,40.07
1790005502,36.72
1790005802,39.48
1790006103,40.14
1790006403,37.05
1790006703,39.18
1790007003,40.27
1790007303,36.51
1790007603,39.33
1790007902,40.21
1790008202,36.70
1790008502,38.35
1790008803,40.02
1790009103,39.04
1790009403,38.81
1790009703,40.20
1790010003,39.28
1790010302,38.65
1790010603,40.14
1790010904,39.17
1790011202,39.60
1790011503,40.10
1790011803,38.46
1790012103,39.91
1790012403,39.73
1790012702,39.23
1790013004,40.04
1790013303,19.67
1790013602,39.32
1790013903,35.80
1790014203,39.29
1790014503,40.10
1790014803,38.91
1790015102,39.89
1790015403,39.09
1790015703,38.50
1790016003,39.99
1790016303,38.67
1790016602,38.94
1790016903,39.95
1790017203,39.44
1790017503,39.62
1790017803,40.04
1790018103,39.28
1790018403,38.90
1790018702,38.16
1790019004,38.32
1790019303,40.02
1790019603,34.22
1790019953,33.47
1790020202,39.69
1790020502,40.00
1790020802,40.08
1790021103,39.18
1790021402,39.43
1790021703,39.20
1790022003,39.91
1790022303,38.23
1790022604,40.02
1790022903,40.07
1790023202,40.31
1790023502,39.98
1790023802,39.25
1790024103,40.31
1790024403,39.69
1790024702,33.89
1790025003,38.06
1790025302,40.02
1790025603,39.66
1790025902,40.04
1790026203,39.65
1790026503,39.42
1790026803,39.65
1790027103,38.60
1790027403,39.74
1790027702,40.13
1790028003,40.23
1790028303,40.11
1790028603,39.95
1790028902,39.57
1790029203,39.70
1790029502,33.82
1790029803,37.81
1790030102,40.02
1790030403,39.97
1790030702,39.83
1790031003,39.95
1790031303,39.94
1790031603,36.59
1790031902,39.65
1790032203,38.08
1790032502,39.28
1790032802,39.91
1790033102,40.49
1790033403,40.27
1790033702,39.91
1790034003,34.24
1790034302,37.78
1790034603,39.90
1790034903,39.74
1790035203,39.99
1790035502,39.87
1790035802,40.36
1790036103,39.42
1790036402,38.27
1790036703,40.04
1790037002,39.82
1790037302,40.21
1790037603,40.21
1790037902,40.34
1790038203,39.62
1790038503,33.96
1790038802,36.81
1790039103,40.18
1790039403,40.11
1790039703,40.31
1790040003,39.82
1790040302,40.34
1790040603,40.19
1790040902,39.21
1790041203,40.20
1790041502,40.18
1790041803,39.69
1790042102,39.96
1790042402,42.34
1790042702,41.19
1790043003,35.51
1790043302,39.51
1790043603,41.02
1790043902,40.90
1790044202,36.85
1790044503,37.03
1790044803,39.98
1790045102,39.62
1790045403,39.37
1790045702,40.04
1790046002,36.98
1790046302,39.92
1790046603,40.08
1790046903,39.95
1790047202,40.21
1790047503,39.90
1790047802,35.22
1790048103,38.63
1790048403,40.33
1790048703,40.21
1790049002,40.11
1790049303,40.52
1790049604,40.15
1790049903,38.06
1790050203,40.04
1790050503,39.75
1790050803,40.11
1790051103,39.76
1790051403,40.01
1790051703,39.79
1790052003,33.81
1790052303,39.40
1790052602,39.92
1790052903,40.21
1790053202,39.36
1790053503,40.01
1790053803,39.91
1790054102,39.71
1790054402,39.61
1790054703,40.10
1790055003,38.95
1790055303,40.02
1790055603,40.45
1790055903,39.82
1790056203,40.23
1790056502,39.68
1790056803,32.92
1790057103,38.70
1790057402,39.75
1790057703,40.42
1790058002,39.87
1790058303,40.04
1790058603,39.56
1790058903,37.64
1790059202,39.74
1790059503,19.32
1790059803,38.52
1790060103,37.75
1790060403,31.25
1790060702,31.92
1790061003,30.84
1790061303,30.89
1790061603,31.99
1790061902,30.45
1790062203,31.29
1790062502,31.89
1790062803,31.26
1790063103,31.74
1790063403,33.27
1790063703,41.11
1790064003,34.83
1790064302,40.37
1790064602,40.08
1790064903,39.49
1790065202,39.03
1790065503,40.04
1790065803,40.43
1790066103,39.54
1790066403,39.97
1790066703,38.73
1790067003,40.28
1790067303,38.29
1790067603,39.38
1790067903,43.72
1790068203,42.99
1790068503,42.19
1790068802,39.95
1790069102,39.95
1790069403,41.03
1790069703,40.54
1790070003,41.05
1790070303,40.60
1790070603,40.29
1790070902,42.07
1790071203,40.59
1790071503,41.58
1790071803,37.25
1790072102,33.26
1790072403,41.40
1790072703,39.13
1790073003,35.26
1790073303,38.84
1790073602,38.59
1790073902,35.44
1790074203,34.33
1790074503,33.64
1790074802,32.71
1790075103,38.11
1790075403,38.80
1790075702,39.43
1790076003,38.09
1790076303,34.75
1790076603,34.86
1790076903,36.51
1790077203,40.07
1790077503,39.00
1790077802,39.09
1790078103,32.46
1790078402,27.97
1790078703,39.70
1790079003,39.26
1790079303,37.64
1790079603,33.75
1790079903,38.76
1790080203,39.68
1790080503,38.76
1790080802,39.58
1790081102,34.95
1790081402,36.41
1790081703,40.61
1790082003,37.88
1790082303,31.94
1790082602,38.54
1790082902,38.20
1790083202,37.25
1790083502,33.72
1790083803,40.43
1790084103,36.91
1790084403,39.49
1790084703,38.82
1790085003,36.04
1790085303,34.55
1790085603,40.10
1790085902,37.78
1790086202,35.64
1790086503,34.19
1790086802,40.07
1790087102,39.10
1790087403,38.27
1790087703,32.49
1790088002,36.34
1790088303,40.00
1790088603,39.34
1790088904,37.92
1790089203,34.31
1790089503,39.56
1790089803,32.08
1790090103,38.45
1790090403,38.51
1790090703,38.87
1790091003,40.16
1790091303,39.85
1790091602,37.50
1790091902,40.02
1790092203,40.04
1790092503,38.71
1790092803,38.84
1790093103,38.43
1790093403,39.92
1790093703,33.62
1790094003,39.33
1790094302,40.28
1790094603,39.69
1790094903,39.24
1790095203,39.76
1790095502,39.52
1790095804,38.20
1790096103,38.69
1790096404,38.66
1790096703,37.43
1790097003,40.16
1790097303,39.98
1790097604,32.54
1790097903,36.18
1790098203,39.70
1790098503,39.87
1790098803,40.11
1790099103,40.36
1790099403,39.83
1790099703,37.22
1790100003,39.65
1790100303,39.76
1790100603,39.47
1790100903,38.58
1790101202,22.95
1790101502,33.44
1790101802,39.29
1790102103,37.51
1790102403,32.96
1790102703,40.31
1790103002,40.09
1790103302,36.92
1790103603,39.95
1790103903,38.66
1790104203,38.62
1790104503,34.97
1790104803,38.11
1790105103,36.19
1790105403,37.73
1790105703,38.37
1790106003,37.63
1790106303,33.86
1790106603,40.13
1790106903,39.95
1790107202,35.09
1790107502,39.85
1790107802,38.89
1790108103,36.30
1790108403,40.20
1790108703,39.27
1790109003,32.41
1790109303,35.98
1790109603,33.79
1790109903,40.01
1790110203,39.95
1790110503,39.45
1790110802,31.55
1790111103,36.00
1790111403,40.20
1790111703,39.97
1790112002,38.99
1790112302,36.15
1790112602,32.69
1790112902,27.58
1790113202,26.30
1790113503,25.28
1790113802,25.78
1790114102,27.45
1790114403,28.17
1790114702,28.61
1790115002,29.52
1790115303,29.87
1790115603,27.00
1790115902,25.67
1790116203,29.29
1790116502,31.79
1790116803,31.40
1790117103,31.20
1790117403,29.89
1790117702,27.44
1790118003,25.93
1790118302,32.05
1790118603,31.34
1790118902,31.00
1790119203,31.31
1790119503,31.22
1790119802,31.32
1790120102,31.61
1790120403,32.14
1790120703,31.21
1790121003,31.74
1790121303,32.05
1790121602,31.53
1790121903,31.66
1790122203,32.09
1790122503,32.06
1790122803,31.10
1790123102,31.89
1790123403,31.91
1790123703,31.11
1790124003,31.01
1790124303,31.55
1790124602,31.31
1790124903,31.31
1790125203,31.79
1790125503,31.08
1790125802,31.50
1790126102,31.55
1790126403,31.90
1790126703,31.95
1790127003,31.12
1790127303,32.03
1790127603,31.65
1790127903,30.63
1790128203,31.57
1790128503,31.43
1790128803,31.81
1790129103,32.28
1790129403,29.40
1790129703,30.10
1790130003,30.47
1790130303,30.72
1790130603,29.87
1790130903,30.42
1790131202,29.32
1790131503,27.86
1790131803,25.48
1790132102,29.42
1790132402,31.91
1790132703,31.73
1790133002,31.01
1790133303,29.76
1790133602,26.22
1790133903,32.01
1790134203,31.35
1790134502,31.22
1790134802,31.58
1790135103,31.63
1790135403,31.75
1790135703,31.82
1790136003,31.90
1790136303,31.46
1790136603,29.89
1790136903,31.95
1790137203,31.88
1790137503,31.61
1790137803,30.82
1790138103,29.27
1790138403,28.42
1790138702,24.95
1790139003,27.67
1790139303,31.58
1790139603,31.21
1790139903,28.26
1790140203,29.63
1790140502,31.87
1790140803,30.27
1790141102,28.04
1790141403,26.35
1790141702,31.40
1790142002,31.72
1790142302,9.56
1790142603,29.13
1790142903,28.70
1790143203,27.61
1790143503,25.40
1790143802,31.38
1790144103,31.70
1790144403,29.56
1790144702,31.15
1790145003,31.74
1790145303,31.64
1790145603,31.76
1790145902,31.80
1790146203,31.19
1790146503,31.39
1790146803,31.96
1790147102,31.97
1790147403,30.79
1790147703,31.62
1790148003,32.88
1790148303,32.55
1790148603,33.33
1790148903,32.93
1790149203,33.09
1790149503,33.16
1790149802,32.95
1790150102,32.98
1790150402,31.63
1790150702,32.32
1790151003,32.31
1790151303,31.24
1790151603,31.74
1790151903,31.90
1790152202,32.81
1790152503,32.68
1790152803,32.70
1790153103,32.96
1790153403,33.26
1790153703,33.19
1790154003,33.22
1790154302,31.89
1790154602,32.07
1790154902,26.14
1790155203,28.01
1790155502,32.01
1790155803,32.30
1790156103,28.72
1790156402,32.56
1790156702,32.33
1790157003,33.04
1790157303,32.33
1790157603,32.11
1790157903,29.56
1790158203,26.60
1790158502,32.88
1790158803,32.89
1790159103,31.71
1790159403,29.22
1790159703,28.31
1790160003,32.81
1790160303,32.92
1790160603,32.71
1790160902,32.74
1790161202,32.35
1790161503,32.21
1790161803,31.54
1790162102,31.14
1790162402,26.71
1790162703,29.91
1790163003,32.98
1790163302,32.60
1790163603,31.90
1790163903,31.50
1790164202,31.00
1790164503,29.27
1790164804,28.51
1790165102,26.82
1790165402,33.37
1790165703,32.64
1790166003,32.12
1790166302,31.83
1790166604,29.46
1790166902,27.32
1790167202,32.06
1790167503,33.05
1790167803,31.78
1790168103,30.02
1790168402,32.93
1790168704,33.02
1790169003,32.44
1790169303,29.78
1790169603,28.23
1790169903,32.15
1790170203,32.36
1790170503,32.42
1790170803,31.93
1790171103,31.30
1790171403,28.35
1790171703,32.98
1790172003,32.64
1790172306,21.48
1790172605,21.07
1790172903,21.09
1790173204,21.35
1790173503,21.31
1790173804,21.16
1790174104,21.02
1790174403,21.00
1790174704,21.03
1790175003,21.22
1790175303,21.03
1790175603,21.03
1790175904,21.02
1790176205,21.03
1790176504,21.02
1790176804,21.05
1790177102,21.06
1790177403,21.02
1790177703,21.04
1790178003,21.12
1790178303,21.32
1790178604,21.46
1790178903,21.08
1790179203,21.01
1790179503,21.00
1790179803,21.19
1790180104,21.00
1790180403,21.07
1790180704,21.00
1790181003,21.01
1790181303,21.00
1790181603,21.10
1790181903,21.03
1790182203,21.15
1790182503,21.00
1790182804,21.56
1790183103,21.44
1790183403,21.39
1790183703,21.52
1790184003,21.00
1790184303,21.00
1790184604,2.66
1790184903,20.79
1790185203,21.00
1790185503,21.01
1790185803,21.02
1790186103,21.00
1790186404,21.02
1790186703,21.01
1790187002,21.20
1790187303,21.11
1790187603,21.04
1790187903,21.01
1790188203,21.83
1790188503,21.38
1790188803,21.15
1790189103,21.00
1790189403,21.01
1790189703,21.10
1790190003,21.01
1790190303,21.09
1790190603,21.00
1790190903,21.00
1790191203,21.10
1790191503,21.02
1790191803,21.08
1790192103,21.09
1790192402,21.04
1790192703,21.12
1790193003,21.35
1790193303,21.52
1790193602,21.36
1790193903,21.10
1790194203,21.33
1790194503,21.02
1790194803,21.00
1790195103,21.09
1790195404,21.02
1790195703,21.18
1790196003,21.00
1790196303,21.10
1790196602,21.00
1790196903,21.08
1790197203,21.06
1790197503,21.12
1790197803,21.00
1790198102,21.15
1790198403,21.17
1790198702,21.25
1790199003,21.02
1790199303,21.04
1790199603,21.04
1790199903,21.02
1790200203,21.06
1790200503,21.05
1790200802,21.33
1790201102,21.13
1790201403,21.00
1790201703,21.06
1790202003,21.05
1790202302,21.09
1790202603,21.10
1790202902,21.02
1790203203,21.41
1790203503,21.47
1790203803,21.11
1790204103,21.00
1790204403,21.02
1790204703,21.14
1790205002,21.17
1790205302,21.04
1790205603,21.03
1790205903,21.55
1790206202,21.11
1790206502,21.05
1790206803,21.13
1790207103,21.12
1790207403,21.01
1790207703,21.07
1790208003,21.06
1790208303,21.20
1790208602,21.07
1790208903,21.18
1790209203,21.03
1790209503,21.00
1790209803,21.00
1790210103,21.04
1790210403,21.04
1790210702,21.08
1790211003,21.04
1790211303,21.14
1790211602,21.07
1790211903,21.14
1790212203,21.16
1790212502,21.11
1790212803,21.08
1790213103,21.29
1790213403,21.01
1790213703,21.20
1790214003,21.16
1790214302,21.00
1790214602,21.02
1790214903,21.02
1790215202,21.00
1790215502,21.03
1790215802,21.08
1790216103,21.37
1790216402,21.06
1790216703,21.00
1790217002,21.03
1790217302,21.08
1790217602,21.03
1790217903,21.05
1790218203,21.08
1790218502,21.28
1790218802,21.09
1790219103,21.02
1790219403,21.15
1790219702,21.01
1790220002,21.00
1790220303,21.02
1790220603,21.12
1790220903,21.07
1790221202,21.10
1790221503,21.11
1790221803,21.09
1790222102,21.07
1790222403,21.12
1790222703,21.04
1790223002,21.14
1790223302,21.16
1790223603,21.10
1790223903,21.02
1790224203,21.07
1790224502,21.06
1790224803,21.06
1790225103,21.01
1790225402,21.00
1790225703,21.04
1790226002,21.06
1790226302,21.68
1790226603,21.02
1790226903,21.02
1790227202,21.13
1790227503,21.00
1790227803,21.00
1790228103,21.16
1790228403,21.15
1790228702,21.20
1790229003,21.09
1790229302,21.09
1790229603,21.16
1790229903,21.08
1790230203,21.06
1790230503,21.11
1790230803,21.08
1790231102,21.21
1790231402,2.94
1790231702,20.90
1790232003,21.14
1790232302,21.03
1790232603,21.00
1790232903,21.10
1790233202,21.16
1790233503,21.22
1790233803,21.53
1790234103,21.07
1790234402,21.12
1790234703,21.04
1790235003,21.00
1790235303,21.02
1790235603,21.05
1790235902,21.13
1790236203,21.07
1790236503,21.24
1790236803,21.01
1790237103,21.72
1790237403,21.09
1790237703,21.10
1790238003,21.14
1790238303,21.08
1790238603,21.04
1790238903,21.22
1790239202,21.17
1790239502,21.15
1790239802,22.08
1790240102,22.14
1790240403,22.18
1790240703,22.29
1790241002,22.01
1790241302,22.12
1790241603,22.06
1790241903,22.04
1790242203,22.02
1790242502,22.02
1790242803,22.11
1790243103,22.02
1790243403,22.16
1790243702,22.05
1790244003,22.16
1790244302,22.02
1790244603,22.02
1790244903,22.04
1790245203,22.06
1790245503,22.07
1790245803,22.02
1790246103,22.01
1790246403,22.00
1790246702,22.10
1790247003,22.41
1790247303,22.04
1790247603,22.03
1790247903,22.04
1790248203,22.08
1790248503,22.10
1790248804,22.12
1790249103,22.08
1790249403,22.08
1790249703,22.20
1790250003,22.10
1790250303,22.07
1790250603,22.08
1790250903,22.19
1790251203,22.03
1790251502,22.06
1790251803,22.04
1790252103,22.00
1790252403,22.02
1790252703,22.05
1790253004,22.01
1790253303,22.09
1790253602,22.25
1790253903,22.13
1790254204,22.09
1790254503,22.09
1790254803,22.01
1790255103,22.00
1790255403,22.08
1790255702,22.07
1790256003,22.00
1790256303,22.34
1790256603,22.24
1790256913,24.53
1790257203,26.16
1790257503,26.00
1790257802,26.26
1790258103,26.09
1790258404,16.44
1790258702,6.61
1790259003,6.25
1790259303,6.71
1790259603,6.41
1790259903,6.51
1790260205,6.27
1790260508,6.04
1790260813,4.09
1790261102,13.64
1790261404,14.03
1790261703,2.28
1790262004,2.04
1790262312,2.07
1790262603,2.07
1790262903,2.00
1790263203,2.08
1790263503,2.02
1790263803,2.11
1790264113,2.07
1790264405,2.04
1790264704,2.07
1790265003,2.07
1790265303,2.13
1790265603,2.10
1790265902,2.02
1790266203,2.03
1790266502,2.07
1790266803,2.03
1790267102,2.00
1790267402,2.04
1790267703,2.12
1790268003,2.09
1790268303,2.03
1790268603,2.01
1790268902,2.04
1790269204,2.04
1790269503,2.00
1790269804,2.08
1790270103,2.01
1790270402,2.06
1790270702,2.03
1790271002,2.00
1790271304,2.03
1790271603,2.02
1790271902,2.10
1790272203,2.11
1790272503,2.14
1790272803,2.04
1790273103,2.08
1790273403,1.24
1790273702,1.01
1790274003,1.03
1790274303,1.01
1790274602,1.00
1790274903,1.03
1790275204,1.15
1790275503,1.10
1790275803,1.00
1790276103,1.04
1790276403,1.01
1790276703,1.15
1790277002,1.03
1790277303,1.06
1790277603,1.18
1790277903,1.01
1790278203,1.00
1790278503,1.11
1790278803,1.01
1790279103,1.06
1790279403,1.05
1790279702,1.00
1790280004,1.10
1790280304,1.02
1790280602,1.10
1790280903,1.10
1790281203,1.01
1790281503,1.09
1790281803,1.02
1790282102,1.02
1790282403,1.15
1790282703,1.01
1790283003,1.01
1790283302,1.04
1790283602,1.10
1790283903,1.02
1790284203,1.03
1790284503,1.05
1790284803,1.09
1790285103,1.04
1790285402,1.05
1790285703,1.06
1790286003,1.06
1790286302,1.08
1790286603,1.08
1790286902,1.01
1790287203,1.05
1790287503,1.01
1790287802,1.06
1790288103,1.04
1790288403,1.08
1790288702,1.06
1790289003,1.13
1790289303,1.07
1790289603,1.13
1790289903,1.02
1790290202,1.06
1790290503,1.01
1790290803,1.11
1790291103,1.07
1790291402,1.01
1790291702,1.01
1790292003,1.03
1790292303,1.09
1790292603,1.08
1790292902,1.01
1790293202,1.02
1790293502,1.03
1790293803,1.07
1790294103,1.05
1790294402,1.02
1790294702,1.11
1790295002,1.05
1790295303,1.00
1790295603,1.05
1790295902,1.00
1790296203,1.09
1790296503,1.01
1790296802,1.14
1790297102,1.02
1790297403,1.00
1790297703,1.06
1790298003,1.09
1790298303,1.08
1790298603,1.31
1790298903,1.05
1790299202,1.11
1790299503,1.01
1790299803,1.02
1790300102,1.03
1790300402,1.01
1790300703,1.07
1790301002,1.02
1790301303,1.02
1790301603,1.06
1790301903,1.02
1790302202,1.20
1790302503,1.02
1790302802,1.10
1790303103,1.04
1790303403,1.02
1790303702,1.12
1790304003,1.12
1790304303,1.00
1790304602,1.10
1790304903,1.03
1790305202,1.22
1790305503,1.02
1790305803,1.00
1790306102,1.00
1790306403,1.68
1790306703,1.03
1790307003,1.11
1790307303,1.06
1790307602,1.01
1790307903,1.14
1790308203,1.01
1790308502,1.17
1790308803,1.03
1790309103,1.00
1790309402,1.03
1790309703,1.01
1790310003,1.04
1790310302,1.02
1790310603,1.08
1790310902,1.02
1790311203,1.01
1790311502,1.13
1790311802,1.01
1790312103,1.00
1790312402,1.05
1790312702,1.00
1790313003,1.07
1790313303,1.11
1790313603,1.16
1790313902,1.04
1790314203,1.02
1790314503,1.07
1790314802,1.13
1790315102,1.00
1790315403,1.21
1790315702,1.01
1790316002,1.11
1790316302,1.01
1790316603,1.00
1790316902,1.10
1790317203,1.07
1790317503,1.03
1790317802,1.03
1790318102,1.14
1790318402,1.01
1790318703,1.00
1790319003,1.06
1790319303,1.01
1790319602,1.02
1790319903,1.02
1790320202,1.04
1790320503,1.02
1790320802,1.09
1790321102,1.01
1790321403,1.08
1790321702,1.12
1790322003,1.02
1790322303,1.09
1790322602,1.03
1790322903,1.04
1790323202,1.21
1790323502,1.01
1790323803,1.08
1790324102,1.02
1790324402,1.23
1790324702,1.10
1790325003,1.04
1790325303,1.05
1790325603,1.02
1790325902,1.02
1790326202,1.06
1790326503,1.01
1790326802,1.06
1790327103,1.01
1790327403,1.01
1790327703,1.05
1790328003,1.00
1790328303,9.11
1790328602,14.43
1790328903,15.47
1790329202,15.10
1790329503,3.26
1790329803,1.58
1790330103,5.73
1790330403,2.58
1790330703,2.04
1790331003,2.00
1790331303,13.99
1790331602,14.12
1790331903,14.36
1790332203,14.10
1790332503,14.14
1790332802,14.11
1790333103,14.06
1790333403,13.94
1790333702,10.20
1790334002,8.08
1790334302,8.01
1790334603,8.00
1790334903,8.00
1790335202,8.12
1790335502,8.03
1790335802,8.06
1790336103,8.05
1790336403,8.02
1790336703,2.21
1790337003,2.19
1790337303,2.09
1790337602,2.05
1790337902,2.00
1790338202,2.05
1790338503,2.14
1790338802,2.09
1790339102,2.04
1790339403,11.55
1790339703,14.06
1790340003,14.39
1790340302,14.18
1790340602,14.44
1790340903,13.18
1790341203,14.10
1790341503,14.19
1790341802,14.14
1790342102,14.00
1790342402,14.48
1790342703,14.37
1790343003,14.34
1790343302,14.18
1790343603,14.17
1790343902,14.47
1790344203,14.20
1790344502,14.37
1790344803,14.20
1790345103,14.53
1790345403,14.21
1790345703,14.19
1790346003,14.41
1790346302,14.18
1790346602,14.63
1790346903,14.25
1790347203,14.36
1790347502,14.41
1790347803,14.27
1790348103,14.28
1790348403,14.43
1790348702,14.22
1790349003,14.41
1790349302,14.31
1790349602,14.38
1790349902,14.47
1790350203,14.28
1790350503,14.28
1790350803,13.98
1790351102,14.10
1790351402,14.21
1790351703,14.11
1790352003,14.22
1790352303,14.32
1790352602,14.11
1790352902,14.04
1790353202,14.21
1790353502,14.21
1790353802,14.30
1790354103,14.04
1790354403,14.34
1790354702,14.07
1790355002,14.04
1790355302,14.10
1790355602,3.83
1790355903,14.05
1790356203,14.11
1790356503,14.18
1790356803,14.18
1790357103,14.03
1790357403,14.24
1790357703,14.04
1790358003,14.22
1790358303,14.43
1790358603,14.38
1790358903,14.13
1790359203,14.05
1790359503,14.23
1790359802,14.03
1790360102,14.35
1790360402,14.20
1790360703,14.11
1790361003,14.16
1790361303,14.32
1790361603,14.11
1790361902,14.08
1790362202,14.17
1790362503,14.18
1790362802,14.37
1790363103,14.13
1790363403,14.04
1790363703,14.15
1790364002,14.09
1790364303,14.23
1790364603,14.28
1790364903,14.21
1790365203,14.12
1790365502,14.28
1790365803,14.02
1790366103,14.16
1790366403,18.45
1790366703,19.14
1790367003,19.15
1790367303,19.13
1790367603,19.15
1790367903,19.17
1790368202,19.10
1790368503,19.06
1790368803,19.16
1790369103,19.36
1790369403,18.98
1790369703,19.10
1790370003,19.17
1790370303,13.39
1790370602,13.18
1790370903,13.13
1790371202,13.08
1790371502,13.29
1790371803,13.22
1790372102,13.31
1790372403,13.17
1790372703,13.11
1790373003,13.08
1790373302,13.07
1790373603,13.30
1790373903,13.27
1790374202,13.02
1790374502,13.15
1790374803,13.07
1790375103,13.16
1790375403,13.25
1790375702,13.50
1790376003,13.09
1790376302,13.14
1790376602,13.20
1790376902,13.18
1790377203,13.37
1790377502,13.14
1790377803,13.23
1790378102,13.24
1790378403,13.10
1790378703,13.16
1790379003,13.05
1790379302,13.06
1790379603,13.23
1790379903,13.26
1790380203,13.35
1790380503,13.49
1790380803,13.32
1790381103,13.16
1790381403,13.22
1790381703,13.15
1790382003,13.13
1790382304,13.07
1790382603,13.29
1790382903,13.27
1790383203,13.28
1790383503,13.12
1790383802,13.20
1790384103,13.14
1790384402,13.26
1790384703,13.11
1790385002,13.38
1790385303,13.10
1790385603,13.06
1790385903,13.13
1790386202,13.32
1790386503,13.05
1790386803,13.08
1790387102,13.10
1790387402,13.19
1790387703,13.81
1790388003,13.26
1790388303,13.23
1790388603,13.16
1790388903,13.03
1790389203,13.16
1790389503,13.05
1790389802,13.17
1790390103,13.23
1790390403,13.09
1790390702,13.16
1790391004,13.08
1790391302,13.25
1790391603,13.04
1790391903,13.22
1790392202,13.10
1790392503,13.38
1790392803,13.27
1790393102,13.17
1790393403,13.31
1790393703,13.14
1790394003,13.20
1790394303,13.06
1790394603,13.05
1790394903,13.65
1790395203,13.05
1790395503,13.07
1790395803,13.31
1790396102,13.08
1790396403,13.09
1790396703,13.15
1790397003,13.16
1790397303,13.11
1790397602,13.14
1790397903,13.17
1790398203,13.25
1790398503,13.23
1790398802,13.07
1790399103,13.03
1790399403,13.55
1790399702,13.10
1790400003,13.01
1790400302,13.09
1790400603,13.06
1790400903,2.29
1790401203,5.40
1790401502,1.17
1790401803,1.02
1790402103,1.01
1790402402,1.08
1790402703,1.03
1790403003,1.00
1790403302,1.60
1790403603,1.01
1790403903,1.10
1790404203,1.01
1790404502,1.00
1790404803,1.03
1790405102,1.01
1790405403,1.16
1790405702,1.02
1790406003,1.00
1790406302,1.04
1790406603,1.02
1790406902,1.00
1790407203,1.16
1790407502,1.01
1790407803,1.16
1790408103,1.02
1790408403,1.01
1790408703,1.15
1790409003,1.12
1790409303,1.00
1790409602,1.03
1790409903,1.00
1790410202,1.08
1790410502,1.04
1790410802,1.01
1790411103,0.26
1790411402,0.22
1790411703,0.05
1790412002,0.05
1790412303,0.03
1790412603,0.04
1790412903,0.03
1790413202,0.01
1790413503,0.21
1790413803,0.08
1790414103,0.06
1790414403,0.09
1790414703,0.02
1790415003,0.03
1790415303,0.00
1790415603,0.01
1790415903,0.00
1790416203,0.01
1790416502,0.07
1790416803,0.06
1790417102,0.06
1790417403,0.04
1790417703,0.02
1790418002,0.02
1790418303,0.02
1790418603,0.01
1790418903,0.00
1790419202,0.00
1790419502,0.00
1790419803,0.01
1790420102,0.08
1790420403,0.07
1790420703,0.08
1790421003,0.01
1790421302,0.01
1790421603,0.00
1790421903,0.00
1790422203,0.15
1790422503,0.01
1790422803,0.00
1790423103,0.00
1790423402,0.00
1790423702,0.00
1790424003,0.00
1790424303,0.07
1790424602,0.09
1790424903,0.11
1790425202,0.01
1790425503,0.00
1790425802,0.00
1790426103,0.00
1790426403,0.00
1790426703,0.02
1790427002,0.00
1790427303,0.16
1790427602,0.04
1790427903,0.08
1790428203,0.03
1790428503,0.10
1790428802,0.02
1790429103,0.00
1790429403,0.01
1790429703,0.10
1790430003,0.00
1790430303,0.06
1790430603,0.08
1790430902,0.00
1790431203,0.15
1790431503,0.05
1790431803,0.03
1790432102,0.02
1790432403,0.04
1790432703,0.01
1790433002,0.00
1790433303,0.00
1790433602,0.01
1790433903,0.04
1790434203,0.00
1790434503,0.09
1790434803,0.03
1790435103,0.01
1790435402,0.00
1790435702,0.00
1790436002,0.00
1790436303,0.00
1790436603,0.00
1790436903,0.07
1790437203,0.19
1790437503,0.03
1790437803,0.02
1790438103,0.02
1790438402,0.02
1790438703,0.00
1790439003,0.00
1790439303,0.00
1790439602,0.00
1790439903,0.15
1790440203,0.01
1790440503,0.00
1790440802,0.00
1790441103,0.12
1790441403,0.10
1790441703,0.06
1790442003,0.02
1790442302,0.01
1790442603,0.01
1790442903,0.00
1790443202,0.00
1790443503,0.04
1790443803,0.00
1790444103,0.00
1790444403,0.00
1790444702,0.02
1790445002,0.05
1790445303,0.04
1790445603,0.00
1790445902,0.02
1790446203,0.03
1790446503,0.00
1790446803,0.00
1790447102,0.00
1790447403,0.09
1790447703,0.11
1790448003,0.09
1790448303,0.06
1790448602,0.11
1790448903,0.05
1790449202,0.02
1790449503,0.06
1790449803,0.01
1790450103,0.00
1790450403,0.01
1790450703,0.00
1790451003,0.00
1790451303,0.00
1790451603,0.00
1790451903,0.00
1790452202,15.36
1790452502,18.06
1790452803,18.01
1790453103,18.10
1790453402,18.09
1790453703,18.00
1790454003,18.10
1790454302,18.10
1790454603,18.08
1790454902,18.02
1790455203,18.06
1790455503,18.04
1790455803,18.01
1790456103,18.08
1790456403,18.09
1790456703,18.09
1790457003,18.10
1790457302,18.02
1790457603,18.03
1790457902,18.00
1790458203,18.09
1790458503,18.01
1790458803,18.16
1790459102,17.95
1790459403,18.12
1790459703,18.02
1790460002,18.15
1790460302,18.09
1790460602,18.00
1790460902,18.02
1790461203,18.01
1790461502,18.05
1790461803,18.02
1790462103,18.09
1790462403,18.02
1790462703,18.08
1790463003,18.02
1790463302,18.03
1790463603,18.06
1790463903,18.02
1790464203,18.05
1790464502,18.01
1790464803,18.07
1790465102,18.08
1790465403,18.00
1790465703,18.02
1790466003,18.00
1790466302,18.05
1790466603,18.03
1790466902,18.12
1790467203,18.10
1790467502,18.08
1790467803,18.01
1790468103,18.08
1790468402,18.04
1790468703,18.00
1790469003,18.06
1790469303,18.01
1790469603,18.03
1790469903,12.18
1790470202,12.01
1790470503,12.01
1790470808,12.04
1790471103,12.08
1790471403,12.01
1790471702,12.01
1790472002,12.01
1790472303,12.13
1790472602,12.05
1790472903,12.11
1790473203,12.16
1790473503,12.01
1790473803,12.06
1790474102,12.05
1790474403,12.13
1790474703,12.02
1790475002,12.01
1790475302,12.02
1790475604,12.04
1790475903,12.04
1790476203,12.00
1790476503,12.03
1790476802,12.02
1790477103,12.04
1790477402,12.08
1790477703,12.01
1790478002,12.11
1790478304,12.02
1790478603,12.01
1790478903,12.13
1790479202,12.01
1790479503,12.02
1790479803,12.10
1790480102,12.04
1790480403,12.04
1790480703,12.06
1790481002,12.00
1790481302,12.01
1790481603,12.04
1790481902,12.05
1790482203,12.17
1790482503,12.02
1790482802,12.02
1790483103,12.04
1790483403,12.07
1790483703,12.09
1790484003,12.04
1790484302,12.08
1790484603,12.06
1790484903,12.00
1790485203,12.01
1790485503,12.02
1790485803,12.03
1790486103,12.05
1790486403,12.15
1790486703,12.01
1790487003,11.99
1790487302,9.40
1790487602,6.05
1790487903,6.07
1790488202,6.05
1790488503,6.02
1790488803,6.08
1790489102,6.03
1790489403,6.03
1790489702,6.04
1790490003,6.03
1790490303,6.03
1790490603,6.04
1790490903,6.10
1790491202,6.05
1790491502,6.06
1790491803,6.06
1790492102,6.06
1790492402,6.07
1790492703,6.04
1790493002,6.07
1790493303,6.01
1790493603,6.02
1790493902,6.11
1790494203,6.07
1790494503,6.08
1790494803,6.08
1790495102,6.09
1790495403,6.09
1790495703,6.00
1790496002,6.00
1790496303,6.01
1790496603,6.01
1790496902,6.01
1790497203,6.01
1790497502,6.13
1790497803,6.01
1790498103,6.00
1790498402,6.05
1790498703,6.01
1790499002,6.01
1790499303,6.01
1790499602,6.10
1790499903,6.08
1790500202,6.04
1790500502,6.00
1790500802,6.07
1790501103,6.01
1790501403,6.06
1790501704,6.02
1790502002,6.12
1790502302,6.05
1790502602,6.01
1790502903,6.11
1790503203,6.03
1790503503,6.15
1790503802,6.07
1790504103,6.00
1790504403,6.09
1790504703,6.00
1790505003,6.03
1790505303,6.01
1790505602,6.07
1790505903,6.12
1790506203,6.10
1790506503,6.05
1790506803,6.08
1790507103,6.04
1790507402,6.01
1790507703,6.12
1790508002,6.03
1790508303,6.07
1790508603,6.08
1790508903,6.00
1790509203,6.05
1790509503,6.03
1790509804,2.22
1790510103,0.01
1790510403,0.17
1790510703,0.08
1790511003,0.05
1790511303,0.02
1790511602,0.02
1790511903,0.01
1790512203,0.12
1790512502,0.05
1790512802,0.04
1790513102,0.08
1790513403,0.05
1790513702,0.01
1790514003,0.02
1790514302,0.01
1790514602,0.00
1790514903,0.00
1790515203,0.01
1790515503,0.00
1790515803,0.09
1790516103,0.06
1790516403,0.05
1790516703,0.06
1790517003,0.02
1790517303,0.05
1790517603,0.03
1790517903,0.00
1790518203,0.02
1790518502,0.07
1790518803,0.09
1790519102,0.09
1790519402,0.06
1790519717,0.02
1790520011,0.03
1790520311,0.02
1790520611,0.00
1790520911,0.00
1790521211,0.00
1790521511,0.00
1790521811,0.08
1790522111,0.13
1790522403,0.07
1790522702,0.01
1790523003,0.02
1790523303,0.00
1790523603,0.08
1790523903,0.03
1790524203,0.14
1790524502,0.15
1790524803,0.04
1790525103,0.01
1790525403,0.03
1790525703,0.02
1790526002,0.00
1790526303,0.00
1790526603,0.03
1790526902,0.00
1790527202,0.00
1790527503,0.09
1790527802,0.11
1790528103,0.09
1790528403,0.20
1790528703,0.06
1790529003,0.00
1790529303,0.12
1790529603,0.06
1790529903,0.02
1790530202,0.10
1790530503,0.01
1790530802,0.02
1790531103,0.08
1790531402,0.01
1790531703,0.00
1790532003,0.15
1790532302,0.06
1790532603,0.03
1790532903,0.47
1790533203,9.89
1790533502,12.08
1790533802,12.32
1790534102,12.28
1790534403,12.32
1790534702,12.20
1790535003,12.37
1790535303,12.18
1790535603,12.56
1790535903,12.30
1790536202,12.27
1790536503,12.18
1790536803,12.66
1790537103,12.20
1790537403,12.53
1790537703,12.24
1790538003,12.41
1790538303,12.15
1790538603,12.46
1790538903,3.83
1790539203,0.87
1790539503,0.11
1790539803,0.06
1790540102,0.08
1790540403,0.11
1790540702,0.01
1790541003,0.00
1790541303,0.01
1790541603,0.01
1790541903,0.90
1790542203,0.12
1790542502,0.06
1790542802,0.02
1790543102,0.02
1790543402,0.09
1790543702,0.02
1790544003,0.02
1790544303,0.01
1790544603,0.00
1790544903,0.00
1790545202,0.00
1790545503,0.15
1790545803,0.11
1790546103,0.09
1790546403,0.05
1790546703,0.00
1790547003,0.02
1790547302,0.06
1790547603,0.01
1790547903,0.01
1790548203,0.80
1790548503,0.04
1790548803,0.00
1790549102,0.03
1790549403,0.08
1790549703,0.11
1790550003,0.08
1790550303,0.10
1790550602,0.02
1790550903,0.09
1790551203,0.01
1790551502,0.04
1790551803,0.00
1790552103,0.00
1790552403,0.11
1790552703,0.11
1790553003,0.03
1790553302,0.05
1790553603,0.02
1790553903,0.04
1790554203,0.01
1790554502,0.01
1790554803,0.00
1790555103,0.02
1790555402,0.08
1790555703,0.05
1790556003,0.12
1790556303,0.01
1790556602,0.01
1790556903,0.01
1790557203,0.00
1790557503,0.01
1790557803,0.04
1790558102,0.01
1790558402,0.00
1790558703,0.04
1790559003,0.03
1790559303,0.02
1790559602,0.04
1790559903,0.02
1790560203,0.02
1790560503,0.09
1790560802,0.01
1790561102,0.08
1790561402,0.00
1790561703,0.00
1790562002,0.08
1790562302,0.09
1790562603,0.18
1790562903,0.06
1790563203,0.09
1790563503,0.02
1790563803,0.13
1790564102,0.08
1790564403,0.02
1790564703,0.00
1790565003,0.00
1790565302,0.00
1790565603,0.00
1790565903,0.00
1790566202,0.00
1790566503,0.00
1790566803,0.08
1790567102,0.17
1790567403,0.01
1790567703,0.04
1790568003,0.02
1790568303,0.01
1790568603,0.00
1790568903,0.00
1790569203,0.00
1790569502,0.00
1790569802,0.00
1790570102,0.00
1790570403,0.08
1790570703,0.06
1790571002,0.12
1790571303,0.03
1790571602,0.02
1790571903,0.04
1790572203,0.00
1790572502,0.00
1790572802,0.00
1790573103,0.00
1790573403,0.00
1790573703,0.08
1790574003,0.08
1790574302,0.09
1790574603,0.03
1790574902,0.11
1790575203,0.02
1790575503,0.01
1790575802,0.01
1790576103,0.00
1790576403,0.00
1790576703,0.00
1790577003,0.00
1790577301,0.12
1790577601,0.11
1790577901,0.07
1790580564,0.95
1790580603,0.48
1790580903,0.50
1790581203,0.29
1790581503,0.00
1790581803,0.00
1790582103,0.00
1790582403,0.00
1790582703,0.02
1790583003,0.00
1790583303,0.17
1790583602,0.39
1790583903,1.92
1790584202,7.93
1790584503,8.21
1790584802,6.37
1790585102,8.11
1790585403,8.30
1790585703,6.48
1790586003,8.14
1790586302,8.05
1790586603,7.40
1790586903,8.14
1790587203,8.16
1790587503,1.72
1790587803,3.61
1790588103,7.31
1790588403,8.28
1790588703,7.65
1790589004,7.88
1790589303,8.05
1790589604,6.45
1790589904,8.04
1790590204,8.00
1790590504,6.83
1790590804,8.20
1790591104,8.11
1790591404,1.63
1790591704,8.04
1790592003,7.97
1790592303,2.86
1790592603,7.08
1790592905,7.85
1790593203,7.96
1790593504,4.31
1790593803,8.10
1790594103,8.19
1790594404,2.12
1790594703,7.69
1790595005,8.14
1790595303,7.52
1790595604,8.38
1790595904,8.17
1790596204,2.46
1790596504,22.39
1790596803,28.25
1790597104,28.53
1790597405,25.41
1790597704,28.38
1790598003,9.76
1790598305,2.85
1790598604,8.67
1790598904,9.23
1790599204,7.14
1790599504,9.06
1790599805,9.55
1790600103,3.25
1790600404,8.14
1790600703,22.45
1790601004,28.17
1790601303,28.02
1790601604,27.13
1790601904,28.20
1790602203,28.13
1790602504,28.34
1790602805,25.60
1790603103,25.13
1790603403,28.17
1790603703,28.20
1790604003,28.58
1790604303,28.72
1790604603,24.25
1790604903,28.20
1790605203,28.09
1790605502,28.06
1790605803,28.02
1790606103,21.95
1790606403,27.70
1790606703,28.18
1790607003,28.27
1790607302,28.66
1790607603,26.25
1790607903,28.11
1790608203,28.23
1790608502,28.08
1790608803,28.23
1790609103,22.30
1790609403,25.58
1790609703,26.12
1790610003,28.38
1790610303,28.12
1790610603,28.17
1790610903,28.26
1790611204,25.45
1790611503,27.42
1790611804,28.26
1790612103,28.04
1790612403,28.27
1790612703,28.16
1790613004,24.92
1790613303,27.97
1790613603,28.65
1790613903,28.16
1790614203,28.19
1790614502,23.74
1790614803,24.00
1790615103,28.20
1790615403,28.44
1790615703,28.21
1790616008,28.27
1790616303,22.83
1790616603,10.39
1790616903,25.94
1790617203,28.10
1790617503,28.29
1790617803,22.13
1790618103,27.86
1790618403,28.28
1790618703,28.35
1790619003,28.57
1790619303,23.45
1790619603,24.93
1790619903,28.07
1790620203,28.10
1790620503,28.21
1790620803,27.67
1790621103,22.08
1790621403,27.66
1790621703,28.11
1790622002,28.18
1790622303,28.18
1790622603,23.02
1790622903,24.77
1790623203,27.98
1790623502,28.21
1790623803,28.17
1790624102,28.48
1790624402,22.60
1790624703,28.07
1790625003,28.43
1790625303,28.33
1790625603,28.45
1790625903,23.71
1790626204,23.94
1790626503,28.02
1790626803,28.26
1790627102,28.30
1790627403,28.23
1790627703,21.78
1790628003,24.05
1790628302,27.78
1790628603,28.14
1790628903,28.39
1790629203,28.14
1790629503,25.88
1790629803,23.20
1790630102,28.07
1790630403,28.15
1790630702,28.32
1790631002,28.32
1790631304,23.52
1790631603,27.98
1790631902,28.21
1790632203,28.22
1790632503,28.43
1790632803,21.83
1790633103,27.05
1790633403,28.36
1790633702,28.57
1790634003,28.06
1790634302,24.07
1790634603,24.21
1790634903,28.25
1790635202,28.28
1790635503,28.07
1790635803,27.88
1790636103,21.81
1790636403,28.04
1790636702,28.40
1790637002,28.08
1790637302,28.17
1790637602,22.28
1790637902,26.28
1790638203,28.23
1790638503,28.25
1790638802,28.13
1790639102,25.18
1790639402,24.69
1790639703,28.11
1790640003,28.06
1790640303,28.09
1790640603,28.32
1790640903,24.95
1790641203,28.02
1790641502,28.22
1790641803,28.15
1790642103,28.40
1790642402,21.75
1790642703,28.15
1790643003,28.19
1790643303,28.15
1790643605,28.38
1790643903,22.50
1790644203,27.93
1790644502,28.07
1790644803,28.22
1790645103,28.42
1790645402,22.04
1790645703,24.32
1790646003,25.80
1790646302,28.27
1790646603,28.21
1790646903,27.18
1790647204,27.00
1790647502,29.19
1790647802,29.67
1790648103,23.24
1790648402,28.37
1790648702,29.45
1790649003,28.23
1790649303,22.74
1790649603,26.68
1790649903,28.26
1790650203,28.01
1790650503,23.05
1790650803,25.98
1790651103,28.25
1790651402,28.28
1790651703,24.07
1790652003,24.29
1790652302,28.05
1790652603,28.34
1790652902,26.31
1790653203,25.32
1790653503,28.06
1790653803,28.11
1790654103,27.81
1790654403,25.70
1790654703,28.01
1790655003,28.11
1790655302,28.13
1790655603,23.83
1790655903,28.19
1790656202,28.21
1790656503,28.52
1790656803,24.12
1790657103,27.95
1790657403,28.30
1790657703,28.67
1790658003,22.87
1790658303,28.11
1790658603,28.26
1790658902,28.28
1790659203,22.44
1790659503,5.11
1790659803,26.33
1790660103,27.51
1790660403,27.47
1790660702,28.18
1790661003,22.16
1790661302,27.21
1790661602,28.26
1790661902,23.11
1790662203,26.39
1790662502,28.14
1790662803,25.55
1790663102,23.84
1790663403,28.19
1790663703,28.13
1790664003,24.90
1790664303,28.28
1790664602,28.55
1790664902,21.82
1790665203,27.95
1790665503,28.24
1790665803,22.55
1790666103,28.65
1790666403,28.70
1790666702,22.55
1790667002,27.68
1790667302,27.93
1790667603,22.15
1790667903,26.96
1790668203,28.10
1790668503,23.29
1790668803,26.04
1790669103,28.06
1790669403,24.87
1790669703,25.54
1790670003,25.45
1790670303,28.14
1790670603,26.45
1790670903,27.60
1790671203,34.30
1790671503,44.68
1790671803,38.85
1790672103,43.72
1790672403,45.41
1790672703,39.34
1790673003,25.66
1790673304,18.84
1790673603,24.32
1790673903,21.81
1790674204,19.08
1790674503,23.72
1790674803,18.10
1790675103,24.16
1790675403,19.53
1790675703,20.66
1790676003,23.06
1790676303,18.61
1790676602,14.40
1790676902,23.47
1790677203,23.27
1790677503,24.74
1790677803,22.40
1790678103,27.10
1790678403,20.79
1790678703,27.82
1790679003,24.12
1790679303,24.75
1790679603,24.65
1790679903,21.86
1790680203,28.07
1790680503,16.83
1790680804,27.20
1790681103,26.06
1790681403,19.71
1790681702,18.54
1790682003,14.59
1790682303,18.55
1790682603,17.09
1790682902,13.59
1790683206,19.56
1790683503,16.84
1790683803,13.51
1790684103,19.05
1790684403,11.87
1790684702,13.23
1790685003,15.44
1790685303,17.57
1790685603,11.68
1790685903,13.62
1790686202,18.14
1790686502,14.25
1790686803,14.47
1790687102,21.69
1790687403,20.91
1790687705,26.16
1790688004,27.97
1790688303,28.09
1790688605,27.20
1790688903,27.23
1790689203,26.68
1790689503,26.80
1790689804,26.08
1790690105,28.02
1790690402,25.60
1790690703,27.02
1790691003,26.79
1790691304,27.74
1790691603,25.83
1790691903,27.21
1790692203,27.75
1790692503,20.52
1790692803,27.53
1790693103,28.19
1790693405,27.15
1790693706,26.91
1790694006,16.60
1790694303,28.14
1790694604,28.18
1790694903,28.11
1790695203,27.42
1790695503,20.78
1790695803,28.09
1790696103,28.02
1790696403,27.68
1790696703,24.74
1790697003,27.38
1790697303,28.01
1790697603,27.24
1790697903,21.99
1790698203,24.01
1790698503,27.50
1790698803,27.46
1790699103,27.20
1790699402,27.61
1790699703,28.11
1790700003,27.68
1790700303,27.86
1790700603,21.92
1790700903,27.92
1790701203,21.10
1790701503,27.52
1790701803,25.22
1790702103,20.96
1790702403,20.16
1790702703,16.60
1790703003,16.80
1790703303,20.16
1790703603,19.81
1790703903,16.36
1790704203,19.98
1790704503,20.07
1790704802,13.83
1790705103,18.40
1790705403,19.67
1790705702,17.33
1790706003,15.12
1790706302,19.50
1790706603,19.45
1790706903,15.85
1790707203,19.26
1790707503,18.46
1790707803,16.29
1790708103,15.60
1790708403,16.71
1790708703,13.02
1790709003,19.48
1790709303,19.68
1790709603,19.04
1790709903,18.68
1790710203,18.63
1790710503,10.59
1790710803,14.84
1790711103,18.70
1790711403,19.85
1790711703,19.49
1790712003,14.14
1790712303,16.74
1790712603,19.08
1790712903,15.04
1790713203,15.54
1790713503,19.19
1790713803,20.08
1790714103,18.75
1790714403,14.74
1790714703,19.04
1790715003,17.09
1790715303,10.08
1790715603,18.19
1790715903,18.75
1790716202,19.95
1790716502,13.77
1790716802,16.06
1790717103,19.07
1790717403,13.10
1790717703,18.21
1790718003,19.20
1790718303,18.59
1790718603,11.37
1790718903,19.29
1790719203,19.17
1790719503,9.36
1790719802,18.84
1790720102,19.68
1790720403,18.88
1790720702,13.39
1790721003,16.34
1790721303,18.56
1790721603,13.48
1790721903,14.46
1790722203,19.29
1790722503,18.94
1790722803,11.47
1790723103,12.64
1790723403,18.28
1790723702,19.05
1790724003,13.70
1790724303,19.96
1790724603,19.21
1790724903,12.26
1790725203,18.29
1790725502,16.61
1790725802,15.64
1790726103,17.35
1790726403,15.38
1790726703,18.67
1790727003,16.01
1790727303,19.68
1790727603,18.67
1790727902,12.55
1790728202,15.09
1790728502,17.04
1790728803,12.88
1790729103,14.43
1790729403,18.07
1790729703,16.21
1790730003,15.57
1790730303,14.53
1790730603,18.77
1790730903,11.55
1790731203,13.21
1790731502,17.83
1790731803,10.17
1790732102,18.56
1790732403,19.09
1790732703,11.26
1790733003,14.28
1790733303,16.18
1790733603,16.50
1790733903,13.54
1790734203,16.82
1790734503,20.01
1790734802,17.26
1790735102,15.17
1790735403,19.61
1790735703,14.79
1790736003,19.65
1790736302,12.98
1790736603,18.64
1790736903,19.73
1790737203,14.24
1790737503,19.07
1790737803,19.55
1790738103,9.58
1790738403,17.49
1790738703,16.10
1790739003,16.33
1790739303,19.26
1790739602,13.41
1790739903,17.87
1790740203,18.35
1790740503,14.52
1790740803,13.31
1790741102,11.57
1790741403,18.76
1790741703,18.81
1790742002,8.18
1790742303,17.58
1790742603,15.66
1790742903,9.94
1790743203,18.58
1790743503,13.87
1790743802,13.66
1790744102,11.91
1790744402,19.33
1790744702,12.54
1790745003,17.41
1790745303,8.70
1790745603,19.06
1790745903,12.22
1790746203,13.09
1790746502,11.72
1790746803,18.95
1790747103,14.33
1790747402,18.47
1790747702,15.53
1790748003,18.64
1790748303,14.76
1790748603,18.46
1790748903,15.74
1790749203,17.82
1790749502,10.33
1790749802,10.43
1790750103,17.14
1790750404,14.72
1790750703,13.66
1790751003,15.24
1790751303,18.48
1790751603,13.17
1790751903,16.26
1790752202,13.41
1790752503,11.21
1790752803,19.17
1790753103,16.96
1790753403,13.83
1790753703,18.59
1790754003,14.26
1790754303,13.75
1790754602,14.30
1790754902,11.58
1790755203,13.00
1790755503,17.69
1790755803,13.30
1790756103,11.34
1790756403,18.16
1790756703,9.84
1790757003,16.62
1790757303,18.34
1790757603,13.45
1790757903,19.66
1790758203,14.64
1790758503,13.22
1790758803,18.84
1790759103,13.67
1790759403,16.30
1790759703,19.39
1790760003,7.85
1790760303,17.54
1790760602,12.73
1790760903,11.46
1790761203,16.75
1790761503,13.43
1790761802,13.38
1790762104,16.13
1790762403,13.77
1790762703,13.66
1790763003,13.98
1790763303,19.04
1790763602,9.36
1790763903,13.58
1790764203,18.20
1790764502,13.64
1790764802,16.12
1790765103,8.28
1790765403,10.31
1790765703,18.74
1790766003,19.68
1790766303,19.75
1790766603,16.82
1790766903,19.32
1790767202,19.03
1790767502,18.75
1790767802,17.13
1790768102,19.43
1790768402,18.55
1790768702,19.71
1790769002,16.52
1790769302,26.13
1790769603,27.19
1790769903,26.99
1790770203,23.39
1790770503,21.90
1790770803,26.92
1790771103,27.02
1790771403,26.49
1790771702,26.85
1790772002,20.34
1790772303,25.31
1790772602,25.71
1790772903,24.80
1790773202,26.81
1790773503,25.07
1790773803,26.62
1790774103,27.14
1790774403,27.04
1790774703,21.04
1790775003,25.63
1790775302,26.73
1790775603,26.90
1790775903,27.28
1790776203,21.34
1790776502,24.47
1790776803,22.94
1790777103,21.21
1790777403,25.90
1790777703,15.42
1790778003,27.46
1790778303,27.63
1790778603,26.67
1790778903,23.96
1790779203,14.22
1790779503,14.98
1790779803,15.98
1790780103,17.54
1790780402,15.62
1790780703,19.89
1790781003,18.83
1790781302,19.38
1790781603,17.75
1790781902,19.11
1790782202,14.69
1790782502,14.60
1790782803,11.83
1790783103,17.82
1790783403,18.35
1790783702,19.19
1790784003,12.27
1790784303,17.25
1790784603,18.26
1790784903,18.89
1790785203,10.33
1790785503,18.68
1790785803,19.76
1790786103,19.68
1790786403,13.68
1790786703,17.16
1790787003,20.11
1790787303,14.58
1790787603,9.90
1790787903,18.52
1790788203,18.68
1790788503,19.51
1790788802,19.32
1790789102,18.70
1790789403,18.96
1790789702,19.80
1790790003,19.58
1790790302,14.14
1790790603,15.59
1790790903,19.86
1790791202,19.57
1790791502,19.88
1790791802,15.01
1790792102,19.61
1790792403,20.00
1790792703,19.22
1790793002,18.46
1790793302,12.56
1790793603,22.08
1790793903,27.67
1790794203,28.09
1790794503,26.03
1790794803,26.74
1790795103,22.65
1790795402,26.49
1790795703,27.04
1790796003,27.76
1790796303,27.21
1790796603,20.91
1790796902,25.39
1790797203,21.48
1790797503,26.56
1790797803,27.39
1790798103,21.77
1790798402,27.21
1790798704,27.65
1790799003,27.60
1790799303,27.21
1790799603,20.49
1790799902,23.59
1790800203,26.92
1790800503,27.30
1790800803,22.21
1790801103,26.24
1790801403,26.97
1790801703,25.85
1790802003,22.20
1790802303,20.17
1790802603,27.40
1790802903,27.68
1790803203,26.56
1790803503,26.35
1790803803,21.73
1790804102,28.19
1790804403,27.46
1790804703,27.25
1790805003,27.73
1790805303,22.44
1790805603,27.95
1790805903,26.50
1790806203,28.15
1790806502,27.25
1790806803,21.73
1790807102,27.72
1790807402,27.91
1790807703,26.69
1790808003,25.61
1790808303,21.28
1790808602,26.84
1790808903,27.42
1790809203,27.36
1790809503,20.97
1790809803,21.37
1790810103,26.17
1790810403,27.22
1790810703,26.90
1790811003,22.03
1790811303,26.37
1790811602,25.76
1790811903,24.45
1790812202,25.95
1790812503,20.96
1790812803,22.40
1790813102,23.45
1790813403,27.76
1790813702,17.44
1790814003,22.65
1790814303,27.79
1790814602,21.62
1790814903,17.24
1790815203,27.09
1790815503,27.93
1790815803,28.06
1790816102,23.82
1790816403,16.76
1790816703,19.37
1790817003,18.26
1790817303,22.81
1790817603,17.75
1790817903,22.79
1790818203,23.76
1790818503,19.79
1790818803,13.90
1790819102,18.22
1790819403,19.74
1790819702,15.35
1790820003,11.08
1790820303,19.99
1790820603,20.93
1790820903,20.62
1790821203,16.38
1790821503,17.44
1790821803,16.36
1790822103,18.01
1790822403,15.37
1790822703,14.94
1790823003,18.45
1790823303,18.98
1790823603,8.97
1790823902,14.15
1790824203,18.55
1790824502,19.21
1790824803,16.58
1790825103,13.48
1790825403,12.10
1790825703,18.92
1790826003,12.78
1790826303,13.03
1790826602,18.65
1790826903,12.23
1790827203,18.12
1790827502,12.86
1790827803,19.18
1790828103,18.48
1790828403,9.28
1790828703,17.20
1790829002,14.43
1790829303,18.05
1790829602,18.97
1790829903,10.37
1790830203,18.78
1790830502,8.82
1790830803,15.96
1790831102,15.47
1790831403,14.20
1790831703,19.30
1790832003,12.05
1790832303,9.60
1790832603,19.77
1790832903,19.25
1790833202,13.43
1790833503,14.04
1790833803,12.95
1790834102,16.01
1790834403,13.44
1790834703,14.83
1790835002,13.75
1790835303,15.34
1790835602,13.67
1790835903,17.81
1790836202,10.31
1790836503,17.45
1790836802,9.04
1790837103,17.75
1790837402,8.46
1790837703,18.32
1790838003,13.29
1790838302,13.73
1790838603,12.62
1790838902,10.82
1790839203,17.62
1790839502,14.31
1790839803,15.32
1790840103,10.79
1790840403,18.12
1790840702,12.93
1790841002,13.55
1790841303,15.51
1790841603,10.02
1790841902,22.10
1790842202,22.35
1790842503,27.34
1790842802,26.88
1790843102,28.25
1790843402,16.09
1790843702,25.42
1790844003,19.83
1790844303,26.28
1790844603,19.26
1790844903,19.51
1790845202,24.96
1790845503,22.59
1790845802,25.28
1790846102,22.44
1790846402,27.50
1790846703,21.49
1790847003,21.09
1790847302,20.40
1790847602,22.14
1790847903,20.26
1790848202,27.46
1790848502,21.87
1790848803,27.02
1790849103,22.08
1790849403,21.94
1790849702,22.01
1790850002,26.08
1790850303,22.15
1790850603,24.56
1790850902,18.89
1790851203,23.93
1790851502,20.98
1790851803,24.88
1790852102,26.10
1790852403,22.89
1790852702,26.07
1790853003,25.87
1790853302,27.65
1790853603,24.99
1790853902,22.55
1790854203,22.69
1790854502,27.66
1790854802,24.02
1790855103,27.04
1790855402,22.02
1790855702,21.71
1790856003,21.31
1790856303,26.72
1790856602,21.82
1790856903,27.82
1790857203,17.29
1790857502,26.63
1790857803,21.72
1790858103,23.11
1790858403,20.22
1790858703,20.23
1790859003,20.95
1790859303,26.25
1790859602,25.11
1790859903,25.54
1790860202,26.72
1790860502,25.83
1790860803,22.06
1790861102,22.31
1790861402,24.80
1790861703,26.11
1790862003,21.94
1790862303,26.35
1790862602,27.54
1790862902,22.56
1790863202,25.41
1790863503,24.91
1790863803,24.75
1790864103,26.52
1790864402,17.54
1790864702,23.01
1790865002,27.03
1790865302,24.75
1790865603,25.49
1790865903,17.56
1790866203,24.74
1790866503,27.01
1790866803,23.64
1790867103,24.67
1790867403,21.00
1790867703,26.23
1790868003,22.34
1790868303,26.51
1790868603,23.09
1790868903,20.04
1790869202,26.85
1790869502,22.86
1790869803,26.46
1790870103,23.45
1790870402,22.27
1790870702,26.66
1790871003,23.57
1790871303,23.43
1790871602,18.05
1790871903,23.22
1790872202,24.67
1790872502,25.01
1790872803,25.87
1790873102,20.89
1790873403,26.18
1790873702,24.30
1790874003,24.76
1790874303,20.20
1790874603,21.44
1790874903,26.59
1790875202,21.79
1790875503,26.23
1790875802,20.80
1790876103,26.18
1790876403,22.75
1790876702,25.55
1790877002,21.41
1790877303,20.03
1790877603,20.69
1790877902,26.24
1790878202,25.05
1790878502,23.46
1790878803,24.76
1790879102,24.52
1790879403,27.31
1790879703,21.50
1790880003,19.61
1790880303,22.80
1790880603,24.98
1790880902,27.47
1790881203,22.31
1790881503,25.14
1790881803,22.31
1790882102,26.18
1790882402,27.19
1790882703,24.70
1790883003,20.89
1790883303,23.40
1790883602,27.24
1790883902,24.88
1790884203,25.39
1790884502,22.47
1790884802,25.24
1790885103,22.69
1790885403,23.57
1790885702,17.45
1790886003,24.79
1790886302,24.77
1790886603,25.15
1790886903,25.02
1790887203,23.06
1790887503,26.55
1790887802,21.21
1790888103,27.25
1790888403,21.59
1790888703,20.38
1790889003,20.07
1790889303,25.65
1790889603,24.03
1790889903,24.91
1790890202,25.76
1790890502,19.21
1790890803,25.60
1790891103,27.36
1790891403,23.45
1790891703,23.36
1790892003,25.46
1790892302,27.28
1790892602,27.01
1790892903,27.93
1790893203,26.27
1790893502,19.37
1790893803,27.04
1790894103,27.77
1790894403,27.66
1790894702,26.28
1790895003,21.00
1790895303,26.01
1790895603,27.05
1790895902,26.60
1790896203,23.95
1790896503,22.26
1790896803,23.52
1790897103,23.90
1790897403,27.36
1790897703,21.32
1790898002,21.64
1790898303,26.52
1790898602,27.89
1790898903,27.28
1790899203,27.43
1790899502,22.35
1790899802,26.81
1790900103,26.82
1790900403,28.00
1790900703,26.14
1790901003,23.61
1790901302,23.35
1790901603,27.66
1790901903,22.27
1790902202,23.85
1790902502,23.51
1790902803,25.66
1790903102,26.82
1790903403,28.13
1790903703,27.40
1790904002,26.89
1790904303,22.97
1790904603,26.96
1790904903,27.35
1790905203,26.76
1790905502,26.08
1790905803,18.49
1790906102,22.55
1790906403,25.40
1790906703,28.79
1790907002,28.03
1790907303,25.91
1790907603,23.50
1790907903,27.26
1790908203,27.95
1790908503,26.42
1790908802,21.77
1790909102,27.15
1790909403,27.67
1790909702,24.22
1790910003,22.78
1790910302,22.31
1790910603,26.54
1790910903,26.85
1790911203,27.82
1790911503,26.46
1790911803,23.84
1790912102,27.23
1790912402,27.28
1790912703,27.03
1790913003,22.85
1790913302,25.48
1790913603,27.14
1790913902,27.52
1790914203,25.25
1790914502,21.85
1790914803,25.56
1790915103,28.04
1790915402,27.77
1790915703,23.85
1790916003,21.62
1790916302,26.30
1790916602,27.69
1790916903,27.52
1790917202,22.44
1790917503,22.60
1790917803,26.91
1790918103,27.19
1790918403,27.87
1790918702,25.43
1790919003,25.82
1790919303,27.33
1790919603,27.22
1790919902,25.33
1790920203,22.38
1790920503,25.49
1790920803,27.65
1790921103,27.46
1790921403,26.14
1790921703,20.11
1790922003,22.14
1790922302,21.11
1790922603,27.85
1790922903,26.79
1790923202,23.70
1790923503,27.19
1790923803,27.22
1790924103,22.29
1790924403,25.25
1790924703,26.41
1790925003,27.15
1790925303,23.88
1790925603,26.87
1790925903,26.81
1790926203,22.24
1790926503,26.46
1790926803,29.51
1790927102,31.23
1790927403,27.32
1790927703,31.95
1790928002,32.89
1790928303,30.83
1790928603,31.62
1790928902,32.77
1790929203,34.00
1790929503,27.35
1790929802,31.50
1790930103,33.37
1790930402,31.34
1790930703,27.37
1790931003,31.83
1790931303,33.68
1790931602,31.13
1790931903,30.48
1790932203,33.11
1790932503,33.83
1790932803,27.83
1790933103,32.45
1790933403,33.10
1790933702,31.45
1790934003,27.59
1790934303,31.70
1790934603,33.01
1790934903,33.39
1790935203,25.24
1790935502,32.63
1790935803,27.32
1790936103,30.47
1790936402,32.95
1790936702,22.71
1790937003,28.49
1790937303,32.72
1790937603,22.96
1790937903,29.56
1790938202,31.80
1790938502,22.99
1790938803,29.66
1790939103,31.92
1790939403,25.79
1790939702,28.96
1790940003,30.73
1790940303,30.60
1790940603,27.51
1790940902,27.09
1790941203,31.48
1790941502,28.23
1790941803,26.92
1790942103,31.85
1790942402,27.51
1790942703,25.71
1790943003,32.09
1790943302,27.79
1790943602,24.32
1790943903,27.39
1790944202,26.24
1790944502,29.65
1790944803,32.53
1790945103,23.95
1790945402,30.22
1790945703,26.08
1790946003,29.66
1790946302,26.34
1790946603,30.68
1790946902,33.13
1790947203,25.73
1790947502,30.34
1790947803,27.50
1790948103,27.40
1790948402,24.94
1790948703,32.35
1790949002,21.33
1790949303,28.29
1790949603,29.43
1790949903,29.25
1790950203,30.19
1790950503,29.83
1790950802,29.33
1790951103,24.61
1790951402,30.53
1790951703,31.98
1790952002,25.02
1790952303,26.43
1790952602,30.73
1790952902,23.93
1790953203,28.07
1790953502,28.67
1790953802,29.51
1790954102,26.23
1790954403,30.51
1790954702,29.87
1790955003,26.97
1790955302,28.77
1790955603,31.43
1790955903,28.68
1790956202,28.12
1790956502,31.81
1790956803,28.09
1790957102,28.98
1790957403,29.94
1790957703,28.99
1790958003,25.32
1790958302,28.43
1790958603,27.20
1790958903,29.34
1790959202,26.42
1790959502,29.92
1790959803,24.25
1790960103,31.74
1790960402,25.06
1790960703,28.39
1790961002,25.97
1790961303,30.60
1790961602,24.39
1790961903,30.06
1790962203,17.09
1790962503,24.02
1790962803,16.36
1790963103,24.13
1790963403,18.13
1790963702,23.77
1790964003,17.79
1790964302,24.58
1790964603,23.96
1790964903,19.55
1790965203,22.57
1790965502,21.74
1790965803,26.40
1790966102,20.24
1790966403,25.09
1790966703,21.87
1790967003,25.90
1790967303,24.45
1790967603,23.06
1790967902,23.12
1790968203,24.55
1790968502,27.41
1790968802,21.83
1790969103,25.81
1790969402,23.29
1790969703,27.15
1790970003,23.68
1790970303,24.11
1790970603,18.05
1790970903,24.39
1790971202,27.36
1790971503,23.27
1790971802,23.53
1790972102,20.46
1790972402,26.51
1790972702,25.20
1790973003,24.98
1790973302,25.23
1790973602,14.95
1790973902,26.53
1790974202,23.03
1790974503,26.59
1790974802,20.44
1790975103,23.41
1790975402,26.93
1790975703,23.97
1790976002,26.82
1790976303,20.20
1790976602,21.62
1790976902,21.65
1790977203,26.63
1790977502,23.04
1790977802,26.38
1790978103,22.26
1790978404,25.31
1790978703,23.16
1790979002,25.83
1790979303,23.88
1790979603,22.68
1790979903,23.81
1790980203,24.20
1790980503,27.14
1790980803,24.22
1790981103,24.73
1790981403,22.51
1790981703,26.60
1790982002,21.39
1790982453,24.15
1790982603,22.07
1790982902,21.04
1790983203,22.35
1790983503,25.17
1790983802,27.04
1790984102,22.20
1790984403,25.49
1790984703,22.48
1790985002,26.45
1790985303,23.10
1790985602,24.70
1790985903,20.92
1790986202,21.90
1790986503,26.40
1790986802,24.70
1790987103,25.73
1790987402,21.43
1790987703,26.12
1790988003,22.39
1790988303,26.14
1790988603,23.17
1790988902,19.58
1790989203,26.24
1790989502,22.64
1790989803,26.14
1790990102,22.70
1790990403,23.91
1790990702,24.12
1790991003,25.03
1790991303,27.12
1790991603,22.05
1790991903,23.68
1790992203,20.12
1790992503,26.34
1790992803,21.93
1790993103,25.92
1790993403,21.09
1790993703,25.09
1790994003,24.42
1790994302,25.30
1790994603,26.42
1790994902,23.60
1790995203,21.69
1790995502,21.95
1790995803,26.88
1790996103,23.08
1790996403,25.76
1790996703,20.74
1790997003,24.93
1790997303,24.92
1790997603,27.22
1790997902,24.00
1790998203,20.87
1790998502,20.55
1790998803,23.10
1790999103,24.54
1790999403,27.24
1790999703,24.48
1791000002,25.61
1791000303,20.99
1791000603,23.59
1791000903,25.17
1791001202,27.15
1791001503,23.32
1791001803,25.76
1791002102,21.62
1791002403,25.55
1791002702,25.75
1791003003,21.02
1791003303,23.46
1791003603,25.17
1791003902,25.68
1791004203,23.15
1791004502,20.98
1791004803,23.18
1791005103,26.98
1791005403,22.65
1791005703,25.23
1791006003,20.08
1791006303,23.88
1791006603,26.05
1791006903,24.08
1791007203,26.69
1791007502,20.96
1791007803,19.96
1791008103,21.31
1791008403,25.27
1791008702,27.06
1791009003,23.61
1791009303,23.80
1791009603,21.06
1791009902,24.78
1791010203,27.71
1791010503,25.80
1791010803,21.86
1791011103,18.94
1791011403,27.53
1791011702,23.60
1791012003,27.10
1791012302,19.46
1791012602,22.34
1791012902,22.44
1791013203,24.17
1791013502,26.98
1791013802,24.33
1791014103,26.19
1791014402,17.71
1791014702,25.94
1791015003,24.07
1791015302,26.44
1791015602,20.64
1791015903,23.84
1791016203,22.33
1791016502,26.03
1791016802,23.93
1791017102,23.66
1791017403,19.14
1791017702,23.91
1791018003,27.17
1791018302,24.43
1791018603,26.65
1791018902,22.50
1791019203,22.95
1791019502,24.94
1791019803,27.07
1791020103,19.11
1791020403,23.25
1791020702,20.21
1791021003,20.46
1791021303,26.91
1791021603,24.10
1791021903,25.50
1791022203,21.42
1791022502,24.56
1791022803,24.31
1791023103,23.83
1791023403,18.56
1791023702,25.43
1791024003,22.27
1791024302,25.80
1791024603,21.58
1791024903,20.00
1791025203,24.55
1791025502,27.65
1791025803,21.74
1791026102,21.34
1791026403,21.08
1791026702,23.24
1791027003,24.59
1791027302,23.76
1791027602,24.22
1791027903,21.21
1791028202,23.55
1791028503,27.27
1791028803,25.16
1791029102,24.28
1791029403,19.30
1791029703,25.80
1791030003,22.93
1791030303,26.71
1791030602,22.31
1791030903,20.33
1791031203,21.46
1791031502,24.44
1791031802,27.06
1791032103,22.66
1791032403,20.91
1791032703,22.92
1791033002,26.94
1791033303,22.46
1791033603,24.09
1791033902,17.09
1791034203,24.70
1791034502,23.10
1791034803,26.27
1791035102,22.67
1791035403,19.85
1791035703,23.36
1791036003,25.38
1791036302,26.96
1791036603,20.78
1791036902,19.84
1791037202,19.61
1791037502,22.84
1791037802,23.03
1791038102,23.76
1791038403,18.05
1791038703,25.03
1791039002,26.99
1791039302,19.83
1791039603,26.40
1791039903,24.98
1791040203,21.28
1791040503,24.04
1791040803,26.42
1791041103,23.37
1791041403,22.16
1791041703,22.39
1791042003,26.82
1791042302,15.50
1791042603,25.74
1791042902,21.67
1791043202,26.03
1791043502,17.64
1791043803,25.36
1791044102,23.30
1791044403,19.68
1791044703,23.21
1791045003,24.85
1791045303,25.33
1791045603,18.96
1791045902,25.84
1791046203,25.04
1791046503,21.76
1791046802,23.60
1791047103,27.08
1791047403,22.88
1791047703,20.53
1791048003,22.73
1791048303,26.51
1791048603,19.18
1791048902,21.79
1791049203,21.38
1791049502,25.25
1791049803,26.60
1791050102,22.41
1791050403,25.42
1791050703,19.87
1791051003,26.46
1791051302,19.17
1791051603,24.66
1791051902,22.88
1791052203,20.71
1791052502,22.02
1791052802,25.46
1791053103,17.92
1791053403,22.86
1791053703,25.71
1791054003,19.70
1791054303,26.86
1791054603,23.68
1791054903,22.29
1791055202,22.26
1791055503,25.37
1791055802,20.01
1791056102,25.97
1791056402,16.96
1791056703,24.39
1791057003,22.76
1791057303,19.19
1791057603,21.41
1791057902,25.01
1791058203,16.76
1791058503,23.55
1791058802,22.34
1791059103,22.47
1791059402,22.91
1791059702,20.46
1791060003,23.66
1791060303,19.74
1791060603,26.97
1791060902,18.06
1791061203,26.33
1791061503,20.44
1791061803,25.65
1791062103,20.54
1791062403,24.94
1791062703,22.52
1791063003,21.07
1791063302,24.36
1791063603,18.80
1791063902,26.82
1791064203,18.85
1791064503,25.87
1791064802,16.62
1791065103,24.61
1791065403,21.03
1791065703,21.25
1791066003,19.80
1791066303,24.11
1791066603,26.36
1791066903,17.56
1791067203,25.72
1791067503,17.52
1791067802,24.68
1791068102,17.70
1791068403,25.53
1791068702,19.10
1791069003,24.43
1791069302,22.68
1791069603,23.92
1791069902,21.44
1791070203,21.62
1791070503,20.09
1791070802,24.47
1791071103,19.30
1791071402,25.69
1791071703,17.54
1791072003,24.42
1791072302,17.62
1791072603,21.49
1791072902,23.51
1791073203,24.52
1791073503,26.17
1791073802,19.71
1791074103,26.59
1791074403,17.57
1791074703,26.25
1791075003,16.28
1791075303,24.88
1791075602,19.28
1791075903,24.45
1791076203,21.20
1791076503,23.66
1791076803,21.56
1791077103,23.26
1791077403,20.93
1791077703,22.03
1791078003,20.25
1791078303,24.56
1791078603,19.08
1791078902,26.12
1791079203,19.81
1791079502,24.21
1791079803,19.27
1791080102,26.86
1791080402,21.75
1791080703,24.34
1791081002,21.72
1791081303,23.72
1791081603,27.05
1791081902,24.77
1791082202,25.45
1791082503,22.82
1791082803,26.82
1791083103,23.78
1791083403,26.63
1791083703,23.79
1791084003,24.42
1791084302,26.59
1791084603,24.78
1791084903,27.29
1791085203,20.15
1791085503,20.15
1791085803,21.58
1791086103,25.30
1791086403,23.51
1791086703,23.02
1791087002,25.85
1791087303,24.37
1791087603,26.81
1791087903,22.12
1791088202,23.25
1791088503,20.16
1791088803,23.21
1791089102,27.13
1791089403,24.49
1791089703,24.79
1791090002,20.36
1791090303,25.75
1791090602,21.90
1791090903,25.66
1791091202,21.95
1791091503,18.93
1791091802,24.64
1791092103,24.55
1791092403,27.05
1791092703,22.51
1791093003,25.14
1791093302,26.03
1791093603,23.36
1791093903,26.67
1791094202,23.27
1791094502,24.16
1791094803,21.06
1791095102,24.68
1791095403,25.53
1791095703,24.87
1791096002,25.63
1791096303,21.93
1791096602,26.79
1791096903,23.61
1791097203,26.77
1791097503,24.46
1791097802,19.68
1791098102,26.30
1791098403,25.44
1791098703,26.46
1791099003,24.84
1791099302,26.10
1791099603,24.09
1791099902,26.97
1791100203,23.62
1791100503,26.74
1791100802,20.74
1791101103,20.29
1791101403,20.47
1791101702,26.16
1791102003,23.39
1791102302,22.61
1791102602,24.34
1791102903,23.95
1791103203,26.68
1791103503,22.75
1791103803,22.75
1791104103,18.63
1791104402,24.78
1791104703,26.56
1791105002,25.59
1791105303,27.06
1791105603,22.78
1791105902,26.86
1791106203,15.70
1791106503,18.16
1791106803,15.13
1791107102,18.81
1791107402,14.98
1791107702,18.75
1791108003,14.77
1791108302,16.38
1791108603,18.40
1791108903,15.46
1791109203,19.03
1791109502,15.15
1791109803,18.39
1791110103,14.65
1791110403,17.92
1791110702,16.08
1791111003,16.75
1791111302,16.64
1791111603,16.83
1791111903,15.22
1791112203,17.17
1791112502,14.65
1791112803,18.46
1791113102,13.51
1791113403,17.48
1791113703,19.39
1791114003,16.18
1791114303,18.70
1791114603,13.90
1791114903,17.46
1791115203,15.10
1791115503,17.07
1791115802,14.84
1791116103,17.78
1791116403,16.92
1791116703,17.01
1791117002,18.64
1791117303,14.40
1791117603,18.30
1791117903,13.97
1791118203,18.32
1791118503,14.46
1791118803,18.10
1791119103,14.11
1791119403,17.69
1791119702,14.06
1791120003,13.83
1791120302,5.83
1791120602,10.35
1791120903,8.32
1791121202,6.90
1791121503,10.31
1791121803,8.37
1791122103,7.35
1791122402,9.80
1791122703,7.95
1791123003,8.56
1791123303,9.10
1791123603,7.71
1791123903,10.62
1791124203,8.78
1791124502,6.35
1791124803,10.79
1791125103,8.68
1791125403,6.21
1791125703,10.51
1791126002,8.19
1791126303,6.21
1791126603,10.35
1791126903,7.85
1791127203,6.93
1791127503,10.15
1791127802,7.83
1791128103,6.76
1791128403,9.71
1791128703,7.53
1791129003,7.16
1791129302,9.85
1791129602,7.04
1791129903,8.00
1791130202,9.60
1791130503,6.02
1791130802,9.75
1791131103,8.59
1791131403,5.28
1791131703,10.61
1791132002,8.19
1791132303,6.36
1791132603,9.92
1791132902,7.91
1791133203,8.46
1791133503,9.41
1791133803,6.29
1791134102,9.15
1791134403,9.06
1791134702,5.82
1791135002,9.93
1791135303,9.33
1791135603,5.87
1791135903,10.15
1791136202,7.80
1791136503,6.35
1791136802,10.16
1791137103,7.40
1791137403,10.01
1791137703,9.20
1791138002,6.79
1791138303,10.45
1791138603,7.57
1791138902,5.97
1791139202,10.42
1791139503,7.90
1791139803,7.57
1791140103,9.32
1791140402,6.37
1791140703,10.50
1791141002,8.62
1791141303,5.79
1791141603,10.15
1791141903,8.68
1791142203,6.98
1791142502,9.14
1791142803,7.33
1791143103,9.85
1791143403,8.57
1791143702,7.02
1791144003,9.60
1791144302,8.15
1791144603,6.06
1791144902,10.65
1791145202,7.99
1791145503,5.20
1791145803,10.75
1791146103,8.14
1791146402,6.79
1791146703,9.13
1791147003,9.38
1791147303,10.46
1791147603,0.22
1791147902,0.08
1791148203,0.00
1791148502,0.08
1791148803,0.00
1791149102,0.01
1791149403,0.04
1791149703,0.00
1791150003,0.00
1791150302,0.00
1791150603,0.00
1791150903,0.00
1791151203,0.08
1791151503,0.01
1791151803,0.00
1791152103,0.99
1791152403,0.20
1791152703,0.04
1791153002,0.00
1791153303,0.00
1791153603,0.00
1791153902,0.03
1791154203,0.00
1791154502,0.00
1791154803,0.07
1791155102,0.04
1791155403,0.00
1791155702,0.00
1791156003,0.00
1791156303,0.00
1791156603,0.00
1791156903,0.00
1791157203,0.00
1791157503,0.00
1791157803,0.02
1791158103,0.00
1791158403,0.00
1791158702,0.00
1791159003,0.02
1791159303,0.08
1791159603,0.00
1791159902,0.06
1791160203,0.08
1791160502,0.00
1791160803,0.00
1791161103,0.00
1791161402,0.00
1791161703,0.00
1791162002,0.00
1791162302,0.00
1791162603,0.00
1791162902,0.00
1791163203,0.00
1791163503,0.00
1791163802,0.05
1791164103,0.01
1791164402,0.00
1791164703,0.00
1791165002,0.00
1791165303,0.00
1791165602,0.00
1791165903,0.00
1791166202,0.00
1791166503,0.00
1791166803,0.00
1791167103,0.00
1791167403,0.00
1791167703,0.09
1791168003,0.00
1791168303,0.00
1791168602,0.00
1791168903,0.03
1791169202,0.00
1791169503,0.00
1791169803,0.00
1791170103,0.00
1791170402,0.00
1791170703,0.00
1791171003,0.00
1791171303,0.00
1791171603,0.04
1791171902,0.00
1791172203,0.00
1791172502,0.03
1791172803,0.02
1791173102,0.24
1791173403,0.00
1791173702,0.05
1791174003,0.00
1791174302,0.00
1791174603,0.00
1791174903,0.00
1791175202,0.00
1791175503,0.08
1791175802,0.00
1791176103,0.00
1791176402,0.03
1791176703,0.08
1791177003,0.00
1791177302,0.00
1791177603,0.00
1791177903,0.00
1791178202,0.00
1791178503,0.00
1791178802,0.57
1791179102,0.00
1791179403,0.08
1791179703,0.00
1791180003,0.04
1791180302,0.00
1791180603,0.00
1791180903,0.00
1791181202,0.07
1791181502,0.00
1791181803,0.00
1791182103,0.00
1791182402,0.00
1791182702,0.10
1791183003,0.03
1791183303,0.00
1791183603,0.08
1791183903,0.00
1791184203,0.00
1791184502,0.00
1791184803,0.08
1791185102,0.00
1791185402,0.00
1791185703,0.00
1791186003,0.00
1791186303,0.00
1791186603,0.00
1791186903,0.00
1791187203,0.00
1791187503,0.34
1791187802,2.88
1791188102,6.66
1791188403,8.01
1791188702,8.04
1791189003,7.88
1791189302,8.23
1791189603,8.15
1791189902,7.93
1791190202,8.21
1791190503,6.28
1791190802,8.17
1791191103,7.99
1791191403,2.19
1791191702,7.12
1791192003,8.12
1791192303,7.98
1791192603,7.91
1791192903,8.09
1791193203,7.93
1791193503,3.39
1791193802,8.00
1791194103,8.04
1791194402,7.12
1791194703,8.19
1791195002,25.53
1791195303,11.68
1791195603,19.44
1791195902,21.53
1791196203,20.05
1791196503,26.96
1791196803,25.44
1791197103,27.81
1791197402,25.79
1791197702,27.25
1791198003,27.84
1791198302,23.20
1791198602,25.54
1791198903,27.89
1791199202,27.96
1791199502,26.43
1791199803,27.35
1791200103,26.40
1791200403,27.91
1791200703,27.29
1791201003,26.59
1791201302,24.56
1791201602,23.12
1791201903,27.95
1791202202,28.08
1791202502,26.22
1791202803,26.77
1791203102,23.93
1791203402,27.59
1791203702,26.13
1791204003,22.41
1791204303,26.80
1791204603,21.55
1791204902,26.53
1791205204,27.90
1791205503,28.10
1791205803,27.94
1791206102,23.72
1791206403,27.78
1791206703,28.02
1791207003,27.61
1791207303,26.90
1791207603,21.20
1791207902,26.95
1791208203,28.08
1791208503,27.10
1791208803,27.97
1791209103,26.48
1791209403,27.90
1791209703,18.64
1791210003,16.81
1791210302,24.59
1791210603,24.38
1791210903,25.04
1791211202,27.41
1791211502,27.90
1791211803,27.95
1791212103,25.65
1791212402,27.46
1791212702,28.19
1791213002,28.04
1791213303,27.89
1791213603,20.95
1791213903,26.51
1791214203,27.48
1791214502,26.78
1791214802,27.53
1791215103,27.49
1791215402,26.20
1791215703,26.88
1791216003,27.53
1791216302,27.83
1791216603,19.38
1791216902,21.46
1791217203,27.94
1791217502,27.41
1791217802,27.90
1791218103,27.98
1791218402,22.94
1791218703,27.31
1791219003,26.36
1791219303,27.35
1791219603,27.62
1791219903,26.32
1791220203,26.85
1791220503,27.97
1791220803,27.65
1791221103,25.00
1791221403,27.21
1791221703,27.79
1791222003,27.03
1791222302,25.37
1791222603,21.65
1791222903,24.52
1791223202,27.45
1791223502,27.39
1791223802,27.77
1791224103,26.33
1791224403,27.07
1791224703,23.28
1791225003,26.46
1791225303,27.90
1791225602,27.15
1791225903,26.47
1791226203,21.92
1791226502,26.45
1791226803,27.23
1791227103,27.59
1791227403,27.85
1791227703,24.43
1791228003,24.56
1791228303,27.37
1791228603,27.14
1791228903,27.18
1791229203,27.69
1791229503,24.78
1791229803,27.48
1791230103,25.09
1791230403,25.09
1791230703,20.25
1791231003,27.36
1791231303,27.69
1791231603,27.68
1791231903,27.48
1791232204,25.15
1791232503,27.25
1791232803,27.68
1791233103,27.77
1791233403,27.48
1791233703,21.67
1791234003,26.08
1791234302,20.25
1791234603,21.96
1791234902,32.53
1791235203,20.26
1791235502,18.46
1791235803,26.77
1791236103,27.85
1791236403,16.38
1791236703,16.06
1791237003,27.79
1791237303,28.01
1791237603,27.03
1791237903,27.75
1791238202,27.85
1791238503,23.89
1791238802,27.56
1791239103,24.87
1791239402,18.85
1791239702,26.81
1791240003,19.08
1791240303,20.07
1791240602,25.62
1791240903,27.33
1791241203,27.58
1791241502,26.62
1791241803,26.07
1791242103,26.81
1791242402,27.35
1791242703,23.53
1791243003,23.45
1791243303,28.02
1791243603,27.94
1791243903,26.99
1791244203,27.62
1791244502,25.57
1791244802,25.68
1791245103,27.07
1791245403,27.81
1791245702,28.04
1791246003,19.62
1791246302,22.06
1791246602,27.61
1791246903,27.41
1791247203,27.95
1791247503,27.84
1791247803,22.46
1791248103,26.84
1791248402,26.25
1791248703,26.74
1791249002,26.09
1791249303,25.88
1791249603,27.97
1791249903,26.28
1791250203,27.39
1791250502,27.32
1791250803,11.24
1791251102,21.14
1791251403,24.11
1791251703,22.28
1791252002,27.36
1791252302,22.35
1791252602,27.93
1791252902,25.91
1791253202,24.77
1791253503,24.48
1791253803,23.34
1791254102,27.26
1791254403,27.36
1791254703,26.15
1791255002,27.79
1791255303,23.27
1791255603,27.06
1791255903,27.32
1791256203,27.69
1791256503,26.68
1791256803,20.85
1791257103,28.00
1791257403,27.92
1791257702,26.56
1791258003,22.35
1791258303,22.13
1791258602,26.92
1791258903,26.27
1791259203,23.97
1791259503,26.42
1791259803,19.43
1791260102,27.95
1791260403,28.21
1791260703,28.06
1791261002,27.97
1791261303,27.22
1791261603,20.59
1791261902,27.74
1791262203,28.01
1791262502,26.43
1791262802,27.39
1791263103,20.35
1791263402,19.54
1791263703,15.82
1791264002,14.91
1791264303,25.74
1791264602,27.74
1791264903,24.49
1791265203,26.66
1791265502,25.62
1791265803,17.45
1791266102,20.67
1791266402,25.77
1791266703,25.86
1791267002,20.83
1791267302,22.11
1791267603,21.84
1791267903,18.75
1791268203,26.77
1791268503,17.16
1791268803,19.29
1791269102,23.36
1791269403,27.38
1791269702,27.87
1791270003,27.72
1791270302,15.89
1791270603,27.80
1791270902,26.03
1791271202,24.11
1791271502,17.19
1791271803,18.45
1791272103,21.42
1791272403,18.07
1791272703,26.70
1791273003,27.20
1791273302,19.55
1791273603,17.53
1791273902,23.97
1791274202,24.94
1791274503,22.74
1791274803,17.93
1791275102,18.12
1791275403,26.32
1791275703,21.90
1791276003,25.88
1791276302,27.51
1791276603,19.37
1791276902,19.88
1791277203,21.25
1791277503,27.29
1791277802,23.59
1791278103,24.53
1791278403,27.21
1791278703,27.46
1791279002,18.67
1791279302,16.24
1791279603,24.03
1791279903,25.47
1791280203,21.61
1791280503,18.40
1791280802,22.18
1791281103,17.49
1791281403,18.24
1791281703,24.99
1791282002,20.46
1791282302,17.58
1791282603,18.30
1791282903,22.69
1791283203,19.75
1791283503,15.55
1791283802,21.60
1791284103,24.87
1791284403,20.10
1791284703,17.08
1791285002,16.59
1791285303,23.25
1791285602,27.81
1791285903,21.02
1791286203,20.48
1791286503,27.90
1791286803,28.29
1791287103,21.46
1791287402,13.26
1791287703,27.57
1791288002,26.27
1791288303,24.86
1791288602,24.62
1791288903,26.80
1791289203,24.82
1791289502,28.04
1791289802,23.76
1791290103,27.79
1791290402,22.89
1791290703,27.56
1791291003,23.87
1791291302,27.02
1791291605,21.08
1791291902,20.63
1791292202,25.77
1791292503,17.79
1791292802,25.09
1791293103,20.43
1791293403,27.25
1791293703,15.11
1791294003,21.00
1791294303,27.62
1791294602,24.40
1791294902,20.04
1791295202,27.25
1791295503,16.06
1791295803,24.57
1791296102,22.77
1791296402,27.06
1791296703,22.24
1791297002,12.33
1791297303,21.42
1791297603,22.50
1791297902,26.34
1791298203,22.70
1791298502,26.62
1791298802,21.01
1791299103,25.39
1791299403,24.66
1791299702,20.26
1791300003,12.63
1791300302,20.60
1791300603,26.97
1791300903,21.43
1791301202,26.94
1791301503,11.91
1791301803,19.68
1791302103,25.30
1791302402,15.30
1791302703,21.94
1791303002,23.03
1791303303,17.65
1791303603,24.59
1791303903,22.28
1791304202,21.71
1791304502,19.09
1791304803,26.97
1791305103,20.73
1791305403,27.01
1791305702,21.43
1791306003,19.60
1791306302,18.36
1791306603,18.97
1791306902,12.83
1791307202,10.52
1791307503,17.26
1791307803,18.98
1791308103,15.54
1791308403,18.93
1791308703,19.14
1791309003,10.62
1791309303,19.43
1791309602,19.52
1791309903,12.81
1791310203,15.75
1791310502,15.69
1791310803,15.10
1791311103,18.51
1791311403,10.04
1791311703,18.08
1791312003,18.75
1791312303,18.62
1791312602,16.59
1791312903,8.71
1791313203,16.96
1791313502,12.76
1791313803,15.25
1791314103,18.84
1791314403,12.21
1791314703,17.78
1791315002,8.39
1791315303,16.93
1791315603,17.51
1791315903,13.52
1791316203,18.99
1791316503,9.92
1791316803,15.79
1791317102,14.22
1791317403,12.58
1791317703,17.99
1791318003,19.34
1791318303,18.73
1791318603,18.37
1791318902,18.79
1791319203,11.13
1791319503,16.87
1791319803,10.13
1791320103,16.39
1791320403,9.98
1791320703,19.64
1791321002,13.02
1791321302,18.02
1791321603,12.77
1791321903,18.59
1791322203,19.34
1791322503,9.19
1791322803,17.69
1791323102,18.89
1791323402,16.13
1791323703,19.18
1791324003,12.45
1791324302,15.40
1791324602,19.08
1791324902,14.06
1791325203,18.70
1791325502,11.44
1791325802,13.83
1791326103,12.35
1791326402,14.21
1791326703,16.77
1791327003,13.69
1791327303,13.21
1791327603,15.53
1791327902,17.70
1791328203,19.41
1791328502,13.65
1791328803,15.89
1791329102,19.22
1791329403,13.76
1791329702,14.48
1791330003,9.07
1791330302,16.93
1791330603,11.72
1791330903,16.70
1791331202,8.92
1791331503,16.51
1791331802,13.28
1791332103,18.37
1791332402,9.16
1791332702,16.20
1791333003,18.35
1791333303,18.07
1791333603,11.80
1791333902,16.82
1791334203,10.00
1791334503,17.29
1791334802,13.62
1791335103,14.44
1791335402,17.61
1791335703,14.35
1791336003,18.72
1791336303,12.70
1791336603,18.03
1791336903,13.48
1791337203,18.04
1791337502,10.55
1791337803,17.89
1791338103,9.60
1791338403,16.77
1791338702,13.26
1791339003,18.02
1791339302,9.02
1791339603,17.74
1791339902,10.99
1791340203,19.02
1791340502,9.35
1791340803,17.38
1791341103,10.72
1791341403,16.70
1791341703,19.04
1791342003,19.33
1791342302,9.95
1791342603,16.53
1791342903,14.75
1791343203,15.74
1791343502,16.96
1791343803,11.84
1791344103,18.58
1791344402,10.29
1791344702,16.51
1791345003,19.33
1791345302,12.02
1791345603,18.66
1791345903,18.25
1791346202,18.56
1791346503,8.87
1791346802,17.52
1791347103,18.86
1791347403,11.09
1791347703,17.32
1791348003,18.78
1791348303,11.73
1791348603,19.25
1791348903,10.77
1791349202,19.57
1791349503,14.37
1791349803,16.07
1791350103,17.69
1791350403,18.32
1791350702,11.47
1791351003,15.61
1791351303,8.23
1791351603,16.27
1791351902,19.85
1791352203,19.97
1791352503,19.70
1791352802,11.45
1791353103,15.92
1791353403,17.79
1791353703,10.69
1791354003,17.27
1791354302,17.31
1791354603,14.58
1791354903,18.38
1791355202,18.78
1791355503,18.94
1791355802,18.15
1791356102,19.38
1791356403,19.80
1791356703,19.60
1791357003,13.25
1791357302,18.72
1791357603,14.87
1791357902,18.82
1791358202,9.14
1791358503,16.86
1791358803,15.81
1791359102,13.29
1791359403,18.69
1791359703,17.07
1791360002,18.59
1791360302,11.41
1791360603,11.11
1791360903,15.66
1791361203,10.55
1791361503,14.14
1791361803,12.52
1791362102,16.66
1791362403,11.70
1791362703,14.27
1791363002,20.62
1791363303,18.88
1791363603,25.82
1791363902,15.99
1791364203,19.06
1791364503,16.06
1791364803,18.27
1791365102,16.62
1791365403,21.96
1791365702,19.97
1791366003,12.92
1791366302,19.90
1791366603,10.47
1791366903,25.49
1791367203,13.22
1791367503,21.23
1791367802,16.78
1791368102,17.98
1791368403,26.52
1791368703,18.25
1791369003,22.50
1791369302,13.90
1791369602,18.04
1791369903,20.80
1791370203,23.87
1791370503,20.85
1791370803,16.15
1791371103,20.76
1791371402,22.04
1791371703,26.07
1791372003,16.71
1791372303,18.52
1791372603,13.13
1791372903,25.30
1791373203,21.64
1791373502,17.11
1791373803,19.72
1791374103,11.36
1791374402,22.90
1791374702,21.54
1791375003,11.33
1791375303,19.03
1791375602,12.82
1791375902,18.51
1791376203,20.94
1791376503,15.45
1791376803,20.04
1791377103,14.13
1791377403,19.95
1791377702,17.73
1791378002,21.59
1791378303,12.30
1791378602,21.27
1791378903,11.35
1791379202,23.10
1791379503,19.95
1791379803,17.85
1791380103,23.97
1791380403,20.64
1791380702,27.66
1791381003,21.60
1791381303,14.82
1791381603,20.02
1791381903,17.52
1791382203,25.93
1791382503,14.07
1791382803,20.41
1791383102,12.32
1791383403,19.80
1791383702,16.24
1791384003,20.43
1791384302,12.67
1791384603,21.07
1791384902,11.15
1791385202,23.06
1791385503,22.33
1791385802,17.02
1791386102,19.40
1791386403,15.22
1791386702,24.45
1791387003,15.82
1791387303,20.80
1791387602,11.78
1791387903,19.52
1791388202,16.81
1791388503,23.26
1791388803,17.95
1791389102,18.27
1791389402,15.74
1791389703,22.47
1791390003,26.70
1791390303,18.62
1791390602,20.42
1791390903,16.61
1791391203,23.30
1791391502,21.27
1791391803,20.28
1791392103,16.56
1791392403,15.57
1791392702,23.33
1791393002,26.46
1791393303,18.50
1791393602,16.37
1791393903,16.93
1791394202,22.92
1791394502,21.90
1791394802,22.58
1791395103,15.52
1791395402,20.81
1791395703,16.38
1791396003,21.15
1791396303,18.03
1791396603,23.00
1791396903,25.47
1791397202,15.06
1791397503,18.24
1791397802,14.85
1791398103,17.78
1791398403,21.81
1791398703,21.49
1791399002,20.20
1791399303,15.18
1791399602,18.75
1791399903,15.18
1791400202,26.11
1791400503,11.30
1791400802,19.60
1791401102,14.41
1791401403,20.21
1791401702,18.35
1791402003,16.91
1791402303,16.24
1791402603,18.42
1791402903,21.64
1791403202,21.28
1791403502,18.92
1791403803,12.72
1791404103,21.41
1791404403,14.04
1791404703,25.66
1791405003,11.75
1791405302,19.43
1791405603,15.16
1791405903,16.90
1791406203,23.48
1791406503,14.22
1791406803,20.77
1791407102,11.93
1791407403,20.08
1791407703,17.52
1791408003,18.17
1791408302,15.14
1791408603,17.70
1791408903,15.00
1791409203,22.76
1791409503,19.05
1791409802,17.37
1791410103,18.17
1791410403,15.66
1791410703,26.19
1791411003,11.05
1791411303,19.10
1791411602,13.72
1791411903,18.58
1791412202,17.16
1791412503,26.13
1791412802,18.24
1791413103,25.01
1791413402,26.66
1791413702,14.39
1791414003,19.55
1791414302,13.50
1791414602,19.24
1791414903,16.30
1791415203,20.18
1791415502,21.09
1791415803,15.28
1791416102,23.34
1791416402,23.25
1791416703,18.09
1791417003,20.09
1791417303,13.32
1791417603,25.48
1791417903,19.59
1791418203,24.00
1791418502,16.69
1791418803,20.23
1791419102,25.95
1791419403,19.99
1791419703,18.23
1791420003,14.71
1791420303,17.67
1791420603,23.71
1791420903,14.30
1791421202,22.20
1791421503,21.92
1791421802,14.60
1791422103,26.16
1791422402,15.51
1791422703,17.71
1791423002,22.07
1791423302,21.30
1791423603,18.96
1791423903,20.89
1791424203,9.81
1791424502,21.74
1791424803,23.89
1791425103,19.27
1791425403,23.29
1791425703,21.38
1791426003,18.23
1791426303,14.98
1791426602,24.85
1791426902,17.99
1791427203,14.94
1791427503,18.97
1791427802,19.39
1791428103,24.55
1791428403,13.00
1791428703,24.51
1791429003,21.60
1791429302,15.61
1791429603,13.60
1791429902,19.39
1791430202,18.17
1791430503,19.99
1791430803,21.31
1791431102,21.64
1791431403,18.57
1791431703,26.24
1791432002,15.76
1791432303,21.56
1791432603,11.67
1791432903,25.50
1791433203,22.84
1791433502,20.64
1791433803,12.89
1791434102,25.53
1791434403,15.00
1791434702,19.23
1791435003,13.88
1791435303,24.23
1791435603,18.32
1791435902,20.95
1791436202,14.10
1791436503,21.29
1791436803,19.45
1791437102,18.02
1791437403,17.46
1791437703,22.23
1791438003,27.34
1791438303,23.86
1791438602,16.41
1791438902,20.53
1791439203,19.11
1791439502,21.50
1791439802,19.16
1791440103,20.14
1791440403,23.37
1791440703,21.44
1791441002,15.66
1791441303,19.96
1791441602,13.41
1791441903,25.09
1791442203,16.75
1791442502,21.68
1791442803,25.60
1791443103,20.02
1791443402,22.11
1791443703,23.38
1791444002,24.85
1791444303,18.93
1791444603,16.15
1791444903,26.21
1791445202,21.62
1791445502,14.23
1791445803,20.68
1791446102,23.21
1791446403,16.49
1791446703,21.26
1791447003,19.72
1791447303,21.15
1791447602,10.01
1791447903,19.57
1791448202,25.01
1791448503,22.53
1791448802,19.35
1791449103,16.55
1791449402,26.94
1791449703,14.05
1791450003,19.33
1791450302,16.03
1791450603,18.39
1791450902,18.18
1791451203,16.87
1791451503,26.82
1791451802,15.55
1791452103,21.32
1791452403,16.04
1791452703,25.80
1791453002,12.19
1791453302,18.70
1791453603,18.94
1791453903,21.52
1791454203,25.27
1791454502,17.91
1791454803,26.30
1791455102,11.52
1791455402,23.91
1791455703,24.54
1791456003,18.72
1791456302,19.38
1791456603,19.26
1791456902,19.96
1791457203,26.33
1791457502,21.84
1791457803,24.54
1791458103,27.85
1791458403,12.68
1791458703,18.91
1791459003,25.48
1791459302,20.70
1791459602,22.16
1791459903,18.30
1791460203,20.45
1791460503,23.65
1791460803,27.07
1791461102,19.11
1791461403,15.99
1791461702,26.49
1791462002,16.51
1791462303,24.67
1791462623,25.75
1791462903,21.16
1791463203,16.15
1791463503,25.61
1791463803,17.61
1791464103,25.45
1791464402,27.00
1791464702,14.48
1791465003,22.45
1791465303,24.65
1791465603,18.91
1791465903,18.89
1791466202,25.51
1791466503,22.38
1791466803,26.25
1791467103,13.22
1791467404,20.06
1791467703,15.90
1791468003,22.24
1791468303,15.10
1791468603,24.14
1791468902,21.63
1791469203,25.97
1791469503,27.06
1791469804,22.32
1791470109,26.26
1791470404,17.58
1791470703,17.55
1791471003,23.56
1791471304,14.02
1791471603,20.07
1791471903,27.80
1791472203,18.93
1791472505,11.93
1791472803,23.09
1791473103,26.57
1791473405,16.73
1791473702,26.44
1791474002,26.30
1791474303,13.86
1791474602,18.44
1791474902,20.13
1791475202,27.61
1791475502,20.16
1791475803,23.10
1791476102,17.89
1791476402,21.24
1791476703,26.73
1791477003,27.30
1791477303,20.50
1791477603,21.04
1791477902,14.75
1791478203,23.61
1791478502,26.80
1791478803,26.07
1791479102,22.78
1791479402,12.31
1791479703,21.78
1791480003,26.02
1791480303,27.50
1791480602,26.54
1791480903,23.25
1791481203,22.94
1791481502,18.40
1791481803,26.28
1791482103,18.26
1791482402,15.83
1791482703,16.00
1791483002,18.72
1791483303,19.80
1791483603,21.57
1791483902,14.23
1791484203,18.97
1791484502,21.49
1791484802,15.29
1791485103,24.55
1791485403,26.83
1791485702,16.56
1791486002,20.80
1791486303,21.21
1791486603,27.17
1791486903,27.15
1791487203,14.13
1791487503,17.27
1791487802,21.84
1791488102,12.81
1791488403,20.40
1791488703,25.03
1791489002,23.51
1791489301,22.29
1791489601,2.27
1791489903,0.05
1791490201,0.00
1791490501,0.00
1791490802,0.04
1791491101,0.02
1791491401,0.00
1791491701,0.00
1791492001,0.00
1791492302,0.00
1791492601,0.06
1791492901,0.02
1791493201,0.00
1791493501,0.00
1791493801,0.03
1791494101,0.15
1791494402,0.05
1791494701,0.04
1791495001,0.02
1791495301,0.01
1791495601,0.00
1791495902,0.00
1791496201,0.00
1791496503,0.01
1791496803,0.16
1791497102,0.00
1791497403,0.00
1791497702,0.00
1791498003,0.00
1791498303,0.00
1791498602,0.00
1791498903,0.02
1791499202,0.08
1791499502,0.00
1791499802,0.08
1791500103,0.00
1791500403,0.00
1791500702,0.00
1791501003,0.00
1791501303,0.00
1791501603,0.00
1791501902,0.00
1791502203,0.00
1791502503,0.00
1791502802,0.00
1791503103,0.02
1791503403,0.08
1791503703,0.00
1791504002,0.00
1791504303,0.16
1791504602,0.01
1791504903,0.06
1791505203,0.01
1791505503,0.00
1791505803,0.00
1791506103,0.00
1791506402,0.00
1791506703,0.00
1791507003,0.00
1791507302,0.00
1791507603,0.00
1791507903,0.02
1791508202,0.00
1791508503,0.00
1791508803,0.00
1791509102,0.00
1791509403,0.00
1791509703,0.00
1791510003,0.00
1791510302,0.03
1791510603,0.00
1791510902,0.00
1791511203,0.00
1791511503,0.00
1791511802,0.00
1791512103,0.00
1791512403,0.00
1791512702,0.00
1791513003,0.00
1791513303,0.04
1791513603,0.00
1791513902,0.00
1791514203,0.00
1791514503,0.00
1791514802,0.00
1791515103,0.00
1791515403,0.00
1791515702,0.00
1791516003,0.00
1791516303,0.04
1791516602,0.03
1791516902,0.00
1791517203,0.00
1791517503,0.00
1791517803,0.08
1791518102,0.00
1791518403,0.00
1791518703,0.05
1791519003,0.00
1791519303,0.07
1791519602,0.02
1791519903,0.00
1791520202,0.03
1791520502,0.00
1791520803,0.00
1791521103,0.00
1791521402,0.00
1791521703,0.00
1791522003,0.00
1791522302,0.02
1791522603,0.00
1791522903,0.01
1791523203,0.00
1791523503,0.00
1791523802,0.16
1791524103,0.00
1791524402,0.08
1791524703,0.00
1791525003,0.00
1791525303,0.00
1791525602,0.00
1791525902,0.00
1791526203,0.00
1791526502,0.00
1791526803,0.08
1791527102,0.00
1791527403,0.08
1791527702,0.00
1791528003,0.08
1791528302,0.00
1791528603,0.00
1791528902,0.00
1791529203,0.00
1791529503,0.00
1791529802,2.76
1791530103,4.16
1791530403,6.66
1791530703,7.96
1791531003,4.18
1791531302,3.70
1791531603,2.12
1791531903,17.05
1791532202,15.90
1791532503,22.58
1791532802,13.04
1791533103,13.90
1791533403,12.07
1791533703,23.31
1791534002,19.00
1791534303,20.11
1791534602,21.48
1791534902,21.14
1791535203,23.90
1791535503,26.62
1791535802,20.12
1791536103,11.97
1791536403,19.95
1791536703,13.98
1791537003,26.07
1791537302,19.96
1791537602,12.24
1791537903,23.33
1791538203,20.97
1791538502,18.36
1791538802,19.77
1791539103,23.32
1791539403,21.48
1791539703,13.55
1791540003,13.56
1791540303,22.65
1791540602,18.73
1791540903,18.69
1791541203,20.86
1791541503,18.34
1791541802,23.20
1791542102,19.10
1791542403,19.19
1791542703,21.66
1791543002,22.88
1791543302,20.69
1791543603,15.08
1791543902,25.42
1791544203,13.53
1791544502,20.65
1791544803,21.55
1791545103,16.29
1791545402,24.17
1791545703,23.22
1791546002,14.07
1791546303,16.20
1791546602,19.20
1791546902,19.41
1791547203,27.73
1791547503,19.61
1791547803,27.10
1791548102,17.88
1791548403,24.44
1791548703,21.95
1791549002,22.41
1791549303,14.01
1791549603,25.80
1791549903,22.01
1791550203,21.75
1791550503,16.10
1791550803,21.13
1791551103,26.16
1791551403,25.58
1791551702,22.60
1791552003,21.76
1791552303,12.84
1791552603,20.98
1791552902,25.49
1791553203,21.05
1791553503,21.43
1791553803,20.39
1791554103,20.20
1791554403,25.77
1791554703,22.77
1791555003,21.10
1791555302,20.99
1791555602,21.09
1791555903,20.07
1791556203,24.41
1791556503,23.97
1791556803,21.76
1791557102,20.85
1791557403,18.32
1791557702,24.62
1791558002,24.43
1791558302,21.61
1791558603,11.23
1791558903,22.10
1791559202,26.53
1791559503,21.74
1791559803,20.92
1791560103,20.22
1791560403,21.50
1791560703,25.58
1791561002,20.37
1791561303,22.21
1791561603,16.70
1791561903,18.81
1791562203,24.56
1791562502,23.55
1791562803,20.79
1791563103,23.30
1791563402,21.42
1791563703,24.47
1791564003,22.98
1791564303,25.00
1791564602,26.93
1791564902,24.81
1791565203,27.32
1791565502,19.19
1791565803,20.58
1791566102,22.40
1791566403,19.39
1791566703,24.17
1791567003,14.67
1791567303,20.05
1791567603,14.53
1791567902,19.65
1791568203,25.71
1791568502,19.40
1791568803,23.41
1791569102,22.88
1791569403,17.15
1791569703,26.32
1791570003,27.79
1791570302,24.21
1791570603,11.41
1791570902,19.74
1791571203,25.19
1791571503,17.97
1791571803,17.92
1791572103,20.13
1791572403,21.22
1791572703,19.03
1791573003,20.93
1791573302,15.99
1791573603,14.17
1791573904,20.25
1791574203,21.26
1791574503,24.72
1791574802,21.40
1791575103,21.76
