1788098403,23.44
1788098702,23.24
1788099003,22.98
1788099303,24.52
1788099603,24.37
1788099903,24.03
1788100203,24.08
1788100502,24.05
1788100802,24.16
1788101102,24.06
1788101403,24.05
1788101703,24.12
1788102003,24.11
1788102303,24.15
1788102603,24.11
1788102903,6.66
1788103203,19.37
1788103502,23.70
1788103803,24.01
1788104103,24.05
1788104403,24.00
1788104703,24.03
1788105003,24.10
1788105302,24.03
1788105603,24.09
1788105903,24.06
1788106203,24.49
1788106503,24.07
1788106803,24.24
1788107103,24.09
1788107403,24.18
1788107702,24.09
1788108003,24.11
1788108302,24.01
1788108603,24.05
1788108903,23.99
1788109203,21.50
1788109502,22.06
1788109802,22.82
1788110103,24.15
1788110402,24.01
1788110702,22.70
1788111002,21.93
1788111303,21.69
1788111603,21.78
1788111902,21.76
1788112203,23.42
1788112502,23.35
1788112803,24.16
1788113103,23.90
1788113403,24.33
1788113702,24.15
1788114003,24.06
1788114303,24.01
1788114603,24.06
1788114903,24.03
1788115202,24.04
1788115503,24.01
1788115803,24.16
1788116103,24.00
1788116402,24.07
1788116702,24.12
1788117002,24.16
1788117302,24.02
1788117603,24.13
1788117903,24.01
1788118203,24.09
1788118502,24.02
1788118803,24.16
1788119103,24.03
1788119403,24.05
1788119702,24.11
1788120003,24.01
1788120303,24.07
1788120603,24.10
1788120903,24.13
1788121202,24.10
1788121503,24.06
1788121802,24.17
1788122102,24.41
1788122403,24.02
1788122702,24.17
1788123003,24.04
1788123302,24.04
1788123602,24.01
1788123903,24.07
1788124203,24.01
1788124503,24.05
1788124802,24.00
1788125103,24.02
1788125403,24.01
1788125702,24.17
1788126003,24.25
1788126302,24.07
1788126603,24.28
1788126903,24.04
1788127203,24.17
1788127503,24.03
1788127803,24.14
1788128103,24.03
1788128403,24.05
1788128703,24.08
1788129003,24.09
1788129303,24.05
1788129603,24.08
1788129903,24.02
1788130202,24.03
1788130503,24.00
1788130803,24.10
1788131103,24.00
1788131402,24.02
1788131703,24.96
1788132003,24.47
1788132303,24.02
1788132603,24.05
1788132903,24.08
1788133202,24.11
1788133503,24.09
1788133803,24.18
1788134103,24.12
1788134402,24.06
1788134703,24.14
1788135003,24.16
1788135303,24.30
1788135603,24.01
1788135902,24.10
1788136203,24.01
1788136503,24.12
1788136803,24.03
1788137103,24.08
1788137403,24.11
1788137703,24.04
1788138003,24.01
1788138303,24.09
1788138603,24.10
1788138902,24.04
1788139203,24.24
1788139502,24.02
1788139803,24.07
1788140103,24.06
1788140402,24.15
1788140702,24.46
1788141003,24.10
1788141303,24.01
1788141603,24.13
1788141903,24.27
1788142203,24.06
1788142503,24.04
1788142803,24.03
1788143103,24.04
1788143402,24.03
1788143702,24.03
1788144003,24.15
1788144303,24.01
1788144603,24.11
1788144903,24.15
1788145203,24.09
1788145503,24.00
1788145803,24.03
1788146103,24.13
1788146403,24.04
1788146702,24.17
1788147002,24.03
1788147302,24.08
1788147602,24.07
1788147903,24.07
1788148203,24.05
1788148502,24.04
1788148803,24.10
1788149102,24.05
1788149403,24.03
1788149702,24.28
1788150003,24.01
1788150303,7.90
1788150602,19.46
1788150903,23.78
1788151203,24.02
1788151503,24.08
1788151803,24.07
1788152103,24.12
1788152403,24.05
1788152702,24.06
1788153003,24.01
1788153303,24.06
1788153603,24.04
1788153903,24.09
1788154203,24.09
1788154502,24.09
1788154803,24.31
1788155102,24.04
1788155403,24.00
1788155703,24.21
1788156002,24.00
1788156303,24.04
1788156603,24.14
1788156903,24.07
1788157203,24.09
1788157504,24.13
1788157803,24.01
1788158102,24.06
1788158403,24.08
1788158702,24.04
1788159003,24.12
1788159302,24.06
1788159603,24.09
1788159903,24.13
1788160203,24.04
1788160503,24.00
1788160803,24.11
1788161103,24.03
1788161403,24.11
1788161703,24.10
1788162002,24.11
1788162303,24.04
1788162603,24.07
1788162903,24.06
1788163203,24.20
1788163503,24.06
1788163803,24.02
1788164103,24.21
1788164403,24.04
1788164703,24.16
1788165003,24.02
1788165302,24.07
1788165603,24.14
1788165903,24.25
1788166203,24.01
1788166503,24.08
1788166803,24.11
1788167103,24.20
1788167403,24.07
1788167703,24.07
1788168003,24.12
1788168303,24.09
1788168602,24.09
1788168903,24.18
1788169202,24.06
1788169503,24.11
1788169803,24.12
1788170103,24.06
1788170403,24.08
1788170703,24.20
1788171003,24.11
1788171303,24.05
1788171603,24.07
1788171903,24.17
1788172203,24.14
1788172503,24.07
1788172803,24.07
1788173103,24.06
1788173403,24.01
1788173702,24.02
1788174002,24.01
1788174303,24.02
1788174603,24.08
1788174903,24.02
1788175203,24.00
1788175503,24.09
1788175803,24.06
1788176103,24.16
1788176403,24.01
1788176702,24.12
1788177002,24.18
1788177302,24.05
1788177603,24.29
1788177902,24.16
1788178203,24.06
1788178503,24.04
1788178803,24.20
1788179103,24.01
1788179403,24.04
1788179703,24.02
1788180002,24.04
1788180303,24.09
1788180603,24.03
1788180903,24.03
1788181202,24.03
1788181503,24.01
1788181803,24.18
1788182102,24.32
1788182402,24.16
1788182703,24.12
1788183003,24.28
1788183303,24.06
1788183603,24.09
1788183903,24.06
1788184203,24.13
1788184503,24.05
1788184803,24.02
1788185104,24.07
1788185402,24.03
1788185702,24.50
1788186003,24.04
1788186302,24.07
1788186602,24.16
1788186903,24.15
1788187203,24.24
1788187503,1.42
1788187802,0.09
1788188102,0.02
1788188403,0.00
1788188703,0.05
1788189003,0.02
1788189302,0.01
1788189603,0.07
1788189903,0.05
1788190204,0.01
1788190502,0.00
1788190803,0.05
1788191103,0.01
1788191403,0.02
1788191703,0.07
1788192003,0.07
1788192303,0.00
1788192603,0.00
1788192903,0.03
1788193202,0.02
1788193503,0.03
1788193803,0.04
1788194103,0.07
1788194403,0.00
1788194702,0.10
1788195002,0.00
1788195303,0.00
1788195602,0.07
1788195903,0.02
1788196203,0.00
1788196503,0.12
1788196803,0.06
1788197102,0.00
1788197403,0.00
1788197703,0.04
1788198003,0.01
1788198303,0.00
1788198603,0.11
1788198903,0.03
1788199202,0.00
1788199503,0.00
1788199803,0.03
1788200103,0.03
1788200403,0.14
1788200702,0.17
1788201002,0.05
1788201302,0.00
1788201602,0.03
1788201903,0.02
1788202202,0.00
1788202503,0.05
1788202803,0.01
1788203103,0.01
1788203403,0.08
1788203704,0.04
1788204002,0.01
1788204303,0.00
1788204603,0.04
1788204902,0.02
1788205202,0.00
1788205503,0.00
1788205802,0.12
1788206103,0.02
1788206403,0.00
1788206703,0.06
1788207002,0.02
1788207303,0.05
1788207602,0.00
1788207903,0.02
1788208202,0.01
1788208502,0.09
1788208803,0.21
1788209103,0.01
1788209403,0.00
1788209703,0.12
1788210003,0.02
1788210303,0.04
1788210603,0.00
1788210903,0.12
1788211203,0.01
1788211503,0.00
1788211802,0.19
1788212103,0.17
1788212402,0.01
1788212702,0.00
1788213003,0.03
1788213303,0.01
1788213603,0.00
1788213902,0.05
1788214203,0.01
1788214502,0.02
1788214803,0.01
1788215102,0.10
1788215403,0.01
1788215703,0.12
1788216002,0.07
1788216303,0.02
1788216602,0.01
1788216902,0.01
1788217203,0.04
1788217503,0.04
1788217804,0.00
1788218103,0.08
1788218402,0.04
1788218703,0.01
1788219003,0.00
1788219302,0.04
1788219603,0.05
1788219902,0.00
1788220202,0.06
1788220503,0.13
1788220803,0.03
1788221103,0.00
1788221402,0.03
1788221702,0.01
1788222003,0.00
1788222303,0.00
1788222602,0.00
1788222902,0.05
1788223203,0.05
1788223503,0.02
1788223802,0.00
1788224103,0.00
1788224402,0.03
1788224702,0.16
1788225003,0.00
1788225302,0.04
1788225603,0.01
1788225903,0.01
1788226202,0.06
1788226502,0.04
1788226803,0.04
1788227102,0.00
1788227402,0.07
1788227702,0.00
1788228002,0.00
1788228303,0.06
1788228602,0.02
1788228902,0.01
1788229203,0.05
1788229503,0.03
1788229802,0.01
1788230103,0.13
1788230402,0.02
1788230702,0.00
1788231003,0.00
1788231303,0.14
1788231602,0.18
1788231903,0.15
1788232203,0.07
1788232503,0.04
1788232803,0.00
1788233103,0.06
1788233403,0.02
1788233703,0.01
1788234003,0.11
1788234302,0.04
1788234602,0.08
1788234902,0.00
1788235204,0.12
1788235503,0.11
1788235802,0.02
1788236103,0.05
1788236403,0.00
1788236702,0.00
1788237002,0.09
1788237303,0.02
1788237603,0.02
1788237903,0.08
1788238203,0.08
1788238503,0.02
1788238803,0.00
1788239103,0.04
1788239403,0.02
1788239703,0.01
1788240003,0.07
1788240302,0.02
1788240603,0.00
1788240902,0.00
1788241202,0.52
1788241502,0.06
1788241803,0.06
1788242103,0.16
1788242403,0.03
1788242703,0.00
1788243002,0.18
1788243302,0.08
1788243602,0.00
1788243903,0.13
1788244203,0.02
1788244503,0.01
1788244803,0.03
1788245102,0.04
1788245403,0.09
1788245703,0.15
1788246003,0.05
1788246303,0.03
1788246603,0.04
1788246903,0.07
1788247203,0.02
1788247503,0.00
1788247803,0.03
1788248102,0.04
1788248402,0.01
1788248702,0.00
1788249003,0.09
1788249303,0.03
1788249602,0.11
1788249903,0.01
1788250202,0.07
1788250503,0.01
1788250803,0.04
1788251103,0.04
1788251403,0.03
1788251703,0.01
1788252003,0.23
1788252303,0.11
1788252603,0.02
1788252903,0.15
1788253203,0.02
1788253503,0.02
1788253803,0.06
1788254103,0.16
1788254403,0.02
1788254703,0.00
1788255002,0.06
1788255303,0.02
1788255602,0.01
1788255902,0.08
1788256203,0.05
1788256502,0.00
1788256804,0.00
1788257102,0.04
1788257403,0.05
1788257703,0.00
1788258002,0.12
1788258302,0.03
1788258603,0.03
1788258903,0.27
1788259203,0.10
1788259503,0.01
1788259803,0.10
1788260102,0.04
1788260403,0.09
1788260703,0.22
1788261003,0.09
1788261303,0.02
1788261602,0.02
1788261902,0.00
1788262203,0.14
1788262503,0.01
1788262803,0.03
1788263103,0.03
1788263403,0.02
1788263703,0.00
1788264003,0.11
1788264303,0.01
1788264603,0.04
1788264902,0.09
1788265202,0.02
1788265503,0.01
1788265803,0.04
1788266103,0.03
1788266403,0.02
1788266703,0.01
1788267002,0.12
1788267303,0.04
1788267603,0.00
1788267902,0.07
1788268203,0.02
1788268502,0.03
1788268803,0.00
1788269103,0.07
1788269403,0.04
1788269702,0.00
1788270002,0.07
1788270302,0.01
1788270603,0.00
1788270903,0.08
1788271203,0.02
1788271502,0.01
1788271803,0.02
1788272102,0.04
1788272403,0.01
1788272703,0.00
1788273004,0.04
1788273303,0.01
1788273603,0.00
1788273903,0.11
1788274202,0.05
1788274503,0.00
1788274804,0.08
1788275103,0.03
1788275403,0.08
1788275702,0.17
1788276003,0.04
1788276303,0.05
1788276603,0.00
1788276903,0.11
1788277203,0.04
1788277503,0.04
1788277803,0.11
1788278103,0.02
1788278403,0.09
1788278702,0.04
1788279003,0.04
1788279303,0.01
1788279603,0.00
1788279903,0.10
1788280203,0.01
1788280502,0.01
1788280803,0.09
1788281102,0.07
1788281403,0.00
1788281703,0.00
1788282003,0.05
1788282303,0.03
1788282603,0.00
1788282902,0.04
1788283202,0.01
1788283503,0.06
1788283802,0.15
1788284103,0.03
1788284403,0.02
1788284702,0.16
1788285003,0.12
1788285303,0.01
1788285602,0.00
1788285902,0.18
1788286203,0.03
1788286502,0.00
1788286803,0.07
1788287102,0.19
1788287403,0.01
1788287703,0.00
1788288002,0.03
1788288303,0.01
1788288603,0.01
1788288903,0.13
1788289203,0.01
1788289503,0.04
1788289804,0.08
1788290102,0.02
1788290403,0.00
1788290702,0.04
1788291003,0.04
1788291303,0.01
1788291603,0.00
1788291902,0.10
1788292204,0.10
1788292503,0.00
1788292804,0.07
1788293103,0.06
1788293403,0.02
1788293703,0.00
1788294003,0.03
1788294303,0.06
1788294603,0.00
1788294902,0.04
1788295203,0.01
1788295502,0.02
1788295802,0.25
1788296103,0.02
1788296403,0.00
1788296703,0.12
1788297003,0.02
1788297302,0.02
1788297602,0.00
1788297902,0.03
1788298202,0.01
1788298503,0.03
1788298803,0.04
1788299103,0.02
1788299403,0.00
1788299702,0.33
1788300002,0.02
1788300303,0.01
1788300603,0.07
1788300903,0.05
1788301203,0.00
1788301502,0.00
1788301802,0.07
1788302102,0.01
1788302402,0.00
1788302703,0.14
1788303003,0.04
1788303303,0.00
1788303603,0.00
1788303902,0.08
1788304202,0.00
1788304503,0.00
1788304803,0.05
1788305103,0.01
1788305402,0.01
1788305702,0.16
1788306003,0.02
1788306303,0.01
1788306602,0.22
1788306902,0.15
1788307202,0.02
1788307502,0.00
1788307803,0.00
1788308103,0.03
1788308403,0.00
1788308702,0.06
1788309002,0.00
1788309302,0.03
1788309602,0.06
1788309902,0.04
1788310203,0.00
1788310503,0.01
1788310803,0.16
1788311103,0.09
1788311402,0.00
1788311702,0.04
1788312003,0.00
1788312302,0.00
1788312602,0.07
1788312902,0.02
1788313203,0.00
1788313502,0.10
1788313803,0.25
1788314103,0.01
1788314402,0.08
1788314703,0.10
1788315002,0.01
1788315303,0.00
1788315603,0.07
1788315902,0.03
1788316203,0.00
1788316503,0.02
1788316802,0.06
1788317103,0.03
1788317402,0.01
1788317703,0.00
1788318002,0.01
1788318303,0.00
1788318602,0.07
1788318903,0.02
1788319202,0.00
1788319503,0.08
1788319803,0.03
1788320103,0.02
1788320403,0.00
1788320702,0.04
1788321002,0.08
1788321303,0.00
1788321602,0.06
1788321902,0.05
1788322203,0.02
1788322503,0.00
1788322803,0.02
1788323103,0.01
1788323403,0.01
1788323702,0.04
1788324003,0.01
1788324303,0.03
1788324603,0.11
1788324902,0.04
1788325203,0.00
1788325502,0.07
1788325803,0.06
1788326103,0.00
1788326403,0.00
1788326703,0.03
1788327003,0.01
1788327303,0.00
1788327602,0.43
1788327902,0.02
1788328202,0.00
1788328503,0.09
1788328802,0.03
1788329103,0.01
1788329403,0.00
1788329702,0.08
1788330003,0.01
1788330303,0.00
1788330602,0.08
1788330903,0.02
1788331203,0.00
1788331502,0.06
1788331802,0.02
1788332103,0.00
1788332403,0.23
1788332702,0.15
1788333003,0.01
1788333303,0.02
1788333603,0.04
1788333903,0.02
1788334203,0.00
1788334503,0.13
1788334803,0.20
1788335103,0.02
1788335402,0.07
1788335702,0.03
1788336003,0.02
1788336302,0.02
1788336602,0.03
1788336903,0.01
1788337203,0.00
1788337503,0.05
1788337803,0.01
1788338102,0.00
1788338403,0.06
1788338703,0.02
1788339003,0.01
1788339303,0.08
1788339603,0.02
1788339903,0.01
1788340203,0.02
1788340503,0.04
1788340803,0.12
1788341103,0.00
1788341403,0.04
1788341703,0.02
1788342003,0.00
1788342302,0.07
1788342602,0.09
1788342903,0.00
1788343204,0.00
1788343502,0.04
1788343802,0.01
1788344103,0.09
1788344403,0.08
1788344703,0.06
1788345003,0.00
1788345303,0.07
1788345602,0.02
1788345902,0.01
1788346203,0.00
1788346502,0.09
1788346802,0.01
1788347103,0.00
1788347402,0.04
1788347703,0.01
1788348002,0.05
1788348303,0.26
1788348602,0.02
1788348902,0.00
1788349202,0.34
1788349502,0.00
1788349803,0.06
1788350102,0.00
1788350403,0.12
1788350703,0.01
1788351002,0.00
1788351303,0.04
1788351603,0.04
1788351903,0.53
1788352203,0.51
1788352502,1.16
1788352803,20.15
1788353103,20.05
1788353403,20.08
1788353702,20.27
1788354003,20.13
1788354304,20.08
1788354611,20.24
1788354903,20.43
1788355203,20.05
1788355503,20.03
1788355805,20.22
1788356103,20.01
1788356403,20.03
1788356707,20.02
1788357017,20.47
1788357303,20.15
1788357604,20.27
1788357904,20.01
1788358203,20.15
1788358503,20.06
1788358803,20.20
1788359105,20.09
1788359404,20.14
1788359704,20.17
1788360002,20.09
1788360303,20.16
1788360603,20.10
1788360903,20.10
1788361203,20.14
1788361503,26.44
1788361802,32.09
1788362103,28.47
1788362402,28.29
1788362703,35.83
1788363003,33.57
1788363302,35.14
1788363602,19.31
1788363903,33.23
1788364202,34.51
1788364503,35.85
1788364802,35.20
1788365102,34.54
1788365403,35.71
1788365703,33.69
1788366002,35.85
1788366303,36.00
1788366603,35.58
1788366902,31.35
1788367202,34.40
1788367503,29.29
1788367802,30.46
1788368102,27.25
1788368404,35.35
1788368702,34.54
1788369002,35.15
1788369302,36.16
1788369603,29.61
1788369903,27.44
1788370203,35.81
1788370503,36.07
1788370803,35.74
1788371102,35.94
1788371403,35.25
1788371703,34.35
1788372003,35.24
1788372303,35.87
1788372603,34.66
1788372903,34.45
1788373203,34.26
1788373502,34.62
1788373804,35.89
1788374102,34.72
1788374403,35.26
1788374703,34.26
1788375002,35.69
1788375302,35.59
1788375603,34.57
1788375903,34.33
1788376203,35.01
1788376503,34.23
1788376802,33.05
1788377103,34.93
1788377403,35.39
1788377703,35.78
1788378003,33.32
1788378302,33.86
1788378602,34.73
1788378903,34.45
1788379203,35.90
1788379503,36.28
1788379803,35.31
1788380103,34.07
1788380403,34.48
1788380703,35.26
1788381003,36.11
1788381302,35.67
1788381603,34.78
1788381903,35.70
1788382203,35.42
1788382503,36.05
1788382802,35.11
1788383103,35.09
1788383402,35.49
1788383702,35.72
1788384003,34.91
1788384303,35.86
1788384603,34.99
1788384903,34.72
1788385203,35.97
1788385503,35.98
1788385802,35.16
1788386102,35.97
1788386405,35.65
1788386703,35.96
1788387003,35.23
1788387303,35.98
1788387602,36.10
1788387902,35.58
1788388203,35.49
1788388503,34.75
1788388803,35.00
1788389103,32.17
1788389403,34.57
1788389702,36.07
1788390003,35.59
1788390303,36.00
1788390602,35.64
1788390902,35.83
1788391203,35.13
1788391503,34.18
1788391802,35.58
1788392103,34.73
1788392403,35.48
1788392703,35.94
1788393003,35.72
1788393303,35.86
1788393603,35.10
1788393903,34.31
1788394203,35.76
1788394503,35.13
1788394802,35.50
1788395103,34.61
1788395402,35.41
1788395702,35.78
1788396003,36.02
1788396303,36.07
1788396603,33.74
1788396902,36.09
1788397203,33.95
1788397502,34.90
1788397803,35.66
1788398103,36.00
1788398403,33.75
1788398702,34.61
1788399003,35.38
1788399303,34.81
1788399602,33.98
1788399903,35.16
1788400203,34.78
1788400503,35.27
1788400802,34.91
1788401103,36.19
1788401403,34.67
1788401702,35.89
1788402002,34.85
1788402303,34.80
1788402603,34.33
1788402903,35.40
1788403203,35.76
1788403503,35.58
1788403802,34.73
1788404103,35.46
1788404403,36.07
1788404703,34.96
1788405002,35.62
1788405303,35.91
1788405603,36.06
1788405903,35.57
1788406202,34.62
1788406503,36.18
1788406803,35.72
1788407103,35.54
1788407402,34.44
1788407703,35.69
1788408003,17.40
1788408303,32.03
1788408603,31.99
1788408902,34.46
1788409202,36.13
1788409502,36.19
1788409803,35.52
1788410102,35.59
1788410403,35.43
1788410703,22.00
1788411003,21.11
1788411303,21.54
1788411603,27.98
1788411903,35.46
1788412203,35.60
1788412502,34.63
1788412803,36.05
1788413102,34.79
1788413403,35.80
1788413703,35.52
1788414003,34.94
1788414302,34.76
1788414603,36.02
1788414902,34.80
1788415203,35.62
1788415503,35.80
1788415803,35.85
1788416102,35.58
1788416403,34.10
1788416703,36.48
1788417003,35.70
1788417302,36.23
1788417603,35.68
1788417903,35.24
1788418202,35.42
1788418503,35.70
1788418804,34.58
1788419103,35.70
1788419403,34.79
1788419703,35.85
1788420003,34.77
1788420303,34.15
1788420603,35.05
1788420902,34.82
1788421202,34.27
1788421502,35.60
1788421802,35.91
1788422103,36.23
1788422403,34.90
1788422703,35.79
1788423002,35.19
1788423303,36.17
1788423603,35.72
1788423903,25.42
1788424203,33.07
1788424503,34.95
1788424803,30.83
1788425102,27.81
1788425402,31.79
1788425702,35.73
1788426004,29.71
1788426303,27.45
1788426603,35.96
1788426902,34.84
1788427203,35.95
1788427503,35.99
1788427802,35.52
1788428103,35.33
1788428402,34.80
1788428702,35.73
1788429002,34.72
1788429302,35.64
1788429602,24.75
1788429903,16.35
1788430203,15.70
1788430503,14.90
1788430802,14.38
1788431103,15.64
1788431403,15.30
1788431703,15.82
1788432002,15.29
1788432303,15.65
1788432603,14.76
1788432902,15.46
1788433203,15.40
1788433502,15.79
1788433802,15.15
1788434102,13.57
1788434403,16.25
1788434703,16.02
1788435002,15.95
1788435302,15.78
1788435604,15.89
1788435903,16.00
1788436203,15.83
1788436503,13.96
1788436803,15.94
1788437103,16.62
1788437402,15.98
1788437703,15.88
1788438002,33.76
1788438302,36.02
1788438602,35.88
1788438903,35.63
1788439202,35.78
1788439503,36.15
1788439803,35.61
1788440103,35.53
1788440403,35.31
1788440703,35.23
1788441002,36.08
1788441302,35.57
1788441603,36.05
1788441903,35.53
1788442202,36.10
1788442503,36.06
1788442803,34.86
1788443102,36.01
1788443402,35.56
1788443702,35.84
1788444002,35.87
1788444302,35.20
1788444603,36.01
1788444903,33.45
1788445202,21.27
1788445502,21.16
1788445806,21.32
1788446103,32.30
1788446403,33.67
1788446703,34.94
1788447002,35.97
1788447302,35.75
1788447603,36.00
1788447902,35.90
1788448203,36.02
1788448504,35.74
1788448803,35.50
1788449103,36.11
1788449403,35.39
1788449702,35.81
1788450003,35.94
1788450303,35.96
1788450603,35.60
1788450903,32.94
1788451203,30.78
1788451503,34.84
1788451804,35.94
1788452103,34.50
1788452403,35.89
1788452703,35.07
1788453003,35.67
1788453302,36.08
1788453602,34.65
1788453903,35.38
1788454203,35.47
1788454503,16.73
1788454803,35.07
1788455103,35.18
1788455403,35.54
1788455703,36.08
1788456003,36.02
1788456303,34.98
1788456603,35.15
1788456902,35.63
1788457202,35.80
1788457502,35.99
1788457803,35.23
1788458103,35.90
1788458403,34.97
1788458703,35.22
1788459002,35.96
1788459303,35.98
1788459603,34.94
1788459903,36.00
1788460203,36.09
1788460502,26.30
1788460803,26.26
1788461103,35.64
1788461402,34.58
1788461703,35.25
1788462003,35.15
1788462302,35.80
1788462603,35.44
1788462903,34.91
1788463202,36.05
1788463502,34.69
1788463803,35.47
1788464103,36.23
1788464403,34.56
1788464703,34.71
1788465003,36.20
1788465303,36.08
1788465603,35.63
1788465903,36.00
1788466203,36.29
1788466503,35.77
1788466803,34.70
1788467103,35.99
1788467403,34.04
1788467703,34.24
1788468002,35.36
1788468303,33.62
1788468603,35.66
1788468903,34.95
1788469202,35.46
1788469503,35.45
1788469803,36.13
1788470103,33.21
1788470403,35.62
1788470703,34.18
1788471003,35.87
1788471303,33.61
1788471603,35.97
1788471903,35.96
1788472204,35.52
1788472503,21.20
1788472803,21.01
1788473103,22.07
1788473403,29.38
1788473703,35.99
1788474003,36.18
1788474303,35.32
1788474603,36.03
1788474902,36.36
1788475203,35.27
1788475502,35.51
1788475803,33.60
1788476103,35.19
1788476403,35.57
1788476703,35.11
1788477003,35.10
1788477302,35.97
1788477603,34.86
1788477902,34.95
1788478204,34.07
1788478502,35.45
1788478803,33.74
1788479103,35.91
1788479403,36.02
1788479703,34.92
1788480003,34.97
1788480303,35.99
1788480602,36.12
1788480903,35.14
1788481203,35.28
1788481503,36.01
1788481803,34.84
1788482103,35.74
1788482402,35.77
1788482702,35.33
1788483002,35.91
1788483303,34.91
1788483603,34.86
1788483903,36.28
1788484203,36.06
1788484503,35.54
1788484802,34.27
1788485102,35.84
1788485403,35.87
1788485703,35.34
1788486003,35.64
1788486302,34.78
1788486602,35.53
1788486903,35.78
1788487203,35.19
1788487503,35.51
1788487803,34.10
1788488102,34.52
1788488403,36.02
1788488703,35.24
1788489002,36.10
1788489302,35.10
1788489603,35.58
1788489903,35.60
1788490203,35.81
1788490503,36.20
1788490803,34.23
1788491103,34.93
1788491403,35.56
1788491702,35.94
1788492002,34.46
1788492303,35.02
1788492602,36.06
1788492902,34.14
1788493203,35.23
1788493502,34.95
1788493803,34.84
1788494103,36.21
1788494403,35.39
1788494702,35.54
1788495002,34.76
1788495303,35.89
1788495603,34.91
1788495903,35.13
1788496202,36.13
1788496503,35.96
1788496803,34.11
1788497103,35.81
1788497403,35.95
1788497703,36.08
1788498003,34.48
1788498303,35.41
1788498603,35.89
1788498903,36.14
1788499203,34.69
1788499503,35.90
1788499802,36.06
1788500103,35.30
1788500402,36.97
1788500702,18.35
1788501003,34.84
1788501303,34.79
1788501602,33.98
1788501903,35.22
1788502202,35.74
1788502503,35.58
1788502802,36.01
1788503103,35.06
1788503403,34.51
1788503703,35.65
1788504003,35.90
1788504303,34.56
1788504603,35.47
1788504903,35.18
1788505202,22.87
1788505503,20.03
1788505803,20.08
1788506103,20.01
1788506403,20.98
1788506703,21.10
1788507003,20.25
1788507303,20.99
1788507603,21.14
1788507902,20.32
1788508203,20.15
1788508503,20.08
1788508803,20.21
1788509103,20.03
1788509403,20.05
1788509703,20.05
1788510003,20.05
1788510303,20.05
1788510604,20.08
1788510903,20.22
1788511203,20.08
1788511502,20.06
1788511803,20.17
1788512103,20.24
1788512403,20.10
1788512703,30.04
1788513003,29.28
1788513302,31.53
1788513603,27.93
1788513902,28.89
1788514203,26.27
1788514503,29.74
1788514802,32.50
1788515102,33.77
1788515402,35.60
1788515703,35.35
1788516003,35.93
1788516303,35.70
1788516603,36.24
1788516902,35.50
1788517203,36.07
1788517502,34.36
1788517803,35.53
1788518102,35.57
1788518402,34.69
1788518702,35.97
1788519003,34.70
1788519303,35.11
1788519603,35.45
1788519903,35.42
1788520203,35.46
1788520503,35.53
1788520802,35.45
1788521103,36.22
1788521403,36.16
1788521703,16.74
1788522003,16.87
1788522303,16.70
1788522603,33.31
1788522903,36.15
1788523203,34.02
1788523502,36.13
1788523802,34.77
1788524102,35.26
1788524403,35.60
1788524702,35.77
1788525002,34.54
1788525303,34.63
1788525603,34.96
1788525903,36.12
1788526202,35.60
1788526502,35.50
1788526803,35.82
1788527103,35.56
1788527403,36.40
1788527702,35.89
1788528003,35.18
1788528303,36.06
1788528603,35.75
1788528903,35.41
1788529202,36.02
1788529503,35.68
1788529803,35.78
1788530102,35.93
1788530403,35.48
1788530702,34.71
1788531003,36.04
1788531302,34.21
1788531603,35.93
1788531902,35.73
1788532202,36.16
1788532503,34.77
1788532803,35.81
1788533102,35.00
1788533402,35.96
1788533702,35.20
1788534003,35.19
1788534303,36.02
1788534603,34.26
1788534902,35.16
1788535203,35.87
1788535503,33.93
1788535803,35.96
1788536103,35.54
1788536402,35.98
1788536702,34.55
1788537003,35.54
1788537302,35.19
1788537602,34.97
1788537903,36.67
1788538202,34.46
1788538503,35.58
1788538803,35.06
1788539103,35.56
1788539402,34.77
1788539703,35.93
1788540002,35.82
1788540303,35.82
1788540602,34.57
1788540903,35.85
1788541202,35.00
1788541503,35.18
1788541802,35.61
1788542103,35.01
1788542403,35.72
1788542703,25.54
1788543002,25.94
1788543302,35.77
1788543603,35.58
1788543903,34.61
1788544203,36.05
1788544503,35.50
1788544803,35.25
1788545102,35.84
1788545403,33.17
1788545703,35.27
1788546002,36.00
1788546302,35.93
1788546602,36.11
1788546903,36.01
1788547202,36.21
1788547502,35.77
1788547802,34.89
1788548103,35.67
1788548403,35.20
1788548703,35.64
1788549002,35.80
1788549302,34.29
1788549603,35.83
1788549903,35.23
1788550203,35.79
1788550502,35.99
1788550802,34.76
1788551102,35.58
1788551402,35.92
1788551703,35.97
1788552003,35.43
1788552302,35.94
1788552603,34.43
1788552903,35.99
1788553203,36.01
1788553502,35.77
1788553802,35.88
1788554103,36.31
1788554402,34.46
1788554703,35.77
1788555002,35.98
1788555303,35.93
1788555602,35.01
1788555903,35.71
1788556203,36.07
1788556502,34.13
1788556803,35.83
1788557103,35.93
1788557402,35.78
1788557703,35.78
1788558003,34.36
1788558303,35.67
1788558602,34.94
1788558903,35.24
1788559203,35.54
1788559503,35.26
1788559803,36.19
1788560103,35.54
1788560402,35.68
1788560703,35.47
1788561002,35.18
1788561302,36.05
1788561603,35.59
1788561903,35.80
1788562203,35.77
1788562503,26.26
1788562803,33.26
1788563103,35.27
1788563402,29.00
1788563703,34.40
1788564003,33.93
1788564303,32.55
1788564602,34.92
1788564903,35.24
1788565203,35.22
1788565502,36.00
1788565803,34.89
1788566102,35.46
1788566403,33.98
1788566702,35.40
1788567003,34.89
1788567302,35.88
1788567602,34.36
1788567903,35.52
1788568202,34.84
1788568502,35.87
1788568803,35.98
1788569102,32.68
1788569403,33.76
1788569702,35.73
1788570003,35.56
1788570303,34.18
1788570603,31.79
1788570903,34.69
1788571203,35.08
1788571503,36.02
1788571802,33.78
1788572103,35.64
1788572403,34.24
1788572703,32.69
1788573002,35.00
1788573302,35.99
1788573603,34.26
1788573903,35.53
1788574203,34.98
1788574503,35.42
1788574802,34.58
1788575103,35.74
1788575402,36.00
1788575703,35.74
1788576003,33.00
1788576303,34.59
1788576603,35.61
1788576903,33.39
1788577202,35.37
1788577502,34.55
1788577803,35.82
1788578102,35.90
1788578402,35.58
1788578702,35.04
1788579003,33.96
1788579303,36.05
1788579602,35.53
1788579903,36.03
1788580202,34.75
1788580503,34.55
1788580802,35.97
1788581102,34.80
1788581403,35.41
1788581702,33.88
1788582003,35.47
1788582303,34.38
1788582603,34.25
1788582903,35.03
1788583203,35.12
1788583503,35.57
1788583803,33.75
1788584103,35.83
1788584402,33.73
1788584703,35.89
1788585002,34.48
1788585302,35.74
1788585603,36.07
1788585903,35.90
1788586203,35.85
1788586503,33.96
1788586803,35.07
1788587103,33.20
1788587402,34.32
1788587702,35.31
1788588002,36.02
1788588303,35.79
1788588603,16.34
1788588903,33.74
1788589203,36.09
1788589503,34.66
1788589802,35.10
1788590102,35.39
1788590403,35.91
1788590702,33.11
1788591002,35.66
1788591303,35.90
1788591602,35.07
1788591903,35.63
1788592202,33.69
1788592503,34.15
1788592802,35.79
1788593102,35.95
1788593402,34.44
1788593703,35.53
1788594003,32.99
1788594303,35.12
1788594602,35.35
1788594902,34.25
1788595203,35.79
1788595503,35.74
1788595803,35.14
1788596103,35.79
1788596403,35.46
1788596703,35.54
1788597003,32.84
1788597303,34.91
1788597603,36.01
1788597902,33.53
1788598203,35.37
1788598502,32.83
1788598803,35.50
1788599103,35.73
1788599403,35.63
1788599703,33.33
1788600003,35.04
1788600303,35.96
1788600602,35.94
1788600902,35.04
1788601203,34.88
1788601503,34.81
1788601803,35.58
1788602102,34.72
1788602403,35.27
1788602703,35.45
1788603003,35.63
1788603302,34.60
1788603603,34.72
1788603903,18.90
1788604203,16.69
1788604503,16.34
1788604802,15.74
1788605103,15.42
1788605402,15.85
1788605703,15.70
1788606002,15.64
1788606303,14.68
1788606603,15.33
1788606902,14.33
1788607202,14.82
1788607503,15.02
1788607803,15.51
1788608103,15.53
1788608403,0.22
1788608702,0.03
1788609003,0.06
1788609302,0.00
1788609603,0.03
1788609903,0.01
1788610203,0.00
1788610502,0.06
1788610803,0.13
1788611103,0.00
1788611402,0.04
1788611703,0.00
1788612002,0.00
1788612303,0.16
1788612603,0.02
1788612903,0.00
1788613203,0.00
1788613503,0.08
1788613803,0.01
1788614102,0.00
1788614403,0.12
1788614703,0.10
1788615003,0.01
1788615302,0.08
1788615603,0.17
1788615903,0.10
1788616202,0.00
1788616503,0.04
1788616803,0.27
1788617103,0.10
1788617403,0.08
1788617702,0.03
1788618003,0.00
1788618302,0.09
1788618603,0.04
1788618903,0.00
1788619202,0.03
1788619502,0.09
1788619802,0.02
1788620102,0.00
1788620403,0.10
1788620702,0.02
1788621003,0.01
1788621303,0.15
1788621603,0.02
1788621902,0.07
1788622203,0.02
1788622502,0.07
1788622803,0.01
1788623103,0.01
1788623403,0.06
1788623702,0.04
1788624003,0.01
1788624303,0.01
1788624603,0.02
1788624903,0.05
1788625202,0.00
1788625503,0.00
1788625803,0.13
1788626103,0.00
1788626403,0.05
1788626703,0.02
1788627003,0.08
1788627303,0.12
1788627603,0.02
1788627902,0.02
1788628203,0.08
1788628502,0.03
1788628803,0.02
1788629103,0.06
1788629402,0.09
1788629703,0.04
1788630003,0.00
1788630302,0.12
1788630603,0.00
1788630903,0.01
1788631203,0.10
1788631502,0.08
1788631802,0.16
1788632103,0.18
1788632403,0.05
1788632703,0.06
1788633002,0.06
1788633302,0.11
1788633603,0.02
1788633903,0.08
1788634202,0.04
1788634503,0.01
1788634803,0.01
1788635102,0.04
1788635403,0.09
1788635703,0.00
1788636002,0.06
1788636302,0.04
1788636603,0.00
1788636903,0.00
1788637202,0.03
1788637503,0.01
1788637803,0.00
1788638103,0.05
1788638402,0.01
1788638703,0.04
1788639003,0.01
1788639302,0.02
1788639603,0.01
1788639903,0.12
1788640202,0.03
1788640503,0.02
1788640802,0.12
1788641102,0.10
1788641402,0.01
1788641703,0.00
1788642003,0.13
1788642303,0.06
1788642602,0.12
1788642903,0.02
1788643203,0.03
1788643502,0.05
1788643802,0.07
1788644103,0.10
1788644403,0.03
1788644702,0.12
1788645003,0.07
1788645303,0.02
1788645603,0.00
1788645903,0.03
1788646203,0.03
1788646502,0.01
1788646803,0.00
1788647103,0.05
1788647403,0.01
1788647702,0.03
1788648003,0.07
1788648303,0.02
1788648603,0.00
1788648902,0.00
1788649203,0.00
1788649502,0.01
1788649803,0.00
1788650102,0.04
1788650403,0.01
1788650703,0.10
1788651003,0.00
1788651303,0.03
1788651602,0.02
1788651903,0.07
1788652203,0.04
1788652502,0.01
1788652806,0.00
1788653102,0.03
1788653403,0.01
1788653702,0.07
1788654003,0.04
1788654302,0.03
1788654603,0.00
1788654903,0.06
1788655203,0.05
1788655502,0.04
1788655803,0.00
1788656103,0.02
1788656402,0.17
1788656702,0.00
1788657003,0.03
1788657303,0.01
1788657603,0.00
1788657902,0.17
1788658203,0.04
1788658503,0.01
1788658803,0.06
1788659103,0.05
1788659403,0.09
1788659703,0.15
1788660003,0.11
1788660303,0.24
1788660603,0.00
1788660902,0.18
1788661203,0.02
1788661502,0.01
1788661802,0.06
1788662103,0.04
1788662402,0.01
1788662703,0.00
1788663002,0.06
1788663303,0.01
1788663603,0.01
1788663902,0.04
1788664202,0.01
1788664502,0.00
1788664803,0.08
1788665103,0.02
1788665402,0.00
1788665703,0.00
1788666003,0.04
1788666302,0.01
1788666603,0.04
1788666902,0.05
1788667203,0.02
1788667503,0.09
1788667803,0.07
1788668103,0.02
1788668402,0.01
1788668702,0.00
1788669003,0.04
1788669302,0.01
1788669603,0.01
1788669902,0.05
1788670202,0.01
1788670502,0.00
1788670803,0.19
1788671103,0.02
1788671402,0.02
1788671703,0.07
1788672002,0.07
1788672303,0.01
1788672603,0.00
1788672903,0.08
1788673202,0.25
1788673503,0.00
1788673803,0.07
1788674103,0.05
1788674403,0.03
1788674702,0.10
1788675003,0.03
1788675303,0.04
1788675603,0.01
1788675902,0.08
1788676203,0.01
1788676502,0.04
1788676803,0.08
1788677103,0.02
1788677402,0.00
1788677703,0.01
1788678003,0.03
1788678302,0.02
1788678603,0.06
1788678902,0.05
1788679202,0.01
1788679503,0.02
1788679802,0.06
1788680103,0.06
1788680403,0.00
1788680703,0.01
1788681002,0.04
1788681303,0.06
1788681603,0.00
1788681903,0.06
1788682202,0.02
1788682503,0.04
1788682802,0.00
1788683103,0.04
1788683402,0.01
1788683703,0.01
1788684002,0.07
1788684303,0.06
1788684603,0.01
1788684903,0.02
1788685203,0.03
1788685502,0.01
1788685803,0.13
1788686103,0.05
1788686402,0.01
1788686702,0.00
1788687003,0.05
1788687302,0.08
1788687603,0.12
1788687903,0.15
1788688202,0.02
1788688502,0.02
1788688803,0.00
1788689103,0.03
1788689403,0.04
1788689702,0.16
1788690002,0.05
1788690303,0.01
1788690603,0.00
1788690902,0.09
1788691203,0.02
1788691503,0.00
1788691802,0.01
1788692103,0.08
1788692403,0.01
1788692703,0.00
1788693002,0.04
1788693303,0.06
1788693603,0.03
1788693902,0.06
1788694203,0.02
1788694502,0.06
1788694803,0.08
1788695102,0.07
1788695403,0.01
1788695703,0.05
1788696002,0.05
1788696302,0.09
1788696603,0.00
1788696902,0.06
1788697203,0.04
1788697503,0.05
1788697802,0.14
1788698103,0.08
1788698402,0.02
1788698702,0.01
1788699003,0.02
1788699302,0.10
1788699603,0.00
1788699902,0.04
1788700203,0.01
1788700503,0.07
1788700802,0.16
1788701103,0.00
1788701402,0.00
1788701702,0.10
1788702005,0.10
1788702302,0.00
1788702605,0.00
1788702903,0.08
1788703203,0.01
1788703503,0.01
1788703802,0.05
1788704103,0.04
1788704403,0.00
1788704702,0.08
1788705003,0.05
1788705303,0.00
1788705602,0.00
1788705903,0.11
1788706202,0.03
1788706503,0.01
1788706802,0.05
1788707102,0.03
1788707403,0.00
1788707703,0.00
1788708002,0.14
1788708303,0.01
1788708603,0.00
1788708903,0.11
1788709202,0.01
1788709503,0.00
1788709803,0.07
1788710103,0.01
1788710403,0.02
1788710703,0.07
1788711003,0.08
1788711303,0.09
1788711602,0.01
1788711903,0.03
1788712203,0.02
1788712502,0.00
1788712803,0.07
1788713103,0.01
1788713402,0.00
1788713703,0.17
1788714002,0.03
1788714302,0.00
1788714603,0.00
1788714902,0.03
1788715203,0.00
1788715503,0.00
1788715802,0.18
1788716103,0.01
1788716403,0.02
1788716703,0.08
1788717003,0.02
1788717302,0.01
1788717602,0.00
1788717903,0.03
1788718202,0.01
1788718503,0.00
1788718803,0.05
1788719102,0.01
1788719402,0.00
1788719702,0.00
1788720002,0.03
1788720303,0.01
1788720602,0.00
1788720903,0.13
1788721203,0.02
1788721503,0.00
1788721803,0.06
1788722102,0.02
1788722403,0.06
1788722703,0.00
1788723003,0.03
1788723303,0.01
1788723603,0.00
1788723902,0.10
1788724202,0.01
1788724503,0.06
1788724802,0.16
1788725103,0.03
1788725402,0.01
1788725703,0.07
1788726003,0.05
1788726302,0.01
1788726603,0.00
1788726902,0.08
1788727203,0.05
1788727502,0.01
1788727803,0.00
1788728102,0.13
1788728403,0.01
1788728703,0.01
1788729003,0.07
1788729302,0.09
1788729603,0.00
1788729902,0.31
1788730203,0.02
1788730502,0.04
1788730802,0.13
1788731103,0.03
1788731403,0.03
1788731703,0.04
1788732002,0.12
1788732303,0.01
1788732603,0.10
1788732902,0.14
1788733203,0.06
1788733502,0.00
1788733803,0.04
1788734103,0.03
1788734403,0.01
1788734703,0.14
1788735003,0.05
1788735303,0.12
1788735602,0.02
1788735902,0.10
1788736203,0.10
1788736503,0.00
1788736803,0.03
1788737102,0.00
1788737403,0.09
1788737702,0.01
1788738003,0.04
1788738302,0.09
1788738603,0.00
1788738902,0.02
1788739203,0.01
1788739502,0.06
1788739803,0.08
1788740103,0.02
1788740403,0.00
1788740703,0.00
1788741003,0.04
1788741302,0.01
1788741603,0.08
1788741902,0.04
1788742203,0.01
1788742503,0.00
1788742802,0.06
1788743103,0.02
1788743402,0.01
1788743703,0.04
1788744003,0.03
1788744302,0.01
1788744603,0.00
1788744903,0.04
1788745202,0.08
1788745503,0.00
1788745803,0.20
1788746103,0.02
1788746402,0.00
1788746702,0.24
1788747003,0.03
1788747303,0.01
1788747603,0.06
1788747903,0.04
1788748203,0.02
1788748503,0.01
1788748803,0.06
1788749102,0.02
1788749403,0.00
1788749703,0.08
1788750003,0.05
1788750302,0.03
1788750603,0.00
1788750903,0.05
1788751203,0.01
1788751503,0.00
1788751802,0.13
1788752103,0.07
1788752402,0.00
1788752703,0.07
1788753002,0.02
1788753303,0.00
1788753603,0.00
1788753903,0.04
1788754202,0.08
1788754503,0.00
1788754803,0.07
1788755102,0.01
1788755403,0.00
1788755702,0.06
1788756003,0.04
1788756303,0.01
1788756602,0.08
1788756903,0.02
1788757203,0.01
1788757503,0.00
1788757803,0.15
1788758102,0.10
1788758403,0.02
1788758702,0.13
1788759003,0.14
1788759303,0.00
1788759602,0.19
1788759903,0.10
1788760203,0.11
1788760502,0.00
1788760803,0.53
1788761103,0.01
1788761403,0.02
1788761702,0.04
1788762003,0.01
1788762303,0.08
1788762603,0.08
1788762902,0.04
1788763202,0.01
1788763503,0.24
1788763802,0.04
1788764103,0.00
1788764403,0.00
1788764703,0.03
1788765003,0.03
1788765303,0.08
1788765602,0.05
1788765903,0.08
1788766202,0.05
1788766503,0.08
1788766802,0.08
1788767103,0.01
1788767403,0.09
1788767703,0.04
1788768003,0.01
1788768303,0.10
1788768602,0.47
1788768902,0.46
1788769202,0.09
1788769502,0.14
1788769803,0.07
1788770102,0.00
1788770403,0.06
1788770703,0.02
1788771002,0.01
1788771302,0.00
1788771603,0.03
1788771903,0.01
1788772203,0.00
1788772502,0.04
1788772804,0.01
1788773102,0.04
1788773403,0.07
1788773702,0.03
1788774003,0.00
1788774303,0.00
1788774603,0.03
1788774903,0.17
1788775202,0.01
1788775503,0.13
1788775802,0.17
1788776102,0.01
1788776403,0.05
1788776703,0.01
1788777002,0.00
1788777303,0.06
1788777603,0.08
1788777903,0.00
1788778202,0.08
1788778503,0.05
1788778803,0.07
1788779103,0.00
1788779403,0.03
1788779702,0.04
1788780003,0.03
1788780303,0.04
1788780603,0.01
1788780902,0.02
1788781203,0.06
1788781503,0.04
1788781803,0.01
1788782103,0.00
1788782403,0.02
1788782702,0.01
1788783002,0.08
1788783302,0.04
1788783603,0.08
1788783902,0.02
1788784202,0.22
1788784503,0.04
1788784803,0.11
1788785102,0.00
1788785403,0.11
1788785702,0.01
1788786002,0.00
1788786303,0.07
1788786603,0.01
1788786902,0.00
1788787203,0.05
1788787502,0.03
1788787803,0.00
1788788102,0.06
1788788403,0.02
1788788703,0.00
1788789002,0.00
1788789303,0.10
1788789603,0.02
1788789902,0.01
1788790203,0.04
1788790503,0.01
1788790802,0.08
1788791103,0.05
1788791403,0.01
1788791703,0.00
1788792002,0.15
1788792303,0.00
1788792603,0.00
1788792902,0.00
1788793203,0.02
1788793502,0.01
1788793803,0.00
1788794103,0.12
1788794402,0.00
1788794703,0.19
1788795003,0.12
1788795303,0.21
1788795603,0.02
1788795902,0.03
1788796203,0.15
1788796502,1.30
1788796803,28.53
1788797102,32.11
1788797402,32.03
1788797703,32.03
1788798003,32.00
1788798303,32.00
1788798602,32.02
1788798903,32.05
1788799202,32.02
1788799503,32.19
1788799802,32.30
1788800103,32.01
1788800403,32.07
1788800703,13.69
1788801002,28.83
1788801303,31.92
1788801603,32.07
1788801902,32.01
1788802203,32.24
1788802503,32.02
1788802803,32.02
1788803102,32.29
1788803403,32.05
1788803703,32.02
1788804003,32.14
1788804302,32.08
1788804602,32.00
1788804903,32.10
1788805202,32.02
1788805503,32.01
1788805803,32.25
1788806103,32.11
1788806402,32.00
1788806703,32.03
1788807003,32.07
1788807303,32.01
1788807602,32.11
1788807903,32.09
1788808202,32.01
1788808503,32.10
1788808802,32.01
1788809103,32.08
1788809403,32.13
1788809703,32.01
1788810003,32.22
1788810303,32.12
1788810602,32.00
1788810902,32.06
1788811202,32.04
1788811503,32.01
1788811803,32.06
1788812102,32.03
1788812403,32.06
1788812702,32.09
1788813003,32.07
1788813303,32.08
1788813603,32.04
1788813903,32.10
1788814203,32.06
1788814502,32.02
1788814803,32.01
1788815103,32.05
1788815403,32.03
1788815702,32.07
1788816002,32.04
1788816303,32.02
1788816602,32.00
1788816902,32.04
1788817203,32.10
1788817503,32.01
1788817802,32.10
1788818103,32.01
1788818403,32.15
1788818702,32.05
1788819003,32.00
1788819302,32.06
1788819603,32.02
1788819902,32.01
1788820203,32.10
1788820503,32.01
1788820803,32.16
1788821103,32.04
1788821403,32.06
1788821703,32.02
1788822003,32.05
1788822302,32.01
1788822603,32.01
1788822902,32.05
1788823202,32.00
1788823503,32.06
1788823802,32.07
1788824103,32.07
1788824403,32.11
1788824703,32.05
1788825003,32.01
1788825303,32.24
1788825603,32.01
1788825903,32.05
1788826202,32.05
1788826503,32.01
1788826803,32.01
1788827102,32.12
1788827403,32.07
1788827702,32.08
1788828003,32.02
1788828303,32.08
1788828602,32.16
1788828903,32.08
1788829202,32.01
1788829503,32.11
1788829803,32.02
1788830103,32.00
1788830403,32.03
1788830703,32.02
1788831003,32.23
1788831303,32.03
1788831602,32.01
1788831903,32.21
1788832203,32.11
1788832503,32.03
1788832803,32.32
1788833102,32.06
1788833403,32.20
1788833703,32.14
1788834003,32.09
1788834302,32.09
1788834603,32.04
1788834902,32.12
1788835203,32.00
1788835503,32.03
1788835803,32.00
1788836103,32.26
1788836403,32.04
1788836703,32.08
1788837003,32.08
1788837303,32.11
1788837603,32.07
1788837902,32.08
1788838202,32.05
1788838502,32.16
1788838803,32.03
1788839103,32.01
1788839402,32.04
1788839703,32.03
1788840004,32.00
1788840302,32.05
1788840602,32.03
1788840903,32.04
1788841202,32.07
1788841503,32.04
1788841802,32.05
1788842103,32.18
1788842403,32.09
1788842703,32.08
1788843002,32.11
1788843303,32.09
1788843602,32.06
1788843902,32.11
1788844203,32.03
1788844502,32.01
1788844803,32.13
1788845103,32.01
1788845403,32.05
1788845702,32.15
1788846003,32.33
1788846302,32.20
1788846602,32.17
1788846903,32.31
1788847202,32.14
1788847503,17.24
1788847803,26.66
1788848103,31.53
1788848403,32.02
1788848703,32.06
1788849002,32.07
1788849303,32.04
1788849603,32.01
1788849903,32.06
1788850203,32.03
1788850502,32.00
1788850803,32.06
1788851103,32.02
1788851403,32.06
1788851702,32.05
1788852002,32.11
1788852303,32.08
1788852602,32.04
1788852902,32.01
1788853203,32.02
1788853503,32.08
1788853802,32.09
1788854103,32.00
1788854402,32.03
1788854703,32.01
1788855003,32.01
1788855302,32.02
1788855603,32.24
1788855903,32.23
1788856202,32.05
1788856502,32.00
1788856802,32.18
1788857103,32.10
1788857403,32.01
1788857703,32.07
1788858002,32.04
1788858303,32.13
1788858603,32.04
1788858902,32.05
1788859203,32.00
1788859502,32.03
1788859803,32.10
1788860103,32.16
1788860403,32.06
1788860703,32.11
1788861002,32.08
1788861303,32.03
1788861603,32.00
1788861903,32.04
1788862202,32.06
1788862503,32.15
1788862803,32.07
1788863103,32.06
1788863402,32.01
1788863702,32.06
1788864003,32.10
1788864302,32.01
1788864603,32.08
1788864902,32.11
1788865203,32.02
1788865502,32.09
1788865803,32.00
1788866102,32.00
1788866403,32.23
1788866702,32.01
1788867003,32.40
1788867303,32.07
1788867603,32.02
1788867902,32.10
1788868203,32.11
1788868503,32.07
1788868803,32.19
1788869102,32.04
1788869403,32.01
1788869702,32.07
1788870002,32.02
1788870024,32.02
1788870302,32.01
1788870603,32.05
1788870903,32.12
1788871203,32.04
1788871503,32.09
1788871803,32.02
1788872103,32.10
1788872403,32.34
1788872703,32.31
1788873003,32.23
1788873303,32.06
1788873603,32.00
1788873903,32.08
1788874202,32.03
1788874503,32.02
1788874803,32.26
1788875102,32.10
1788875402,32.06
1788875702,32.12
1788876004,32.05
1788876303,32.00
1788876604,32.30
1788876903,32.29
1788877203,32.02
1788877503,32.04
1788877803,32.05
1788878102,32.00
1788878402,32.05
1788878703,32.02
1788879002,32.00
1788879303,32.03
1788879603,32.04
1788879903,32.00
1788880203,32.03
1788880503,32.05
1788880803,32.09
1788881103,32.09
1788881404,32.04
1788881703,32.22
1788882002,32.16
1788882302,32.04
1788882603,32.10
1788882903,32.02
1788883203,32.00
1788883502,32.15
1788883802,32.18
1788884103,32.01
1788884403,32.14
1788884703,32.03
1788885003,32.09
1788885303,32.15
1788885602,32.06
1788885903,32.28
1788886203,32.05
1788886503,32.01
1788886803,32.00
1788887103,32.18
1788887402,32.01
1788887702,32.08
1788888003,32.10
1788888303,32.01
1788888603,32.00
1788888902,14.00
1788889203,29.15
1788889503,32.01
1788889803,32.10
1788890103,32.18
1788890403,32.02
1788890703,32.08
1788891003,32.05
1788891303,32.01
1788891603,32.09
1788891903,32.09
1788892203,32.13
1788892503,32.21
1788892803,32.12
1788893103,32.01
1788893403,32.07
1788893703,32.02
1788894004,32.13
1788894303,32.10
1788894603,32.05
1788894903,32.08
1788895203,32.02
1788895503,32.03
1788895803,32.11
1788896103,32.15
1788896403,32.08
1788896703,32.07
1788897003,32.16
1788897302,32.02
1788897602,32.12
1788897902,32.05
1788898202,32.01
1788898503,32.07
1788898803,32.02
1788899102,32.05
1788899403,32.05
1788899703,32.01
1788900003,32.03
1788900303,32.28
1788900603,32.08
1788900902,32.10
1788901203,32.08
1788901503,32.08
1788901802,32.19
1788902102,32.06
1788902403,32.02
1788902703,32.00
1788903002,32.18
1788903303,32.08
1788903603,32.00
1788903903,32.16
1788904203,32.04
1788904502,32.02
1788904803,32.04
1788905103,32.05
1788905403,32.00
1788905702,32.03
1788906002,32.09
1788906302,32.18
1788906603,32.04
1788906903,32.01
1788907203,32.08
1788907503,32.07
1788907803,32.02
1788908102,32.07
1788908404,32.06
1788908702,32.01
1788909003,32.70
1788909303,32.02
1788909603,32.01
1788909902,32.13
1788910203,32.10
1788910503,32.09
1788910803,32.05
1788911102,32.05
1788911403,32.01
1788911703,32.12
1788912003,32.02
1788912303,32.06
1788912602,32.04
1788912902,32.02
1788913203,32.00
1788913502,32.07
1788913803,32.04
1788914103,32.08
1788914403,32.10
1788914703,32.01
1788915003,32.02
1788915303,32.03
1788915603,32.01
1788915903,32.16
1788916202,32.06
1788916503,32.01
1788916803,32.09
1788917103,32.09
1788917402,32.01
1788917703,32.13
1788918002,32.02
1788918302,32.04
1788918603,32.08
1788918903,32.01
1788919203,32.00
1788919502,32.12
1788919802,32.18
1788920103,32.00
1788920403,32.07
1788920702,32.01
1788921003,32.02
1788921303,32.06
1788921602,32.03
1788921902,32.00
1788922203,32.21
1788922503,32.02
1788922803,32.01
1788923103,32.23
1788923403,32.01
1788923703,9.98
1788924002,0.12
1788924303,0.01
1788924603,0.00
1788924903,0.10
1788925203,0.02
1788925503,0.00
1788925803,0.09
1788926103,0.06
1788926403,0.00
1788926703,0.01
1788927003,0.03
1788927303,0.06
1788927602,0.00
1788927903,0.05
1788928202,0.01
1788928503,0.03
1788928803,0.18
1788929103,0.02
1788929403,0.00
1788929703,0.05
1788930003,0.04
1788930303,0.02
1788930603,0.00
1788930905,0.18
1788931203,0.10
1788931503,0.00
1788931802,0.15
1788932103,0.04
1788932402,0.02
1788932703,0.02
1788933003,0.03
1788933303,0.03
1788933603,0.00
1788933903,0.16
1788934202,0.05
1788934504,0.03
1788934803,0.17
1788935103,0.17
1788935403,0.08
1788935703,0.13
1788936003,0.13
1788936302,0.01
1788936603,0.00
1788936903,0.09
1788937203,0.03
1788937503,0.04
1788937803,0.06
1788938103,0.05
1788938403,0.00
1788938702,0.08
1788939003,0.02
1788939303,0.02
1788939603,0.00
1788939903,0.03
1788940203,0.07
1788940503,0.03
1788940802,0.05
1788941102,0.01
1788941403,0.01
1788941703,0.02
1788942002,0.04
1788942302,0.02
1788942603,0.00
1788942903,0.03
1788943203,0.00
1788943503,0.02
1788943802,0.04
1788944102,0.02
1788944402,0.04
1788944703,0.06
1788945003,0.02
1788945302,0.01
1788945603,0.08
1788945902,0.17
1788946202,0.01
1788946503,0.02
1788946802,0.03
1788947103,0.03
1788947403,0.02
1788947703,0.05
1788948004,0.03
1788948302,0.00
1788948603,1.26
1788948903,2.41
1788949203,1.45
1788949503,3.88
1788949803,3.87
1788950102,0.08
1788950403,0.02
1788950702,0.07
1788951002,0.04
1788951303,0.00
1788951603,0.00
1788951902,0.03
1788952202,0.01
1788952503,0.04
1788952803,0.05
1788953103,0.04
1788953403,0.00
1788953703,0.07
1788954002,0.04
1788954303,0.02
1788954603,0.00
1788954903,0.06
1788955204,0.01
1788955503,0.00
1788955802,0.10
1788956102,0.02
1788956403,0.13
1788956703,0.08
1788957003,0.02
1788957302,0.09
1788957603,0.07
1788957902,0.15
1788958202,0.14
1788958503,0.00
1788958803,0.21
1788959103,0.02
1788959403,0.15
1788959703,0.08
1788960003,0.02
1788960303,0.02
1788960604,0.23
1788960903,0.09
1788961203,0.01
1788961503,0.00
1788961803,0.08
1788962103,0.02
1788962403,0.00
1788962703,0.08
1788963003,0.05
1788963303,0.01
1788963602,0.00
1788963902,0.04
1788964203,0.09
1788964502,0.02
1788964803,0.06
1788965103,0.06
1788965403,0.02
1788965703,0.00
1788966004,0.04
1788966303,0.01
1788966603,0.00
1788966903,0.09
1788967202,0.09
1788967503,0.00
1788967803,0.15
1788968103,0.06
1788968403,0.00
1788968703,0.07
1788969002,0.09
1788969303,0.01
1788969603,0.00
1788969903,0.06
1788970202,0.03
1788970503,0.00
1788970803,0.05
1788971102,0.02
1788971403,0.02
1788971703,0.06
1788972003,0.06
1788972303,0.00
1788972603,0.02
1788972903,0.06
1788973203,0.02
1788973502,0.00
1788973803,0.10
1788974103,0.01
1788974403,0.00
1788974703,0.95
1788975003,0.14
1788975302,0.02
1788975603,0.12
1788975903,0.19
1788976203,0.09
1788976503,0.00
1788976803,0.03
1788977102,0.01
1788977403,0.00
1788977702,0.07
1788978003,0.03
1788978303,0.11
1788978603,0.08
1788978903,0.08
1788979203,0.01
1788979503,0.00
1788979803,0.06
1788980103,0.01
1788980403,0.03
1788980702,0.05
1788981003,0.02
1788981303,0.00
1788981603,0.00
1788981902,0.08
1788982202,0.09
1788982502,0.00
1788982803,0.04
1788983103,0.01
1788983403,0.12
1788983702,0.06
1788984004,0.10
1788984303,0.05
1788984603,0.10
1788984903,0.04
1788985202,0.05
1788985502,0.00
1788985802,0.07
1788986102,0.01
1788986402,0.07
1788986703,0.07
1788987003,0.05
1788987303,0.01
1788987603,0.00
1788987903,0.03
1788988202,0.02
1788988503,0.00
1788988803,0.12
1788989102,0.02
1788989402,0.06
1788989703,0.00
1788990003,0.03
1788990302,0.01
1788990603,0.08
1788990903,0.35
1788991203,0.02
1788991503,0.00
1788991803,0.15
1788992103,0.05
1788992403,0.03
1788992703,0.00
1788993002,0.04
1788993302,0.01
1788993603,0.00
1788993903,0.06
1788994203,0.01
1788994502,0.02
1788994803,0.07
1788995103,0.05
1788995403,0.00
1788995703,0.00
1788996002,0.21
1788996302,0.01
1788996603,0.00
1788996903,0.07
1788997203,0.01
1788997503,0.00
1788997803,0.04
1788998103,0.01
1788998402,0.01
1788998703,0.09
1788999003,0.02
1788999303,0.00
1788999602,0.13
1788999903,0.11
1789000202,0.10
1789000503,0.06
1789000802,0.02
1789001103,0.01
1789001403,0.08
1789001702,0.00
1789002003,0.01
1789002303,0.01
1789002602,0.04
1789002903,0.00
1789003202,0.00
1789003503,0.00
1789003803,0.05
1789004103,0.00
1789004402,0.11
1789004703,0.02
1789005003,0.00
1789005303,0.08
1789005602,0.02
1789005903,1.02
1789006203,1.00
1789006502,1.34
1789006802,1.01
1789007102,1.24
1789007403,1.11
1789007703,1.06
1789008003,1.04
1789008302,1.06
1789008603,1.01
1789008903,1.03
1789009203,1.09
1789009503,0.39
1789009802,0.21
1789010103,0.00
1789010402,0.02
1789010703,0.01
1789011003,0.00
1789011303,0.03
1789011603,0.01
1789011902,0.01
1789012202,0.03
1789012503,0.02
1789012802,0.00
1789013103,0.05
1789013402,0.03
1789013703,0.00
1789014003,0.06
1789014303,0.03
1789014602,0.00
1789014903,0.22
1789015202,0.15
1789015503,0.01
1789015803,0.00
1789016102,0.03
1789016403,0.01
1789016703,0.01
1789017003,0.05
1789017302,0.01
1789017603,0.00
1789017903,0.08
1789018203,0.02
1789018503,0.01
1789018802,0.10
1789019103,0.05
1789019403,0.05
1789019702,0.24
1789020003,0.05
1789020303,0.02
1789020603,0.01
1789020903,0.06
1789021202,0.02
1789021503,0.04
1789021803,0.07
1789022103,0.04
1789022403,0.01
1789022703,0.02
1789023003,0.03
1789023302,0.01
1789023603,0.10
1789023903,0.35
1789024203,0.02
1789024504,0.02
1789024803,0.14
1789025103,0.03
1789025402,0.00
1789025703,0.00
1789026004,0.04
1789026302,0.02
1789026603,0.02
1789026902,0.08
1789027203,0.01
1789027502,0.01
1789027803,0.13
1789028102,0.02
1789028403,0.04
1789028703,0.18
1789029003,0.03
1789029302,0.00
1789029602,0.00
1789029903,0.05
1789030203,0.00
1789030503,0.00
1789030802,0.05
1789031103,0.03
1789031403,0.06
1789031703,0.06
1789032002,0.02
1789032303,0.04
1789032603,0.08
1789032903,0.30
1789033202,0.40
1789033503,0.43
1789033803,0.70
1789034103,0.16
1789034403,0.16
1789034703,0.03
1789035002,0.23
1789035303,0.01
1789035603,5.37
1789035903,0.40
1789036203,0.08
1789036503,0.06
1789036802,0.05
1789037103,0.09
1789037403,0.04
1789037703,0.01
1789038003,0.02
1789038303,0.03
1789038603,0.01
1789038903,0.00
1789039203,0.03
1789039503,0.01
1789039804,0.00
1789040102,0.03
1789040402,0.01
1789040702,0.00
1789041003,0.12
1789041303,0.08
1789041602,0.01
1789041903,0.05
1789042203,0.02
1789042502,0.04
1789042803,1.38
1789043102,2.18
1789043402,0.20
1789043703,0.30
1789044003,0.15
1789044303,0.01
1789044602,0.00
1789044903,0.05
1789045203,0.00
1789045503,0.16
1789045803,0.02
1789046103,0.01
1789046402,15.94
1789046703,16.56
1789047003,32.96
1789047303,31.21
1789047603,35.73
1789047903,35.85
1789048202,35.91
1789048502,35.62
1789048803,36.11
1789049103,35.08
1789049403,35.57
1789049703,35.45
1789050003,35.43
1789050303,36.04
1789050603,35.63
1789050903,35.47
1789051203,36.06
1789051503,35.35
1789051803,35.56
1789052103,35.84
1789052404,36.05
1789052703,36.42
1789053003,36.06
1789053303,34.02
1789053603,35.55
1789053903,35.64
1789054203,36.06
1789054503,34.94
1789054802,35.89
1789055102,35.78
1789055403,35.68
1789055703,36.14
1789056003,35.76
1789056303,35.41
1789056602,35.78
1789056903,36.14
1789057203,35.60
1789057503,36.07
1789057803,36.23
1789058102,36.20
1789058403,34.81
1789058703,36.08
1789059003,35.73
1789059302,36.31
1789059603,36.21
1789059903,36.19
1789060202,35.77
1789060502,35.26
1789060803,36.12
1789061103,35.86
1789061403,33.99
1789061703,35.96
1789062003,36.39
1789062303,36.50
1789062602,36.00
1789062903,35.94
1789063203,35.54
1789063503,35.61
1789063803,36.26
1789064102,36.27
1789064403,36.29
1789064703,35.84
1789065003,35.84
1789065303,36.69
1789065603,36.21
1789065903,35.28
1789066203,36.43
1789066503,36.52
1789066803,35.58
1789067102,35.83
1789067403,35.71
1789067703,35.98
1789068003,35.87
1789068303,35.54
1789068603,35.96
1789068903,35.89
1789069203,35.20
1789069503,35.53
1789069803,19.38
1789070103,34.97
1789070403,35.93
1789070703,35.71
1789071003,36.47
1789071303,35.90
1789071602,35.43
1789071902,35.95
1789072202,35.38
1789072502,34.45
1789072802,35.95
1789073103,35.52
1789073403,36.02
1789073703,35.36
1789074002,36.13
1789074303,36.40
1789074603,35.89
1789074903,35.21
1789075203,35.84
1789075503,35.50
1789075803,36.12
1789076102,35.75
1789076403,36.31
1789076702,35.54
1789077002,35.79
1789077302,36.22
1789077603,34.47
1789077902,36.15
1789078203,35.11
1789078502,36.24
1789078802,36.34
1789079102,35.93
1789079403,35.75
1789079703,36.12
1789080003,35.95
1789080302,35.32
1789080603,35.08
1789080903,36.13
1789081202,36.04
1789081503,36.44
1789081803,35.88
1789082103,36.17
1789082403,36.40
1789082702,35.57
1789083003,36.09
1789083303,35.55
1789083603,35.53
1789083902,36.19
1789084202,35.94
1789084502,35.75
1789084803,36.22
1789085103,36.06
1789085403,34.84
1789085703,35.65
1789086003,35.63
1789086302,36.08
1789086603,35.63
1789086903,35.18
1789087203,35.25
1789087503,35.77
1789087803,35.87
1789088102,36.30
1789088403,36.02
1789088703,36.47
1789089003,35.89
1789089303,36.11
1789089603,36.09
1789089903,36.10
1789090203,35.88
1789090503,35.78
1789090802,35.73
1789091103,35.58
1789091403,36.08
1789091702,35.77
1789092003,36.44
1789092303,35.81
1789092602,35.78
1789092902,35.79
1789093202,35.80
1789093503,35.73
1789093803,34.98
1789094102,35.79
1789094402,35.82
1789094703,36.39
1789095003,36.50
1789095303,36.02
1789095603,36.09
1789095903,33.98
1789096203,35.98
1789096502,36.13
1789096802,35.68
1789097103,36.45
1789097403,36.06
1789097702,36.22
1789098002,35.17
1789098302,36.34
1789098603,36.16
1789098902,36.55
1789099202,35.74
1789099503,36.37
1789099802,36.25
1789100102,35.17
1789100402,35.81
1789100703,35.48
1789101003,35.70
1789101303,36.30
1789101602,36.21
1789101903,35.98
1789102202,35.89
1789102503,36.24
1789102803,35.83
1789103102,36.02
1789103403,35.33
1789103703,35.81
1789104003,34.52
1789104302,35.70
1789104602,36.19
1789104902,35.85
1789105203,36.66
1789105502,35.98
1789105803,35.62
1789106103,35.78
1789106403,36.01
1789106703,35.61
1789107003,35.94
1789107303,35.79
1789107603,35.70
1789107903,36.02
1789108203,35.97
1789108503,36.10
1789108803,36.19
1789109103,35.00
1789109403,36.00
1789109703,36.03
1789110002,35.10
1789110303,36.30
1789110603,36.13
1789110903,36.19
1789111203,36.55
1789111502,36.35
1789111803,36.09
1789112103,35.95
1789112403,36.37
1789112703,34.75
1789113002,36.00
1789113304,35.84
1789113603,37.23
1789113903,36.20
1789114203,35.88
1789114502,35.70
1789114803,35.84
1789115103,35.60
1789115403,36.11
1789115703,35.35
1789116003,31.00
1789116302,22.14
1789116603,35.85
1789116902,35.96
1789117203,36.07
1789117503,36.31
1789117803,32.10
1789118102,35.58
1789118402,35.50
1789118703,36.23
1789119002,35.89
1789119303,35.73
1789119602,24.78
1789119903,20.20
1789120202,20.05
1789120502,20.05
1789120803,20.04
1789121103,20.10
1789121402,20.09
1789121703,20.21
1789122002,20.11
1789122303,20.24
1789122603,21.04
1789122903,21.05
1789123202,21.07
1789123502,21.05
1789123803,21.11
1789124103,21.05
1789124402,21.01
1789124703,21.04
1789125003,21.25
1789125302,21.11
1789125602,21.00
1789125902,21.14
1789126203,21.02
1789126503,21.08
1789126802,21.34
1789127103,21.02
1789127403,21.08
1789127703,21.04
1789128002,21.06
1789128303,21.02
1789128603,21.08
1789128903,21.03
1789129202,21.20
1789129502,21.20
1789129803,21.14
1789130103,21.52
1789130403,21.04
1789130703,21.04
1789131003,21.09
1789131303,21.03
1789131603,21.05
1789131903,21.12
1789132202,21.31
1789132502,21.06
1789132802,21.02
1789133102,21.24
1789133403,21.31
1789133703,21.16
1789134003,21.14
1789134303,21.24
1789134603,21.01
1789134903,21.05
1789135203,21.07
1789135502,21.06
1789135803,21.12
1789136103,21.10
1789136403,21.23
1789136703,21.17
1789137003,21.13
1789137302,21.12
1789137602,21.16
1789137903,21.04
1789138203,21.03
1789138503,20.27
1789138803,20.01
1789139103,20.06
1789139403,20.09
1789139703,20.00
1789140002,20.09
1789140303,20.00
1789140602,20.08
1789140903,20.30
1789141203,20.04
1789141503,20.02
1789141803,20.05
1789142102,20.06
1789142402,20.11
1789142703,20.06
1789143002,20.05
1789143303,20.05
1789143602,20.02
1789143903,20.09
1789144202,20.03
1789144503,20.12
1789144802,20.11
1789145103,20.16
1789145402,20.01
1789145703,20.06
1789146003,20.06
1789146303,20.15
1789146603,20.05
1789146902,20.03
1789147202,20.07
1789147503,20.09
1789147803,20.06
1789148103,20.06
1789148403,20.03
1789148703,20.09
1789149003,20.52
1789149302,20.06
1789149603,20.06
1789149903,20.10
1789150203,20.20
1789150503,20.02
1789150803,20.00
1789151102,20.02
1789151403,20.01
1789151702,20.03
1789152003,20.00
1789152303,20.14
1789152603,20.10
1789152903,20.12
1789153203,20.03
1789153502,20.08
1789153802,20.15
1789154103,20.12
1789154403,20.15
1789154703,20.08
1789155002,20.10
1789155302,20.00
1789155603,20.12
1789155902,20.19
1789156203,20.04
1789156502,20.01
1789156802,20.07
1789157102,20.08
1789157403,1.45
1789157703,19.95
1789158002,20.04
1789158302,20.03
1789158603,20.12
1789158903,20.22
1789159202,20.17
1789159503,20.10
1789159803,20.09
1789160103,20.06
1789160403,20.01
1789160702,20.16
1789161003,20.04
1789161303,20.00
1789161602,20.12
1789161902,20.07
1789162203,20.08
1789162502,20.29
1789162802,20.08
1789163102,20.03
1789163403,20.05
1789163703,20.01
1789164003,20.16
1789164303,20.09
1789164603,20.08
1789164903,20.01
1789165203,20.04
1789165502,20.15
1789165803,20.02
1789166103,20.04
1789166403,20.00
1789166702,20.03
1789167003,20.08
1789167303,20.36
1789167603,20.19
1789167902,20.09
1789168203,20.07
1789168503,20.15
1789168803,20.14
1789169102,20.00
1789169403,20.02
1789169703,20.00
1789170003,20.03
1789170303,20.02
1789170603,20.07
1789170903,20.17
1789171203,20.04
1789171503,20.03
1789171803,20.18
1789172102,20.13
1789172402,2.62
1789172702,1.18
1789173003,0.47
1789173303,0.00
1789173603,0.05
1789173903,0.07
1789174203,0.00
1789174502,0.06
1789174803,0.15
1789175102,0.07
1789175402,0.24
1789175703,0.02
1789176003,0.05
1789176303,0.01
1789176603,0.03
1789176902,0.03
1789177203,0.04
1789177502,0.05
1789177803,0.01
1789178103,0.02
1789178402,0.05
1789178702,0.05
1789179003,0.00
1789179303,0.07
1789179603,0.02
1789179902,0.01
1789180202,0.04
1789180503,0.03
1789180803,0.01
1789181102,0.00
1789181403,0.04
1789181703,0.01
1789182002,0.22
1789182303,0.05
1789182602,0.16
1789182903,0.00
1789183202,0.12
1789183503,0.05
1789183803,0.08
1789184103,0.00
1789184403,0.04
1789184703,0.09
1789185002,0.02
1789185303,0.00
1789185603,0.02
1789185902,0.06
1789186203,0.07
1789186503,0.02
1789186803,0.03
1789187103,0.05
1789187403,0.11
1789187703,0.06
1789188003,0.00
1789188303,0.06
1789188603,0.02
1789188903,0.07
1789189203,0.16
1789189503,0.11
1789189803,0.20
1789190103,0.03
1789190403,0.03
1789190702,0.01
1789191003,0.02
1789191303,0.05
1789191603,0.03
1789191903,0.00
1789192203,0.00
1789192503,0.03
1789192802,0.02
1789193103,0.00
1789193403,0.05
1789193702,0.04
1789194018,0.00
1789194303,0.06
1789194603,0.03
1789194902,0.04
1789195203,0.00
1789195503,0.06
1789195802,0.04
1789196102,0.02
1789196402,0.00
1789196702,0.02
1789197003,0.05
1789197303,0.00
1789197603,0.18
1789197902,0.07
1789198203,0.02
1789198502,0.07
1789198803,0.02
1789199103,0.00
1789199402,0.00
1789199703,0.03
1789200002,0.01
1789200302,0.01
1789200603,0.05
1789200903,0.17
1789201202,0.00
1789201503,0.07
1789201803,0.14
1789202102,0.08
1789202403,0.00
1789202703,0.15
1789203002,0.01
1789203303,0.00
1789203603,0.06
1789203903,0.06
1789204203,0.00
1789204503,0.00
1789204803,0.15
1789205102,0.02
1789205402,0.03
1789205703,0.04
1789206002,0.03
1789206302,0.09
1789206603,0.06
1789206903,0.02
1789207202,0.00
1789207503,0.08
1789207803,0.02
1789208102,0.40
1789208402,0.03
1789208702,0.14
1789209003,0.20
1789209302,0.02
1789209603,0.12
1789209903,0.09
1789210203,0.29
1789210502,0.13
1789210803,0.15
1789211103,1.10
1789211403,1.08
1789211702,1.02
1789212003,1.70
1789212303,3.29
1789212603,1.95
1789212903,5.12
1789213203,4.06
1789213503,3.09
1789213803,26.71
1789214102,6.26
1789214402,6.21
1789214703,6.37
1789215002,2.89
1789215303,4.10
1789215602,2.63
1789215903,1.29
1789216203,3.26
1789216502,1.28
1789216803,2.29
1789217103,4.47
1789217403,2.77
1789217703,1.82
1789218003,1.14
1789218303,1.29
1789218603,1.03
1789218903,1.10
1789219203,1.06
1789219502,1.01
1789219803,1.00
1789220102,1.03
1789220402,1.00
1789220703,1.07
1789221002,1.10
1789221303,1.09
1789221603,1.17
1789221902,1.08
1789222203,1.09
1789222502,1.06
1789222802,1.00
1789223103,0.12
1789223403,0.02
1789223703,0.02
1789224003,0.00
1789224302,0.05
1789224603,0.06
1789224903,0.32
1789225203,0.14
1789225503,0.02
1789225803,0.07
1789226102,0.06
1789226402,0.01
1789226703,0.00
1789227002,0.13
1789227302,0.00
1789227603,0.00
1789227903,0.00
1789228203,12.10
1789228503,1.08
1789228803,1.06
1789229102,0.17
1789229402,0.18
1789229703,0.16
1789230003,0.16
1789230302,1.08
1789230603,1.23
1789230903,3.09
1789231203,1.12
1789231503,1.28
1789231802,1.16
1789232103,1.20
1789232403,0.44
1789232703,0.01
1789233002,0.03
1789233303,0.05
1789233602,0.01
1789233902,0.00
1789234203,0.17
1789234503,0.03
1789234802,0.22
1789235103,0.06
1789235403,0.15
1789235703,0.02
1789236003,0.08
1789236303,0.17
1789236603,0.05
1789236903,0.00
1789237203,0.03
1789237502,0.02
1789237803,0.15
1789238102,0.03
1789238402,0.00
1789238703,0.00
1789239003,0.06
1789239303,0.01
1789239603,0.00
1789239903,0.06
1789240203,0.03
1789240502,0.00
1789240803,0.22
1789241102,0.02
1789241403,0.02
1789241703,0.08
1789242002,0.03
1789242303,0.00
1789242603,0.01
1789242903,0.07
1789243203,0.01
1789243503,0.00
1789243803,0.17
1789244103,0.03
1789244403,0.00
1789244703,0.13
1789245002,0.04
1789245303,0.00
1789245603,0.00
1789245903,0.09
1789246203,0.01
1789246503,0.00
1789246803,0.03
1789247103,0.01
1789247402,0.01
1789247703,0.04
1789248003,0.00
1789248302,0.00
1789248602,0.00
1789248903,0.02
1789249203,0.00
1789249502,0.11
1789249803,0.02
1789250102,0.05
1789250403,0.02
1789250703,0.04
1789251002,0.04
1789251303,0.00
1789251602,0.11
1789251903,0.05
1789252203,0.02
1789252503,0.08
1789252803,0.02
1789253103,0.00
1789253403,0.00
1789253703,1.11
1789254003,2.17
1789254303,2.07
1789254602,2.12
1789254903,2.02
1789255202,2.03
1789255503,2.09
1789255803,2.03
1789256103,2.08
1789256402,2.00
1789256702,2.05
1789257003,2.02
1789257302,2.09
1789257603,2.07
1789257903,2.02
1789258202,2.02
1789258503,2.12
1789258802,2.04
1789259103,2.04
1789259403,2.00
1789259702,2.06
1789260003,2.09
1789260302,2.00
1789260603,2.08
1789260902,2.25
1789261203,2.03
1789261503,2.00
1789261802,2.06
1789262103,2.02
1789262402,2.00
1789262703,2.00
1789263003,2.09
1789263303,2.11
1789263603,2.00
1789263903,2.05
1789264203,2.08
1789264503,2.03
1789264803,2.16
1789265103,3.10
1789265402,3.05
1789265703,3.00
1789266003,3.09
1789266302,3.04
1789266603,3.09
1789266902,3.14
1789267203,3.08
1789267503,3.01
1789267802,2.32
1789268103,2.20
1789268403,2.21
1789268703,2.12
1789269002,2.09
1789269303,2.05
1789269602,2.09
1789269903,2.10
1789270202,2.03
1789270503,1.16
1789270803,1.09
1789271103,1.06
1789271403,1.05
1789271703,1.00
1789272003,1.15
1789272303,1.05
1789272603,1.16
1789272903,1.03
1789273203,1.20
1789273503,1.22
1789273802,1.03
1789274103,1.00
1789274403,1.01
1789274703,1.07
1789275003,1.07
1789275303,1.02
1789275603,1.06
1789275903,1.17
1789276203,1.05
1789276503,1.02
1789276803,1.02
1789277102,1.00
1789277403,1.17
1789277702,1.04
1789278003,1.45
1789278303,1.02
1789278602,1.06
1789278903,1.13
1789279202,1.02
1789279503,1.01
1789279803,1.05
1789280103,1.00
1789280403,1.05
1789280703,1.04
1789281003,1.04
1789281303,1.00
1789281603,0.13
1789281903,0.08
1789282203,0.01
1789282502,0.00
1789282803,0.08
1789283103,0.05
1789283402,0.08
1789283702,0.14
1789284003,0.17
1789284303,0.06
1789284603,0.15
1789284903,0.12
1789285203,0.25
1789285503,0.02
1789285803,0.05
1789286103,0.02
1789286402,0.00
1789286703,0.06
1789287002,0.08
1789287302,0.00
1789287603,0.00
1789287903,0.08
1789288203,0.02
1789288502,0.00
1789288803,0.08
1789289102,0.01
1789289403,0.00
1789289702,0.06
1789290003,0.01
1789290303,0.00
1789290603,0.06
1789290903,0.17
1789291202,0.05
1789291503,0.07
1789291803,0.09
1789292102,0.03
1789292403,0.06
1789292703,0.00
1789293003,0.01
1789293303,0.00
1789293603,0.07
1789293903,0.01
1789294202,0.00
1789294503,0.07
1789294803,0.03
1789295103,0.00
1789295402,0.08
1789295702,0.04
1789296003,0.06
1789296303,0.00
1789296603,0.05
1789296903,0.01
1789297203,0.01
1789297503,0.07
1789297802,0.02
1789298103,0.01
1789298403,0.00
1789298702,0.03
1789299003,0.04
1789299302,0.03
1789299603,0.05
1789299903,0.21
1789300203,0.05
1789300503,0.08
1789300803,0.02
1789301103,0.01
1789301402,0.00
1789301703,0.07
1789302003,0.04
1789302303,0.00
1789302602,0.09
1789302903,0.05
1789303202,0.00
1789303503,0.15
1789303802,0.02
1789304103,0.03
1789304403,0.00
1789304703,0.04
1789305003,0.02
1789305303,0.02
1789305603,0.05
1789305903,0.01
1789306202,0.03
1789306502,0.11
1789306803,0.02
1789307103,0.00
1789307403,0.00
1789307703,0.06
1789308002,0.09
1789308303,0.04
1789308602,0.88
1789308903,1.93
1789309203,5.47
1789309502,28.72
1789309803,22.17
1789310103,21.09
1789310403,21.21
1789310703,23.03
1789311003,23.06
1789311303,21.27
1789311602,17.50
1789311903,13.72
1789312202,7.49
1789312502,2.59
1789312802,2.13
1789313103,2.00
1789313402,2.10
1789313703,2.03
1789314002,2.01
1789314303,2.01
1789314603,1.13
1789314903,1.47
1789315203,10.14
1789315503,10.06
1789315803,12.93
1789316102,10.70
1789316403,11.73
1789316702,9.96
1789317003,12.43
1789317302,8.76
1789317603,6.51
1789317902,3.75
1789318203,2.32
1789318502,2.18
1789318803,1.46
1789319103,1.01
1789319403,1.00
1789319703,1.10
1789320003,1.04
1789320302,0.03
1789320603,0.00
1789320903,0.14
1789321203,0.01
1789321503,0.02
1789321803,0.17
1789322103,0.07
1789322402,0.01
1789322703,0.06
1789323002,0.04
1789323302,0.00
1789323603,0.00
1789323902,0.09
1789324202,0.01
1789324503,0.00
1789324803,0.07
1789325102,0.04
1789325402,0.00
1789325703,0.04
1789326003,0.07
1789326303,0.01
1789326603,0.05
1789326903,0.06
1789327202,0.01
1789327502,0.07
1789327803,0.03
1789328103,0.00
1789328403,0.25
1789328703,0.03
1789329003,0.01
1789329302,0.00
1789329603,0.08
1789329902,0.06
1789330203,0.00
1789330503,0.07
1789330803,0.02
1789331102,0.01
1789331403,0.06
1789331703,0.02
1789332002,0.10
1789332303,0.00
1789332603,0.03
1789332902,0.02
1789333202,0.10
1789333502,0.04
1789333803,0.01
1789334102,0.00
1789334403,0.13
1789334702,0.01
1789335003,0.05
1789335302,0.07
1789335603,0.03
1789335903,0.00
1789336203,0.08
1789336503,0.03
1789336803,0.03
1789337103,0.00
1789337402,0.05
1789337702,0.21
1789338002,0.00
1789338303,0.11
1789338603,0.02
1789338903,0.01
1789339203,0.07
1789339503,0.05
1789339803,0.00
1789340102,0.01
1789340403,0.03
1789340703,0.01
1789341003,0.02
1789341302,0.17
1789341603,0.01
1789341903,0.08
1789342203,0.06
1789342503,0.02
1789342803,0.00
1789343103,0.04
1789343402,0.03
1789343703,0.02
1789344003,0.03
1789344303,0.04
1789344603,0.02
1789344903,0.04
1789345202,0.16
1789345503,0.02
1789345802,0.00
1789346103,0.01
1789346403,0.06
1789346703,0.01
1789347003,0.00
1789347303,0.00
1789347602,0.01
1789347902,0.01
1789348203,0.08
1789348502,0.02
1789348803,0.00
1789349102,0.00
1789349402,0.11
1789349703,0.01
1789350002,0.00
1789350303,0.04
1789350603,0.01
1789350903,0.00
1789351203,0.05
1789351503,0.03
1789351803,0.00
1789352102,0.08
1789352403,0.05
1789352703,0.02
1789353003,0.00
1789353303,0.03
1789353602,0.02
1789353903,0.00
1789354203,0.03
1789354503,0.04
1789354803,0.30
1789355103,0.09
1789355403,0.01
1789355703,0.00
1789356003,0.04
1789356302,0.04
1789356602,0.09
1789356903,0.06
1789357202,0.05
1789357502,0.02
1789357802,0.07
1789358103,0.02
1789358403,0.01
1789358703,0.08
1789359003,0.05
1789359303,0.00
1789359603,0.00
1789359903,0.06
1789360202,0.11
1789360502,0.00
1789360803,0.12
1789361102,0.02
1789361403,0.08
1789361703,0.18
1789362003,0.01
1789362303,0.00
1789362603,0.06
1789362902,0.02
1789363203,0.05
1789363502,0.00
1789363803,0.02
1789364102,0.00
1789364403,0.71
1789364703,0.03
1789365002,0.11
1789365303,0.00
1789365603,0.04
1789365903,0.01
1789366203,0.00
1789366503,0.04
1789366802,0.01
1789367102,0.00
1789367403,0.05
1789367703,0.03
1789368003,0.00
1789368302,0.07
1789368603,0.10
1789368903,0.03
1789369203,0.08
1789369503,0.02
1789369803,0.00
1789370102,0.02
1789370402,0.44
1789370703,0.21
1789371002,0.47
1789371303,0.17
1789371603,0.03
1789371902,0.00
1789372202,0.05
1789372502,0.05
1789372803,0.00
1789373103,0.05
1789373402,0.01
1789373702,4.48
1789374003,14.34
1789374303,14.79
1789374603,18.68
1789374902,19.46
1789375203,19.39
1789375503,15.16
1789375803,16.20
1789376103,15.19
1789376402,13.65
1789376703,13.95
1789377003,12.90
1789377303,19.46
1789377603,18.42
1789377902,20.66
1789378203,19.71
1789378503,20.10
1789378803,20.32
1789379102,19.60
1789379403,19.02
1789379703,19.89
1789380003,19.96
1789380303,19.92
1789380602,20.73
1789380903,20.30
1789381202,19.34
1789381503,20.36
1789381802,19.70
1789382102,20.63
1789382403,20.11
1789382702,20.76
1789383003,20.19
1789383302,19.34
1789383603,20.53
1789383903,19.71
1789384203,20.15
1789384502,19.66
1789384802,19.36
1789385102,20.45
1789385403,19.59
1789385703,20.59
1789386003,20.00
1789386303,20.38
1789386603,20.07
1789386903,20.54
1789387203,19.93
1789387503,20.17
1789387802,19.56
1789388103,19.09
1789388403,19.85
1789388703,18.74
1789389002,18.39
1789389303,19.54
1789389602,20.05
1789389903,39.71
1789390203,39.79
1789390503,39.92
1789390802,40.20
1789391103,39.89
1789391403,39.80
1789391703,39.63
1789392002,38.73
1789392303,39.17
1789392603,39.00
1789392903,38.55
1789393204,37.86
1789393504,37.91
1789393803,20.69
1789394103,19.99
1789394403,20.39
1789394703,20.17
1789395003,19.32
1789395303,20.40
1789395603,20.08
1789395903,20.34
1789396203,19.00
1789396502,20.35
1789396803,20.29
1789397103,19.17
1789397403,19.20
1789397703,20.01
1789398003,21.31
1789398302,21.11
1789398603,21.55
1789398903,20.88
1789399202,21.28
1789399502,21.00
1789399803,21.40
1789400103,21.11
1789400403,21.43
1789400703,21.31
1789401003,20.84
1789401302,21.36
1789401603,34.32
1789401903,40.20
1789402203,37.44
1789402503,40.73
1789402803,38.76
1789403103,40.72
1789403403,39.32
1789403703,40.61
1789404003,39.63
1789404303,40.67
1789404603,38.81
1789404902,40.69
1789405204,38.51
1789405503,40.71
1789405803,38.55
1789406103,40.94
1789406403,38.58
1789406703,40.22
1789407003,40.93
1789407302,39.84
1789407603,39.18
1789407903,39.77
1789408202,40.41
1789408503,41.68
1789408803,38.86
1789409103,35.36
1789409403,37.61
1789409703,38.01
1789410003,31.64
1789410302,31.45
1789410603,28.93
1789410903,27.72
1789411203,33.74
1789411503,34.20
1789411803,36.05
1789412103,39.13
1789412403,39.55
1789412703,39.77
1789413002,32.85
1789413302,29.76
1789413603,40.83
1789413903,39.75
1789414203,40.00
1789414503,30.47
1789414803,20.29
1789415103,29.59
1789415402,31.71
1789415703,34.58
1789416003,39.66
1789416303,36.79
1789416603,33.94
1789416902,29.92
1789417203,31.67
1789417503,29.58
1789417803,29.45
1789418103,27.46
1789418403,40.78
1789418703,27.94
1789419002,30.13
1789419303,41.31
1789419603,41.06
1789419903,40.80
1789420203,40.51
1789420502,40.94
1789420803,27.26
1789421102,40.37
1789421403,41.02
1789421702,41.06
1789422003,31.65
1789422308,40.93
1789422603,40.86
1789422903,40.96
1789423203,40.76
1789423503,39.44
1789423803,31.23
1789424103,40.87
1789424403,40.94
1789424702,40.79
1789425002,41.02
1789425302,34.47
1789425603,38.15
1789425903,31.53
1789426203,30.78
1789426503,28.19
1789426802,29.96
1789427102,36.51
1789427402,38.25
1789427703,37.77
1789428003,39.79
1789428303,34.98
1789428603,29.58
1789428903,30.52
1789429203,33.46
1789429503,30.85
1789429803,33.25
1789430103,33.98
1789430403,37.61
1789430703,38.97
1789431003,39.54
1789431302,29.82
1789431603,28.11
1789431902,40.20
1789432202,40.81
1789432502,40.66
1789432803,40.73
1789433103,40.86
1789433403,40.47
1789433702,39.46
1789434003,41.04
1789434303,40.40
1789434603,38.58
1789434903,40.81
1789435203,39.13
1789435503,40.50
1789435802,40.13
1789436103,40.97
1789436402,40.44
1789436703,38.69
1789437002,40.67
1789437303,40.37
1789437603,38.32
1789437903,40.84
1789438203,40.73
1789438503,40.64
1789438802,39.79
1789439102,41.47
1789439403,28.14
1789439703,34.01
1789440002,41.61
1789440303,40.02
1789440602,35.32
1789440902,36.17
1789441202,41.68
1789441503,40.26
1789441802,40.86
1789442102,39.14
1789442403,40.30
1789442703,40.37
1789443002,39.79
1789443302,39.19
1789443603,40.25
1789443903,40.87
1789444202,40.15
1789444503,39.43
1789444803,40.44
1789445103,40.57
1789445402,30.12
1789445703,28.91
1789446002,40.45
1789446302,39.29
1789446603,40.45
1789446903,29.49
1789447203,32.51
1789447502,40.76
1789447803,39.27
1789448102,39.63
1789448403,39.58
1789448703,40.73
1789449003,40.08
1789449303,38.05
1789449603,36.25
1789449903,37.85
1789450203,39.22
1789450503,40.58
1789450803,39.49
1789451103,42.07
1789451402,30.76
1789451703,29.45
1789452003,39.83
1789452302,40.62
1789452603,40.66
1789452903,41.06
1789453202,40.39
1789453503,38.34
1789453803,37.95
1789454103,39.02
1789454403,38.57
1789454703,40.60
1789455003,38.72
1789455303,25.19
1789455603,37.56
1789455903,40.32
1789456203,39.72
1789456503,40.94
1789456803,40.34
1789457103,42.82
1789457403,42.29
1789457702,42.55
1789458004,41.83
1789458304,43.42
1789458603,43.13
1789458903,43.53
1789459203,42.44
1789459503,41.96
1789459804,36.42
1789460102,38.71
1789460403,42.67
1789460703,42.56
1789461003,43.07
1789461303,42.64
1789461603,39.38
1789461903,43.67
1789462203,42.63
1789462503,42.72
1789462803,42.29
1789463103,41.96
1789463403,41.65
1789463704,40.72
1789464003,42.63
1789464303,40.99
1789464603,39.48
1789464902,40.58
1789465203,41.27
1789465503,43.71
1789465803,41.33
1789466102,42.76
1789466403,33.48
1789466702,40.95
1789467003,41.06
1789467303,38.49
1789467603,40.82
1789467903,38.88
1789468203,40.48
1789468502,38.77
1789468803,40.60
1789469103,39.97
1789469403,38.24
1789469703,39.64
1789470003,39.54
1789470303,40.91
1789470603,40.35
1789470903,38.65
1789471203,41.12
1789471503,28.17
1789471803,31.04
1789472103,42.53
1789472403,40.55
1789472702,40.81
1789473002,40.07
1789473303,40.78
1789473603,40.68
1789473903,40.46
1789474203,39.89
1789474504,40.36
1789474803,29.17
1789475103,30.58
1789475403,40.55
1789475703,38.87
1789476003,35.58
1789476303,34.46
1789476603,38.70
1789476903,40.50
1789477203,39.73
1789477503,41.12
1789477804,40.12
1789478103,39.74
1789478403,40.36
1789478703,29.59
1789479003,33.87
1789479303,41.12
1789479602,39.66
1789479902,40.78
1789480203,40.29
1789480503,39.57
1789480803,30.63
1789481103,31.10
1789481403,39.23
1789481703,34.79
1789482003,29.86
1789482303,39.97
1789482604,40.55
1789482903,38.85
1789483204,40.61
1789483503,39.51
1789483803,40.89
1789484103,29.14
1789484404,39.54
1789484703,39.57
1789485003,40.63
1789485303,40.50
1789485603,40.48
1789485903,33.40
1789486204,35.20
1789486503,38.97
1789486803,40.65
1789487103,39.66
1789487403,40.69
1789487702,38.63
1789488003,40.16
1789488303,39.91
1789488603,34.52
1789488903,29.18
1789489203,39.61
1789489502,40.22
1789489803,40.44
1789490102,39.57
1789490402,38.88
1789490702,40.51
1789491003,37.78
1789491303,40.64
1789491603,38.91
1789491903,40.17
1789492203,40.21
1789492502,41.10
1789492803,40.66
1789493102,38.37
1789493403,40.59
1789493702,35.90
1789494003,40.02
1789494302,40.38
1789494602,38.21
1789494902,40.53
1789495203,39.24
1789495502,39.31
1789495802,38.21
1789496103,40.53
1789496402,29.97
1789496702,28.27
1789497003,39.91
1789497303,39.32
1789497603,40.32
1789497903,39.70
1789498202,26.43
1789498503,22.79
1789498803,40.15
1789499103,38.24
1789499402,40.68
1789499703,29.03
1789500003,29.74
1789500303,38.55
1789500603,40.50
1789500903,34.89
1789501202,28.89
1789501503,28.78
1789501803,39.64
1789502103,32.42
1789502403,28.14
1789502703,33.16
1789503003,40.71
1789503303,38.44
1789503602,36.50
1789503903,38.09
1789504203,38.57
1789504503,40.02
1789504802,39.40
1789505103,40.15
1789505403,38.82
1789505702,40.46
1789506003,39.79
1789506303,38.03
1789506603,39.90
1789506903,40.23
1789507203,39.75
1789507503,40.01
1789507803,39.55
1789508102,40.73
1789508403,40.87
1789508703,40.23
1789509003,38.19
1789509303,40.69
1789509603,38.94
1789509902,40.64
1789510203,37.93
1789510503,34.36
1789510803,38.53
1789511102,39.00
1789511403,39.26
1789511702,40.47
1789512003,39.33
1789512302,40.72
1789512603,39.81
1789512902,39.55
1789513203,40.87
1789513503,40.27
1789513803,38.70
1789514102,40.41
1789514402,39.55
1789514703,39.58
1789515003,40.38
1789515303,39.95
1789515603,40.68
1789515903,39.32
1789516203,40.55
1789516503,40.42
1789516803,39.28
1789517103,40.69
1789517403,27.96
1789517702,26.31
1789518002,39.24
1789518302,40.76
1789518603,38.84
1789518902,40.43
1789519202,40.55
1789519503,39.84
1789519803,35.44
1789520102,38.00
1789520403,38.17
1789520702,35.33
1789521003,26.25
1789521302,39.25
1789521603,40.02
1789521902,38.77
1789522203,39.87
1789522502,32.08
1789522803,33.54
1789523103,39.53
1789523402,39.50
1789523703,37.66
1789524003,39.92
1789524303,39.54
1789524602,40.67
1789524902,39.72
1789525202,39.85
1789525503,34.41
1789525802,37.12
1789526103,39.23
1789526403,40.33
1789526703,39.17
1789527003,40.75
1789527303,40.58
1789527603,39.73
1789527903,39.99
1789528203,35.24
1789528503,30.77
1789528803,38.96
1789529102,40.13
1789529403,38.75
1789529703,33.33
1789530003,36.25
1789530303,40.80
1789530602,38.82
1789530903,40.56
1789531202,40.02
1789531503,39.81
1789531802,38.13
1789532103,40.14
1789532403,41.66
1789532703,38.71
1789533003,39.16
1789533303,37.11
1789533602,39.60
1789533903,37.75
1789534203,39.22
1789534503,37.61
1789534803,33.01
1789535103,26.31
1789535402,38.16
1789535703,39.34
1789536003,38.89
1789536303,39.42
1789536603,39.33
1789536903,38.65
1789537203,38.99
1789537502,38.83
1789537803,39.80
1789538102,34.81
1789538403,26.44
1789538703,31.18
1789539002,33.62
1789539303,30.49
1789539603,29.55
1789539903,39.75
1789540203,39.30
1789540503,31.72
1789540803,30.87
1789541102,38.72
1789541402,39.48
1789541702,39.25
1789542003,29.06
1789542303,26.84
1789542603,36.84
1789542902,38.03
1789543203,39.39
1789543503,39.43
1789543803,38.47
1789544103,39.10
1789544402,33.77
1789544703,36.53
1789545002,36.29
1789545303,36.69
1789545603,38.54
1789545903,39.02
1789546202,39.41
1789546503,25.31
1789546803,32.78
1789547103,36.62
1789547402,37.37
1789547703,36.31
1789548002,27.70
1789548302,38.51
1789548602,36.80
1789548903,38.31
1789549204,39.24
1789549503,38.41
1789549803,37.50
1789550103,32.54
1789550403,35.53
1789550703,38.44
1789551002,38.76
1789551302,37.60
1789551603,38.45
1789551903,39.30
1789552203,38.77
1789552503,36.83
1789552802,35.51
1789553103,39.72
1789553403,38.32
1789553703,36.20
1789554002,38.00
1789554303,32.39
1789554603,29.74
1789554903,29.96
1789555203,31.29
1789555503,33.27
1789555803,39.03
1789556103,39.32
1789556403,38.96
1789556702,38.08
1789557003,38.67
1789557302,39.01
1789557602,38.74
1789557902,39.36
1789558203,32.01
1789558502,32.90
1789558803,33.97
1789559103,37.87
1789559403,29.15
1789559703,25.18
1789560003,26.80
1789560303,39.71
1789560603,39.16
1789560902,38.34
1789561203,32.18
1789561503,34.10
1789561803,36.11
1789562103,33.36
1789562403,36.05
1789562702,37.68
1789563002,39.25
1789563303,39.01
1789563603,39.26
1789563902,38.68
1789564202,30.39
1789564503,31.36
1789564802,30.97
1789565102,31.48
1789565403,39.62
1789565703,38.50
1789566003,39.19
1789566304,26.59
1789566606,33.71
1789566903,36.05
1789567203,36.64
1789567502,38.76
1789567803,39.04
1789568103,39.11
1789568403,29.98
1789568703,34.55
1789569003,26.89
1789569303,39.02
1789569603,37.24
1789569903,38.86
1789570203,33.70
1789570502,28.00
1789570803,39.01
1789571103,38.13
1789571402,39.27
1789571703,39.52
1789572003,39.56
1789572303,38.63
1789572603,38.94
1789572903,39.72
1789573203,39.11
1789573503,32.42
1789573803,32.83
1789574102,36.73
1789574403,35.80
1789574703,38.04
1789575002,33.13
1789575302,28.85
1789575603,28.32
1789575903,32.48
1789576203,33.35
1789576503,32.45
1789576803,35.51
1789577103,34.53
1789577402,39.72
1789577703,39.45
1789578003,38.92
1789578303,38.62
1789578603,35.20
1789578902,37.21
1789579204,39.38
1789579503,30.75
1789579803,28.62
1789580102,28.32
1789580403,31.18
1789580703,39.05
1789581003,37.06
1789581304,28.81
1789581604,26.19
1789581902,28.77
1789582203,39.52
1789582503,37.62
1789582802,19.87
1789583102,22.14
1789583403,19.82
1789583703,38.71
1789584003,38.36
1789584303,38.38
1789584604,38.29
1789584902,39.06
1789585203,39.38
1789585503,33.84
1789585803,35.03
1789586102,37.17
1789586403,35.04
1789586702,39.36
1789587002,37.88
1789587303,39.54
1789587602,38.38
1789587902,39.78
1789588202,39.52
1789588502,39.20
1789588804,39.03
1789589103,28.06
1789589403,27.03
1789589703,31.85
1789590002,32.36
1789590303,36.15
1789590603,38.06
1789590903,38.29
1789591203,39.30
1789591502,38.72
1789591803,39.65
1789592103,38.44
1789592403,38.57
1789592703,37.43
1789593003,36.43
1789593303,37.46
1789593602,39.35
1789593902,31.52
1789594203,33.90
1789594503,33.61
1789594803,37.68
1789595102,38.65
1789595403,39.57
1789595703,39.24
1789596003,27.19
1789596302,31.19
1789596603,29.21
1789596903,38.84
1789597202,39.75
1789597503,36.41
1789597803,37.86
1789598103,34.10
1789598403,35.43
1789598703,38.25
1789599003,36.81
1789599302,36.29
1789599603,38.67
1789599902,38.95
1789600203,34.00
1789600502,27.07
1789600803,33.86
1789601103,33.20
1789601403,33.12
1789601703,38.98
1789602003,39.21
1789602302,38.69
1789602602,36.91
1789602902,38.55
1789603203,39.10
1789603503,38.92
1789603802,30.83
1789604103,25.91
1789604403,33.47
1789604703,37.01
1789605003,31.21
1789605303,39.76
1789605603,30.14
1789605902,27.40
1789606202,30.00
1789606503,29.66
1789606803,27.55
1789607103,33.36
1789607403,37.04
1789607702,38.79
1789608003,39.02
1789608303,37.81
1789608603,38.44
1789608902,39.28
1789609203,36.23
1789609503,27.49
1789609803,32.87
1789610103,33.03
1789610402,37.19
1789610703,39.68
1789611003,35.34
1789611302,35.36
1789611602,35.12
1789611903,27.47
1789612203,33.17
1789612502,35.79
1789612802,37.54
1789613102,39.31
1789613403,38.68
1789613703,39.83
1789614003,30.15
1789614303,27.90
1789614603,35.06
1789614903,36.21
1789615203,34.58
1789615502,37.34
1789615803,38.94
1789616102,31.30
1789616402,28.26
1789616703,31.78
1789617003,29.35
1789617303,33.11
1789617603,36.67
1789617903,35.03
1789618203,32.31
1789618503,36.51
1789618803,37.94
1789619103,35.69
1789619403,37.05
1789619703,36.77
1789620003,38.12
1789620303,39.40
1789620603,39.26
1789620903,32.49
1789621203,32.48
1789621502,32.86
1789621803,33.03
1789622102,33.09
1789622403,39.25
1789622702,29.44
1789623003,28.01
1789623303,29.50
1789623602,32.77
1789623902,36.65
1789624203,38.20
1789624503,39.46
1789624802,28.67
1789625102,25.50
1789625402,31.36
1789625702,39.49
1789626003,39.37
1789626303,38.79
1789626602,38.71
1789626902,38.75
1789627203,38.86
1789627502,39.37
1789627802,12.22
1789628102,36.38
1789628403,34.94
1789628703,28.97
1789629002,33.56
1789629303,36.04
1789629603,37.65
1789629903,38.21
1789630203,39.18
1789630503,39.52
1789630803,38.81
1789631103,39.48
1789631403,39.03
1789631703,36.53
1789632002,30.70
1789632303,27.38
1789632603,29.59
1789632903,27.74
1789633203,27.14
1789633502,25.69
1789633803,28.62
1789634102,32.18
1789634403,36.87
1789634703,38.49
1789635003,38.85
1789635303,33.18
1789635602,27.38
1789635903,31.16
1789636202,30.97
1789636503,35.14
1789636802,35.37
1789637103,36.30
1789637403,38.48
1789637702,38.54
1789638002,38.66
1789638303,32.99
1789638603,30.23
1789638902,29.63
1789639202,26.08
1789639503,28.14
1789639802,32.91
1789640103,35.37
1789640403,37.28
1789640702,38.58
1789641003,39.28
1789641303,39.23
1789641603,35.80
1789641903,30.42
1789642203,26.98
1789642503,32.81
1789642803,35.24
1789643103,38.27
1789643402,35.89
1789643702,30.33
1789644002,29.99
1789644303,34.49
1789644602,34.41
1789644903,35.75
1789645203,38.41
1789645503,31.05
1789645802,30.46
1789646103,25.53
1789646403,30.01
1789646703,33.02
1789647003,36.59
1789647303,37.17
1789647603,38.80
1789647903,35.64
1789648203,30.19
1789648502,32.30
1789648803,35.89
1789649103,36.14
1789649403,38.75
1789649703,39.89
1789650003,34.30
1789650303,28.08
1789650602,20.76
1789650902,20.65
1789651203,20.14
1789651502,18.51
1789651804,14.98
1789652103,11.47
1789652403,12.69
1789652703,18.39
1789653002,20.07
1789653302,20.95
1789653603,18.15
1789653904,16.91
1789654203,15.81
1789654502,18.41
1789654803,16.40
1789655103,21.31
1789655402,19.49
1789655702,17.71
1789656002,14.58
1789656303,12.24
1789656603,13.30
1789656903,22.35
1789657204,21.22
1789657503,17.04
1789657803,12.68
1789658103,12.69
1789658403,22.27
1789658703,20.89
1789659003,18.38
1789659303,11.33
1789659603,13.04
1789659903,21.32
1789660203,17.34
1789660502,19.82
1789660802,22.70
1789661102,15.95
1789661403,13.47
1789661703,21.81
1789662003,21.00
1789662303,17.16
1789662603,16.20
1789662903,12.67
1789663202,12.59
1789663503,16.09
1789663802,17.71
1789664103,17.66
1789664403,20.44
1789664702,18.61
1789665002,16.78
1789665302,23.49
1789665603,20.31
1789665903,17.42
1789666203,15.85
1789666502,14.85
1789666803,16.43
1789667102,18.95
1789667402,20.29
1789667703,20.08
1789668003,17.30
1789668303,15.62
1789668602,12.80
1789668903,13.40
1789669202,22.28
1789669502,16.16
1789669803,18.94
1789670102,13.46
1789670403,17.56
1789670703,20.90
1789671003,15.88
1789671302,21.87
1789671603,15.68
1789671902,21.59
1789672202,15.95
1789672502,12.08
1789672802,21.41
1789673103,11.78
1789673403,12.83
1789673703,22.93
1789674003,13.73
1789674303,14.18
1789674603,16.19
1789674902,11.30
1789675203,19.81
1789675502,20.48
1789675803,21.84
1789676103,21.52
1789676402,14.82
1789676703,22.85
1789677004,23.59
1789677303,23.33
1789677603,22.71
1789677903,23.88
1789678203,12.09
1789678503,15.52
1789678803,18.67
1789679102,21.05
1789679402,18.76
1789679703,15.22
1789680002,15.64
1789680303,15.37
1789680603,13.31
1789680902,16.96
1789681203,20.85
1789681503,23.57
1789681803,23.28
1789682103,22.01
1789682403,12.41
1789682702,20.08
1789683003,19.70
1789683303,6.88
1789683603,17.28
1789683903,18.18
1789684202,14.44
1789684502,18.63
1789684803,19.06
1789685103,13.52
1789685403,19.09
1789685703,16.84
1789686003,17.97
1789686303,19.17
1789686602,19.60
1789686902,19.41
1789687202,18.36
1789687503,19.58
1789687803,17.34
1789688103,19.32
1789688403,19.33
1789688703,19.87
1789689003,12.27
1789689303,11.46
1789689603,16.28
1789689903,19.17
1789690203,16.62
1789690503,11.62
1789690802,17.44
1789691102,8.52
1789691403,19.35
1789691703,10.61
1789692003,16.58
1789692302,13.79
1789692602,18.84
1789692902,18.83
1789693203,18.04
1789693503,10.80
1789693803,19.81
1789694103,19.13
1789694403,9.72
1789694703,16.93
1789695003,19.36
1789695303,19.74
1789695603,16.45
1789695902,19.68
1789696203,19.17
1789696503,15.31
1789696803,17.58
1789697103,10.86
1789697402,18.01
1789697703,9.78
1789698003,8.33
1789698303,20.53
1789698603,14.80
1789698903,19.74
1789699203,19.27
1789699502,7.92
1789699803,9.09
1789700103,9.67
1789700403,14.91
1789700703,14.69
1789701003,18.88
1789701303,19.24
1789701603,16.10
1789701902,18.84
1789702203,17.13
1789702503,12.46
1789702803,18.21
1789703103,19.47
1789703403,18.37
1789703703,8.28
1789704002,11.22
1789704302,18.86
1789704603,19.05
1789704902,10.24
1789705203,17.97
1789705503,17.60
1789705803,19.78
1789706102,19.39
1789706403,18.47
1789706703,19.25
1789707003,19.58
1789707303,15.85
1789707602,19.40
1789707902,18.84
1789708202,17.67
1789708502,17.36
1789708803,16.01
1789709103,18.90
1789709402,19.48
1789709703,19.05
1789710003,16.52
1789710303,19.51
1789710603,19.74
1789710902,10.52
1789711203,8.28
1789711503,17.95
1789711803,18.62
1789712103,19.16
1789712403,13.60
1789712703,18.77
1789713002,12.75
1789713303,11.62
1789713603,17.86
1789713902,18.87
1789714203,11.12
1789714502,11.06
1789714802,19.50
1789715103,15.67
1789715403,19.02
1789715703,19.22
1789716003,12.35
1789716303,18.64
1789716603,19.12
1789716903,7.95
1789717203,9.56
1789717503,19.28
1789717802,18.81
1789718103,19.77
1789718403,16.30
1789718703,19.26
1789719002,19.63
1789719302,19.44
1789719603,16.59
1789719902,19.26
1789720202,19.17
1789720503,9.21
1789720803,17.36
1789721102,18.59
1789721403,18.82
1789721703,19.14
1789722003,19.51
1789722302,19.45
1789722602,19.21
1789722903,18.90
1789723203,17.67
1789723503,18.94
1789723803,19.48
1789724102,19.34
1789724403,15.35
1789724702,19.15
1789725002,15.05
1789725303,9.09
1789725603,18.62
1789725902,16.44
1789726203,17.81
1789726502,19.56
1789726803,8.05
1789727103,12.40
1789727404,11.14
1789727703,8.82
1789728003,17.63
1789728303,19.20
1789728602,17.14
1789728902,18.41
1789729203,17.94
1789729503,19.64
1789729803,14.06
1789730103,18.62
1789730402,11.45
1789730703,10.76
1789731004,18.29
1789731303,18.88
1789731603,18.52
1789731903,13.41
1789732203,10.84
1789732503,18.80
1789732803,19.47
1789733103,12.34
1789733403,16.42
1789733703,8.96
1789734002,8.80
1789734302,17.46
1789734603,16.92
1789734902,19.73
1789735203,14.32
1789735502,18.75
1789735803,32.58
1789736103,27.06
1789736403,35.59
1789736703,38.48
1789737003,39.58
1789737303,38.62
1789737603,30.85
1789737902,31.62
1789738203,39.78
1789738502,39.41
1789738802,32.76
1789739104,39.26
1789739403,36.15
1789739703,39.22
1789740003,39.33
1789740302,39.54
1789740603,38.37
1789740903,38.72
1789741203,29.21
1789741503,39.82
1789741803,39.15
1789742103,39.42
1789742403,40.58
1789742702,40.24
1789743002,39.57
1789743303,38.54
1789743604,39.60
1789743902,39.50
1789744203,38.04
1789744503,39.82
1789744803,27.51
1789745103,39.66
1789745403,32.78
1789745702,38.07
1789746003,40.36
1789746302,39.97
1789746602,39.35
1789746903,40.15
1789747203,40.78
1789747503,31.09
1789747802,29.65
1789748102,39.59
1789748402,39.87
1789748703,39.02
1789749003,37.32
1789749303,38.19
1789749602,39.78
1789749903,40.05
1789750203,39.27
1789750502,38.82
1789750803,27.56
1789751102,36.68
1789751403,38.87
1789751702,39.88
1789752003,34.72
1789752303,29.30
1789752603,39.43
1789752903,39.18
1789753203,38.72
1789753502,30.88
1789753803,32.19
1789754102,37.60
1789754402,39.60
1789754703,39.25
1789755003,39.90
1789755303,39.25
1789755603,39.78
1789755903,39.32
1789756202,39.99
1789756503,39.59
1789756802,30.25
1789757103,32.88
1789757403,39.00
1789757703,27.45
1789758003,33.35
1789758302,39.59
1789758602,34.52
1789758902,38.44
1789759203,40.19
1789759502,39.05
1789759802,39.87
1789760102,38.16
1789760403,39.85
1789760703,30.94
1789761003,37.63
1789761303,39.56
1789761603,37.65
1789761902,39.83
1789762203,39.96
1789762503,40.04
1789762802,39.35
1789763103,38.34
1789763404,39.63
1789763702,39.53
1789764003,39.05
1789764302,37.58
1789764602,39.86
1789764902,28.25
1789765203,39.79
1789765503,39.36
1789765803,40.02
1789766102,36.91
1789766403,38.57
1789766702,39.75
1789767004,28.22
1789767303,36.68
1789767603,39.31
1789767903,39.70
1789768202,33.24
1789768503,38.47
1789768802,29.26
1789769103,35.66
1789769402,39.67
1789769702,39.90
1789770003,34.43
1789770308,38.66
1789770603,39.25
1789770903,39.78
1789771203,39.91
1789771502,39.01
1789771802,31.60
1789772103,33.34
1789772402,33.32
1789772703,27.80
1789773002,39.62
1789773303,29.36
1789773603,39.81
1789773902,28.89
1789774202,34.29
1789774503,38.63
1789774803,40.18
1789775103,35.08
1789775403,38.48
1789775703,38.96
1789776003,40.14
1789776302,39.86
1789776603,39.60
1789776902,34.13
1789777203,30.47
1789777503,40.16
1789777803,39.95
1789778103,35.36
1789778402,38.46
1789778702,40.04
1789779003,39.84
1789779302,39.62
1789779603,39.91
1789779902,20.32
1789780203,20.10
1789780502,20.04
1789780803,20.24
1789781102,20.06
1789781403,20.00
1789781702,20.11
1789782003,20.12
1789782302,20.49
1789782603,20.04
1789782903,20.08
1789783203,20.19
1789783503,21.01
1789783802,21.20
1789784103,21.04
1789784403,21.05
1789784703,21.05
1789785002,21.04
1789785303,21.23
1789785603,21.11
1789785902,21.25
1789786203,21.20
1789786503,21.09
1789786802,21.24
1789787103,21.02
1789787402,21.07
1789787703,21.08
1789788003,21.15
1789788302,21.10
1789788603,21.12
1789788902,21.17
1789789202,21.14
1789789502,20.07
1789789802,20.03
1789790103,20.02
1789790403,20.06
1789790703,20.07
1789791003,20.25
1789791303,20.15
1789791601,20.00
1789791901,20.15
1789792201,20.18
1789965187,7.13
1789965303,1.24
1789965603,1.06
1789965903,1.06
1789966203,1.08
1789966503,1.19
1789966803,1.06
1789967103,1.12
1789967403,2.08
1789967703,2.22
1789968003,2.20
1789968303,2.10
1789968603,2.09
1789968903,2.65
1789969202,3.12
1789969503,2.16
1789969802,2.07
1789970103,1.72
1789970403,1.10
1789970702,0.03
1789971003,0.25
1789971303,0.07
1789971603,0.09
1789971903,0.13
1789972202,0.08
1789972503,0.02
1789972803,0.01
1789973102,0.05
1789973402,0.02
1789973702,0.00
1789974003,0.08
1789974302,0.08
1789974603,0.01
1789974902,0.00
1789975203,0.12
1789975503,0.08
1789975802,0.08
1789976103,0.10
1789976403,0.06
1789976703,0.54
1789977002,0.00
1789977303,1.09
1789977603,1.39
1789977902,4.54
1789978203,7.98
1789978502,8.33
1789978802,26.51
1789979102,27.79
1789979403,23.26
1789979703,27.36
1789980003,27.98
1789980302,26.01
1789980603,27.73
1789980903,27.94
1789981203,24.35
1789981502,24.48
1789981803,27.14
1789982102,27.69
1789982402,27.59
1789982703,26.10
1789983003,27.57
1789983302,27.58
1789983602,26.41
1789983903,26.55
1789984202,22.87
1789984503,28.10
1789984803,27.94
1789985102,27.52
1789985403,28.82
1789985703,24.83
1789986003,26.30
1789986303,22.95
1789986603,27.85
1789986902,23.31
1789987203,27.07
1789987502,23.62
1789987803,27.81
1789988102,25.39
1789988403,27.50
1789988703,26.62
1789989003,27.24
1789989303,27.21
1789989603,27.62
1789989903,25.77
1789990203,20.18
1789990502,20.01
1789990803,20.06
1789991102,20.03
1789991403,20.00
1789991703,20.10
1789992003,20.32
1789992303,20.06
1789992603,20.00
1789992902,35.72
1789993202,31.93
1789993503,38.39
1789993803,27.88
1789994103,37.06
1789994404,29.10
1789994703,37.44
1789995003,28.80
1789995303,38.11
1789995604,36.07
1789995902,38.25
1789996203,38.99
1789996503,38.89
1789996803,39.90
1789997102,39.25
1789997403,39.46
1789997703,39.81
1789998003,39.80
1789998303,39.61
1789998603,34.25
1789998903,38.37
1789999203,32.54
1789999502,38.56
1789999803,38.19
1790000103,39.56
1790000403,39.69
1790000703,39.64
1790001003,39.78
1790001303,39.21
1790001603,39.56
1790001903,38.76
1790002203,38.78
1790002503,39.28
1790002803,38.54
1790003103,39.83
1790003403,39.85
1790003703,39.34
1790004003,39.38
1790004303,38.31
1790004602,39.74
1790004903,39.69
1790005203,39.66
1790005503,39.86
1790005803,39.33
1790006102,39.57
1790006402,39.55
1790006703,39.70
1790007003,39.72
1790007303,39.79
1790007603,39.81
1790007903,39.18
1790008203,39.31
1790008503,39.52
1790008803,38.93
1790009102,39.06
1790009403,38.06
1790009702,38.32
1790010003,38.83
1790010303,39.47
1790010602,39.86
1790010903,36.86
1790011203,39.07
1790011502,38.35
1790011803,39.77
1790012102,36.68
1790012402,38.77
1790012702,34.54
1790013003,35.33
1790013303,39.62
1790013603,16.13
1790013903,38.55
1790014202,31.65
1790014502,38.65
1790014803,39.03
1790015102,39.78
1790015404,39.66
1790015703,39.68
1790016003,39.80
1790016303,39.78
1790016602,27.91
1790016903,39.59
1790017203,39.40
1790017503,39.49
1790017803,29.71
1790018103,39.62
1790018403,38.28
1790018703,39.39
1790019003,39.56
1790019302,39.48
1790019603,39.23
1790020024,38.11
1790020202,39.68
1790020503,39.72
1790020803,39.06
1790021103,32.63
1790021403,39.05
1790021703,39.51
1790022002,39.28
1790022302,38.99
1790022602,39.01
1790022903,39.46
1790023203,39.13
1790023503,31.96
1790023802,39.93
1790024103,30.61
1790024403,39.31
1790024703,36.61
1790025002,38.28
1790025302,39.54
1790025603,39.51
1790025902,38.19
1790026203,34.90
1790026503,38.54
1790026802,39.45
1790027103,39.87
1790027403,39.66
1790027703,39.12
1790028003,40.04
1790028302,39.47
1790028603,36.88
1790028903,38.58
1790029203,38.53
1790029503,39.02
1790029803,34.51
1790030103,35.02
1790030403,38.91
1790030702,39.70
1790031003,39.84
1790031303,37.60
1790031603,39.52
1790031903,40.00
1790032203,31.22
1790032502,36.92
1790032802,38.90
1790033103,39.52
1790033403,28.69
1790033703,37.52
1790034002,29.17
1790034303,37.59
1790034603,39.43
1790034903,33.59
1790035203,40.34
1790035503,39.28
1790035802,31.77
1790036103,39.50
1790036403,39.40
1790036703,29.66
1790037003,36.92
1790037303,37.97
1790037603,31.16
1790037902,35.09
1790038203,34.98
1790038503,32.33
1790038802,39.02
1790039103,38.26
1790039403,30.62
1790039702,37.97
1790040003,32.05
1790040302,35.41
1790040603,32.97
1790040903,38.15
1790041203,32.12
1790041502,38.70
1790041803,33.72
1790042102,37.93
1790042403,35.78
1790042703,34.70
1790043003,35.56
1790043303,39.95
1790043602,39.51
1790043902,30.58
1790044203,34.03
1790044503,39.43
1790044802,29.26
1790045103,36.44
1790045402,39.25
1790045703,37.83
1790046003,31.82
1790046303,37.12
1790046603,32.96
1790046903,36.47
1790047203,39.72
1790047503,39.85
1790047802,33.70
1790048103,33.95
1790048402,39.69
1790048703,40.25
1790049003,38.20
1790049303,33.04
1790049602,37.25
1790049904,39.52
1790050202,30.40
1790050502,38.66
1790050802,30.15
1790051103,34.29
1790051403,37.40
1790051703,31.60
1790052002,37.79
1790052303,32.35
1790052602,35.93
1790052903,31.24
1790053203,34.51
1790053502,38.64
1790053803,33.97
1790054102,14.28
1790054403,33.53
1790054702,37.15
1790055003,38.79
1790055303,29.37
1790055603,37.70
1790055903,39.09
1790056203,37.47
1790056502,31.89
1790056802,26.25
1790057103,37.67
1790057403,32.07
1790057703,34.33
1790058003,38.66
1790058303,35.72
1790058603,38.74
1790058903,25.58
1790059202,36.71
1790059502,39.23
1790059802,39.36
1790060102,38.10
1790060403,37.82
1790060703,31.65
1790061003,35.03
1790061302,36.10
1790061603,28.78
1790061903,38.25
1790062203,37.28
1790062503,39.04
1790062803,38.78
1790063102,38.24
1790063403,39.78
1790063702,40.71
1790064002,37.96
1790064303,36.20
1790064602,29.13
1790064903,35.65
1790065203,40.84
1790065503,39.82
1790065802,36.83
1790066103,38.88
1790066402,38.53
1790066703,39.44
1790067003,33.66
1790067303,37.31
1790067603,33.19
1790067903,38.13
1790068202,38.70
1790068503,34.54
1790068802,35.55
1790069102,36.05
1790069403,30.80
1790069703,37.90
1790070003,31.83
1790070303,38.47
1790070602,35.41
1790070903,31.24
1790071203,36.74
1790071503,34.75
1790071803,25.69
1790072103,37.12
1790072403,30.19
1790072703,29.48
1790073003,37.46
1790073303,32.28
1790073603,39.77
1790073903,28.32
1790074202,37.62
1790074503,31.33
1790074803,38.22
1790075102,32.24
1790075402,38.19
1790075702,29.23
1790076003,37.75
1790076303,31.81
1790076603,38.36
1790076903,38.60
1790077203,36.31
1790077502,32.94
1790077802,37.90
1790078102,30.27
1790078403,38.46
1790078703,32.36
1790079002,38.05
1790079303,33.52
1790079604,34.79
1790079903,33.29
1790080203,38.38
1790080503,32.04
1790080802,38.13
1790081102,29.78
1790081402,38.08
1790081703,33.34
1790082003,37.40
1790082302,32.92
1790082603,38.94
1790082903,31.73
1790083203,38.39
1790083503,32.95
1790083802,38.05
1790084103,32.19
1790084403,38.11
1790084703,32.30
1790085003,38.66
1790085303,29.12
1790085604,37.21
1790085903,30.79
1790086203,37.24
1790086503,30.81
1790086803,35.70
1790087102,31.43
1790087403,37.13
1790087703,29.37
1790088003,37.61
1790088303,31.23
1790088603,37.40
1790088903,32.22
1790089204,38.46
1790089504,33.83
1790089803,34.47
1790090103,34.80
1790090403,34.91
1790090703,36.01
1790091003,33.73
1790091303,39.37
1790091603,35.50
1790091903,31.72
1790092203,36.79
1790092503,29.21
1790092803,36.48
1790093103,32.87
1790093403,36.39
1790093703,31.33
1790094003,39.83
1790094302,32.56
1790094602,38.22
1790094903,31.59
1790095203,38.33
1790095503,30.95
1790095803,38.32
1790096103,30.69
1790096403,38.09
1790096703,30.24
1790097003,37.39
1790097303,28.66
1790097602,35.82
1790097903,30.75
1790098204,35.73
1790098502,33.80
1790098803,32.02
1790099103,35.63
1790099403,35.93
1790099703,38.78
1790100003,17.32
1790100303,29.77
1790100603,32.61
1790100903,38.31
1790101202,34.26
1790101503,38.88
1790101803,37.74
1790102103,30.77
1790102403,38.17
1790102703,35.70
1790103003,35.00
1790103303,31.36
1790103603,35.23
1790103903,35.99
1790104203,34.72
1790104503,36.72
1790104803,34.84
1790105102,37.49
1790105402,33.90
1790105703,34.80
1790106003,35.52
1790106303,30.91
1790106603,35.58
1790106902,38.63
1790107203,32.99
1790107503,35.72
1790107803,34.02
1790108102,31.85
1790108402,36.88
1790108702,29.15
1790109003,36.37
1790109303,31.60
1790109603,35.02
1790109903,31.08
1790110203,37.39
1790110503,29.87
1790110803,37.22
1790111103,28.57
1790111403,37.96
1790111703,29.45
1790112003,37.82
1790112303,31.79
1790112603,38.47
1790112903,29.83
1790113202,37.56
1790113503,29.19
1790113803,37.18
1790114103,29.60
1790114402,37.66
1790114703,31.72
1790115002,38.32
1790115302,33.89
1790115602,39.53
1790115903,34.86
1790116203,35.92
1790116502,35.47
1790116802,32.39
1790117102,35.08
1790117402,33.39
1790117702,36.57
1790118003,29.32
1790118303,37.14
1790118603,30.38
1790118902,35.09
1790119203,38.94
1790119503,33.36
1790119803,38.58
1790120103,32.71
1790120402,36.09
1790120703,35.29
1790121003,31.68
1790121303,36.72
1790121603,28.58
1790121903,37.77
1790122202,29.49
1790122503,35.84
1790122803,33.72
1790123102,33.29
1790123403,34.58
1790123703,33.01
1790124002,39.04
1790124302,32.37
1790124603,37.60
1790124903,38.48
1790125203,38.50
1790125503,29.84
1790125803,37.60
1790126103,28.61
1790126402,38.02
1790126703,32.61
1790127003,37.77
1790127302,30.62
1790127603,37.39
1790127903,28.63
1790128203,38.53
1790128503,28.22
1790128802,37.49
1790129103,31.77
1790129403,39.14
1790129703,32.09
1790130002,38.94
1790130303,39.45
1790130602,33.18
1790130903,35.15
1790131202,37.70
1790131503,34.04
1790131802,38.16
1790132103,34.07
1790132402,39.63
1790132703,30.80
1790133003,38.45
1790133303,32.48
1790133603,39.18
1790133902,29.19
1790134203,39.14
1790134502,38.25
1790134802,31.58
1790135103,38.08
1790135403,31.87
1790135703,37.29
1790136003,28.53
1790136303,37.60
1790136602,30.87
1790136902,37.58
1790137203,29.63
1790137503,37.78
1790137803,26.90
1790138103,37.80
1790138403,28.63
1790138703,38.28
1790139003,31.03
1790139303,38.08
1790139603,31.91
1790139903,37.54
1790140203,33.30
1790140503,35.76
1790140802,35.06
1790141103,30.78
1790141402,35.40
1790141703,31.89
1790142003,37.49
1790142303,34.46
1790142603,35.99
1790142903,30.95
1790143202,36.05
1790143503,38.97
1790143803,39.36
1790144103,13.01
1790144402,36.58
1790144702,31.66
1790145003,38.19
1790145303,32.27
1790145603,36.00
1790145903,31.49
1790146203,37.90
1790146503,32.36
1790146802,38.46
1790147103,39.58
1790147402,37.39
1790147702,38.59
1790148003,39.56
1790148303,31.27
1790148603,35.05
1790148903,37.62
1790149203,38.74
1790149503,34.46
1790149803,39.03
1790150102,33.23
1790150403,35.29
1790150703,30.97
1790151002,39.39
1790151303,31.63
1790151603,38.50
1790151903,31.04
1790152203,31.94
1790152502,35.68
1790152802,31.45
1790153102,39.23
1790153402,37.18
1790153703,33.70
1790154003,37.02
1790154303,32.84
1790154603,38.15
1790154903,39.22
1790155203,29.46
1790155503,38.21
1790155802,29.90
1790156103,37.85
1790156403,39.94
1790156702,30.69
1790157003,38.31
1790157303,29.72
1790157603,34.04
1790157903,34.19
1790158203,31.45
1790158502,37.06
1790158803,28.40
1790159103,37.59
1790159402,34.59
1790159703,34.61
1790160003,35.71
1790160302,37.32
1790160603,34.46
1790160903,33.77
1790161203,39.72
1790161502,29.09
1790161802,37.61
1790162102,31.29
1790162402,37.76
1790162703,39.74
1790163002,33.99
1790163303,38.35
1790163603,32.48
1790163902,38.71
1790164202,31.67
1790164503,29.38
1790164803,37.67
1790165103,30.09
1790165402,37.93
1790165703,31.00
1790166003,33.04
1790166302,33.82
1790166603,32.10
1790166902,37.63
1790167202,39.71
1790167502,30.72
1790167803,38.37
1790168103,32.51
1790168403,39.08
1790168703,32.45
1790169003,37.48
1790169302,29.74
1790169603,38.03
1790169902,28.04
1790170203,39.42
1790170503,38.05
1790170803,37.75
1790171103,29.47
1790171404,35.38
1790171702,38.48
1790172005,39.21
1790172303,32.04
1790172603,37.78
1790172903,28.25
1790173203,37.21
1790173503,31.81
1790173804,34.99
1790174103,32.67
1790174403,35.12
1790174703,39.34
1790175004,28.28
1790175302,36.81
1790175603,30.71
1790175903,35.56
1790176205,38.98
1790176508,39.10
1790176803,38.60
1790177104,39.22
1790177403,34.78
1790177704,39.49
1790178002,39.69
1790178303,29.28
1790178603,37.54
1790178904,29.57
1790179204,37.78
1790179502,30.36
1790179803,36.76
1790180103,29.06
1790180403,35.66
1790180703,31.27
1790181003,38.26
1790181303,39.69
1790181603,34.77
1790181903,37.35
1790182202,35.82
1790182502,39.36
1790182803,38.73
1790183103,31.30
1790183404,38.25
1790183702,39.99
1790184003,39.62
1790184303,39.44
1790184603,39.65
1790184903,27.39
1790185203,34.27
1790185503,34.93
1790185803,38.75
1790186103,30.50
1790186403,37.68
1790186703,28.22
1790187003,27.53
1790187303,37.65
1790187603,39.82
1790187903,39.90
1790188203,37.98
1790188503,35.74
1790188803,34.19
1790189103,37.96
1790189402,28.98
1790189703,37.39
1790190003,39.30
1790190303,28.66
1790190604,37.56
1790190903,32.68
1790191203,38.16
1790191503,39.89
1790191803,38.38
1790192102,37.67
1790192403,29.96
1790192703,39.72
1790193002,39.69
1790193302,27.98
1790193603,34.51
1790193903,38.70
1790194202,30.33
1790194502,37.12
1790194803,38.96
1790195103,39.13
1790195404,30.73
1790195703,38.44
1790196002,30.36
1790196302,36.31
1790196603,39.03
1790196903,39.09
1790197202,39.73
1790197503,30.72
1790197803,36.81
1790198103,38.16
1790198403,38.87
1790198703,38.97
1790199003,38.15
1790199303,38.95
1790199603,38.35
1790199903,38.74
1790200203,39.46
1790200503,39.12
1790200802,35.06
1790201102,39.68
1790201403,39.63
1790201702,39.02
1790202003,34.46
1790202303,38.86
1790202602,37.40
1790202903,38.34
1790203203,38.70
1790203503,39.52
1790203803,32.50
1790204102,38.20
1790204403,39.51
1790204703,39.49
1790205002,32.19
1790205302,33.31
1790205602,38.72
1790205902,39.53
1790206203,39.37
1790206503,33.30
1790206803,38.03
1790207102,38.64
1790207402,38.75
1790207703,38.89
1790208003,28.64
1790208303,37.73
1790208603,39.77
1790208903,39.37
1790209202,39.47
1790209502,39.67
1790209803,29.90
1790210103,39.31
1790210402,31.60
1790210703,38.50
1790211002,37.85
1790211302,38.69
1790211603,39.24
1790211903,33.85
1790212203,38.47
1790212502,39.68
1790212803,31.81
1790213103,37.01
1790213402,39.44
1790213702,39.92
1790214003,36.41
1790214303,35.55
1790214603,35.21
1790214902,38.45
1790215202,39.89
1790215503,39.43
1790215803,28.87
1790216103,38.59
1790216403,30.60
1790216703,40.68
1790217002,39.79
1790217302,38.18
1790217603,39.32
1790217903,37.67
1790218203,36.62
1790218503,38.85
1790218803,39.35
1790219102,39.68
1790219403,39.47
1790219703,30.16
1790220003,37.82
1790220303,39.80
1790220603,38.86
1790220903,30.37
1790221202,39.77
1790221503,38.94
1790221803,38.78
1790222112,38.22
1790222403,39.62
1790222702,30.42
1790223003,36.11
1790223302,39.19
1790223603,39.28
1790223902,39.50
1790224203,39.41
1790224503,39.78
1790224802,39.17
1790225102,39.24
1790225403,39.00
1790225703,32.53
1790226003,36.92
1790226302,39.43
1790226603,39.84
1790226903,36.34
1790227203,38.50
1790227503,39.03
1790227803,38.63
1790228103,38.61
1790228403,40.43
1790228702,39.74
1790229003,26.27
1790229303,35.65
1790229602,23.00
1790229902,38.56
1790230203,37.97
1790230503,38.87
1790230802,38.83
1790231103,38.88
1790231403,38.73
1790231703,38.72
1790232003,38.13
1790232302,29.59
1790232604,36.58
1790232903,36.99
1790233203,38.21
1790233503,28.38
1790233803,37.05
1790234103,39.22
1790234403,39.22
1790234702,39.02
1790235003,38.96
1790235303,27.37
1790235602,35.63
1790235902,33.38
1790236203,39.00
1790236503,35.56
1790236803,37.31
1790237112,38.39
1790237404,38.29
1790237703,31.39
1790238003,39.15
1790238303,29.88
1790238603,36.38
1790238902,38.71
1790239203,28.16
1790239503,31.98
1790239803,27.86
1790240103,36.41
1790240403,39.19
1790240703,30.76
1790241004,39.62
1790241303,35.26
1790241603,38.09
1790241903,31.04
1790242203,35.69
1790242503,38.91
1790242803,29.87
1790243102,36.18
1790243402,32.92
1790243703,39.31
1790244003,39.69
1790244302,39.66
1790244603,39.44
1790244902,39.54
1790245202,39.36
1790245503,39.40
1790245803,34.43
1790246103,37.42
1790246403,38.92
1790246702,37.48
1790247003,37.53
1790247303,30.57
1790247602,37.64
1790247903,30.42
1790248202,39.83
1790248502,37.06
1790248803,39.39
1790249102,33.25
1790249402,35.56
1790249703,37.48
1790250003,39.60
1790250302,39.88
1790250603,39.38
1790250903,39.28
1790251203,33.17
1790251502,38.30
1790251803,38.13
1790252103,32.07
1790252403,36.26
1790252703,38.69
1790253003,38.72
1790253302,28.42
1790253603,37.29
1790253903,39.67
1790254203,39.47
1790254503,29.85
1790254803,37.13
1790255103,28.54
1790255403,37.05
1790255703,31.83
1790256003,36.53
1790256303,39.52
1790256606,39.22
1790256907,39.54
1790257204,33.89
1790257503,38.25
1790257803,39.74
1790258104,39.94
1790258403,40.44
1790258703,20.37
1790259003,21.67
1790259303,40.51
1790259603,33.46
1790259902,22.71
1790260204,13.57
1790260503,19.68
1790260803,11.44
1790261107,20.01
1790261402,19.08
1790261704,21.07
1790262004,21.33
1790262302,20.84
1790262603,40.58
1790262904,41.11
1790263203,40.89
1790263503,40.54
1790263803,38.79
1790264118,40.97
1790264404,38.38
1790264703,33.65
1790265003,38.59
1790265303,39.47
1790265603,37.51
1790265903,30.94
1790266204,29.88
1790266503,40.56
1790266804,40.18
1790267103,39.50
1790267402,40.16
1790267702,31.20
1790268003,37.27
1790268303,40.59
1790268603,40.43
1790268903,39.51
1790269203,41.01
1790269502,39.96
1790269803,39.17
1790270104,40.50
1790270403,38.56
1790270702,36.65
1790271003,40.40
1790271303,40.68
1790271603,38.55
1790271903,35.36
1790272203,40.11
1790272503,40.25
1790272803,22.00
1790273103,39.31
1790273403,40.58
1790273703,39.96
1790274003,41.28
1790274304,40.44
1790274603,30.78
1790274903,39.78
1790275203,40.48
1790275503,39.92
1790275803,37.62
1790276103,32.03
1790276402,39.79
1790276703,35.12
1790277003,34.16
1790277303,39.14
1790277602,38.82
1790277902,39.53
1790278203,40.81
1790278502,40.97
1790278803,40.98
1790279103,40.77
1790279403,40.33
1790279703,40.26
1790280003,40.87
1790280302,40.78
1790280603,39.72
1790280902,34.44
1790281203,41.44
1790281503,39.60
1790281803,40.95
1790282103,41.15
1790282403,38.07
1790282703,40.46
1790283003,40.45
1790283303,40.97
1790283603,40.99
1790283903,40.74
1790284203,37.32
1790284503,40.83
1790284802,41.23
1790285103,40.57
1790285403,37.88
1790285703,34.88
1790286003,34.36
1790286303,39.64
1790286603,40.79
1790286903,35.60
1790287203,34.95
1790287503,40.14
1790287803,39.94
1790288102,40.16
1790288403,35.35
1790288703,30.22
1790289002,37.85
1790289302,39.13
1790289603,40.57
1790289903,40.85
1790290203,36.97
1790290502,35.35
1790290802,33.19
1790291103,39.87
1790291403,35.55
1790291703,30.72
1790292003,38.39
1790292303,40.57
1790292603,40.74
1790292903,41.00
1790293203,39.80
1790293503,39.22
1790293803,37.50
1790294103,40.75
1790294403,41.38
1790294712,41.11
1790295003,41.19
1790295303,41.04
1790295603,35.94
1790295903,40.95
1790296203,40.79
1790296502,40.89
1790296803,33.37
1790297102,40.72
1790297403,38.08
1790297703,41.05
1790298003,41.28
1790298302,39.34
1790298603,39.28
1790298903,35.01
1790299203,40.14
1790299503,40.94
1790299802,38.31
1790300102,36.15
1790300403,34.92
1790300703,30.86
1790301003,29.27
1790301303,34.44
1790301603,40.30
1790301902,41.41
1790302202,40.06
1790302502,40.99
1790302802,40.93
1790303103,39.17
1790303402,39.17
1790303703,39.74
1790304003,35.82
1790304303,34.31
1790304603,27.63
1790304903,37.51
1790305203,37.12
1790305503,32.10
1790305802,27.98
1790306102,41.38
1790306403,41.37
1790306703,40.72
1790307003,40.23
1790307303,40.05
1790307602,40.38
1790307903,40.31
1790308203,41.03
1790308503,41.22
1790308802,41.54
1790309103,41.33
1790309403,40.86
1790309703,40.92
1790310003,38.21
1790310303,32.95
1790310603,26.84
1790310903,29.01
1790311203,39.98
1790311503,38.35
1790311803,38.95
1790312102,40.10
1790312403,41.03
1790312703,22.87
1790313003,28.49
1790313302,40.81
1790313603,36.79
1790313903,39.61
1790314203,28.16
1790314503,41.53
1790314803,39.88
1790315103,39.53
1790315403,36.51
1790315702,40.47
1790316003,40.44
1790316303,40.75
1790316603,41.01
1790316903,40.95
1790317203,41.04
1790317503,39.65
1790317803,40.64
1790318103,40.52
1790318403,40.86
1790318702,39.79
1790319003,38.63
1790319303,40.90
1790319603,40.94
1790319903,41.03
1790320203,41.50
1790320503,41.22
1790320803,39.01
1790321102,34.20
1790321403,30.32
1790321703,39.85
1790322003,39.04
1790322303,39.37
1790322603,40.38
1790322903,40.71
1790323203,39.07
1790323502,34.69
1790323803,40.14
1790324103,40.50
1790324403,40.98
1790324703,40.82
1790325003,40.31
1790325303,32.74
1790325603,40.88
1790325903,40.51
1790326202,40.84
1790326503,41.08
1790326803,40.45
1790327102,37.10
1790327403,39.92
1790327703,40.06
1790328003,41.01
1790328303,40.47
1790328603,41.19
1790328902,41.00
1790329203,36.98
1790329503,40.44
1790329802,40.37
1790330102,39.27
1790330403,34.30
1790330703,39.84
1790331003,39.48
1790331303,40.33
1790331603,40.16
1790331903,40.89
1790332203,41.05
1790332503,39.25
1790332803,36.71
1790333103,40.71
1790333403,41.08
1790333703,40.50
1790334003,41.52
1790334303,37.07
1790334603,41.23
1790334903,41.04
1790335203,39.60
1790335503,32.93
1790335803,29.21
1790336102,40.70
1790336403,40.45
1790336703,40.90
1790337002,41.07
1790337303,41.07
1790337603,39.79
1790337903,39.58
1790338203,34.29
1790338503,41.01
1790338802,41.06
1790339102,41.50
1790339403,40.90
1790339702,40.90
1790340003,41.22
1790340302,41.01
1790340603,40.75
1790340903,41.12
1790341202,40.63
1790341503,33.70
1790341803,41.53
1790342103,40.75
1790342403,37.64
1790342703,40.52
1790343003,41.17
1790343303,40.90
1790343602,41.47
1790343903,34.66
1790344203,40.80
1790344503,39.21
1790344803,35.08
1790345104,40.10
1790345402,38.42
1790345702,34.36
1790346003,39.79
1790346303,40.97
1790346603,37.69
1790346902,22.57
1790347202,21.39
1790347503,21.26
1790347803,21.40
1790348103,21.58
1790348403,21.47
1790348703,21.42
1790349004,21.32
1790349303,21.87
1790349603,21.50
1790349903,21.67
1790350203,21.12
1790350502,21.20
1790350802,21.22
1790351103,21.32
1790351402,21.07
1790351703,21.64
1790352003,21.40
1790352303,21.18
1790352603,21.27
1790352903,21.18
1790353202,21.26
1790353502,21.19
1790353802,21.29
1790354103,21.09
1790354403,21.46
1790354703,21.30
1790355003,21.59
1790355303,21.31
1790355603,21.20
1790355903,21.31
1790356203,21.44
1790356502,21.42
1790356802,21.46
1790357102,4.44
1790357403,18.98
1790357702,21.21
1790358003,21.27
1790358302,21.38
1790358602,21.35
1790358902,21.29
1790359203,21.83
1790359503,21.24
1790359803,21.19
1790360103,21.04
1790360403,21.35
1790360703,21.36
1790361002,21.49
1790361302,21.18
1790361603,21.38
1790361903,21.47
1790362202,21.25
1790362502,21.16
1790362803,21.34
1790363103,21.39
1790363403,21.28
1790363703,21.21
1790364003,21.07
1790364303,21.03
1790364603,21.16
1790364902,21.09
1790365202,21.07
1790365502,21.10
1790365803,21.16
1790366102,21.02
1790366402,21.01
1790366703,21.07
1790367002,21.01
1790367302,21.27
1790367602,21.01
1790367902,21.08
1790368202,21.36
1790368503,21.08
1790368802,21.41
1790369103,21.13
1790369403,21.14
1790369702,21.04
1790370003,21.00
1790370302,21.13
1790370602,21.09
1790370903,21.06
1790371203,21.11
1790371502,21.01
1790371803,21.02
1790372102,21.03
1790372403,21.05
1790372702,21.02
1790373002,21.14
1790373303,21.11
1790373603,21.61
1790373903,21.17
1790374202,21.00
1790374503,21.11
1790374803,21.02
1790375103,21.13
1790375403,21.02
1790375703,21.04
1790376003,21.03
1790376302,21.20
1790376603,21.06
1790376903,21.01
1790377203,21.15
1790377503,21.14
1790377802,21.01
1790378103,21.05
1790378403,21.43
1790378703,21.43
1790379003,21.09
1790379303,21.12
1790379603,21.08
1790379903,21.00
1790380203,21.14
1790380502,21.02
1790380802,21.09
1790381103,21.09
1790381403,21.03
1790381703,21.06
1790382003,21.00
1790382303,21.19
1790382603,21.02
1790382903,21.03
1790383204,21.37
1790383503,21.43
1790383803,21.32
1790384103,21.10
1790384403,21.12
1790384702,21.08
1790385003,21.07
1790385303,21.04
1790385603,21.04
1790385903,21.11
1790386203,21.07
1790386502,21.01
1790386803,21.02
1790387102,21.01
1790387402,21.07
1790387703,21.02
1790388003,21.08
1790388303,21.27
1790388602,20.56
1790388902,20.17
1790389203,20.00
1790389503,20.07
1790389803,20.01
1790390104,20.04
1790390403,20.00
1790390703,20.05
1790391003,20.03
1790391303,20.13
1790391603,20.01
1790391903,20.14
1790392203,20.01
1790392502,20.02
1790392802,20.04
1790393102,20.00
1790393403,20.75
1790393703,20.46
1790394003,20.07
1790394303,20.00
1790394602,20.07
1790394903,20.01
1790395202,20.23
1790395503,20.19
1790395802,20.07
1790396102,20.04
1790396402,20.00
1790396703,20.18
1790397003,20.09
1790397302,20.11
1790397603,20.01
1790397903,20.03
1790398203,20.34
1790398503,20.57
1790398803,20.26
1790399103,20.05
1790399403,20.11
1790399703,20.06
1790400003,20.01
1790400303,20.09
1790400603,20.10
1790400902,20.08
1790401203,20.15
1790401503,20.00
1790401803,20.03
1790402103,20.10
1790402403,20.13
1790402703,20.00
1790403003,20.17
1790403303,2.18
1790403603,18.85
1790403902,20.01
1790404202,20.00
1790404502,20.03
1790404803,20.00
1790405103,20.20
1790405403,20.01
1790405703,20.06
1790406003,20.02
1790406302,20.00
1790406602,20.02
1790406902,20.08
1790407203,20.07
1790407503,20.10
1790407803,20.10
1790408103,20.40
1790408403,20.18
1790408702,20.41
1790409002,20.11
1790409303,20.10
1790409603,20.00
1790409903,20.02
1790410202,20.01
1790410503,20.06
1790410803,20.00
1790411103,20.11
1790411402,20.09
1790411703,20.06
1790412003,20.02
1790412303,20.28
1790412603,20.02
1790412902,20.00
1790413202,20.51
1790413503,20.27
1790413802,20.14
1790414102,20.00
1790414402,20.05
1790414703,20.02
1790415003,20.05
1790415302,20.05
1790415603,20.07
1790415903,20.03
1790416203,20.04
1790416502,20.04
1790416803,20.03
1790417102,20.12
1790417403,20.02
1790417702,20.15
1790418002,20.54
1790418303,20.64
1790418603,20.12
1790418903,20.09
1790419203,20.02
1790419503,20.08
1790419803,20.03
1790420102,20.02
1790420403,20.05
1790420703,20.09
1790421002,20.11
1790421302,20.02
1790421602,20.07
1790421902,20.07
1790422205,20.10
1790422503,20.02
1790422802,20.02
1790423102,20.30
1790423403,20.36
1790423702,20.29
1790424003,20.09
1790424303,20.04
1790424603,20.04
1790424903,20.07
1790425203,20.02
1790425503,20.37
1790425803,20.03
1790426103,20.00
1790426403,20.17
1790426703,20.07
1790427003,20.09
1790427303,20.20
1790427603,20.29
1790427903,20.04
1790428203,20.45
1790428502,20.11
1790428803,20.02
1790429103,20.05
1790429403,20.03
1790429702,20.04
1790430006,20.10
1790430303,20.06
1790430603,20.03
1790430902,20.08
1790431203,20.04
1790431503,20.10
1790431803,20.02
1790432103,20.00
1790432402,20.10
1790432703,20.09
1790433003,20.04
1790433302,20.26
1790433603,20.07
1790433903,20.05
1790434203,20.09
1790434503,4.47
1790434802,0.04
1790435102,0.09
1790435402,0.02
1790435703,0.01
1790436002,0.08
1790436303,0.09
1790436603,0.02
1790436903,0.00
1790437203,0.04
1790437503,0.01
1790437803,0.00
1790438102,0.10
1790438402,0.01
1790438702,0.08
1790439003,0.06
1790439302,0.02
1790439602,0.01
1790439903,0.08
1790440203,0.03
1790440503,0.01
1790440803,0.04
1790441103,0.04
1790441403,0.02
1790441702,0.01
1790442002,0.05
1790442303,0.03
1790442603,0.01
1790442902,0.07
1790443203,0.02
1790443502,0.00
1790443803,0.00
1790444103,0.03
1790444403,0.01
1790444703,0.08
1790445002,0.10
1790445303,0.08
1790445603,0.00
1790445903,0.10
1790446203,0.03
1790446503,0.01
1790446803,0.00
1790447103,0.10
1790447403,0.06
1790447702,0.00
1790448003,0.03
1790448303,0.09
1790448603,0.01
1790448903,0.04
1790449202,0.09
1790449503,0.00
1790449802,0.06
1790450103,0.00
1790450403,0.00
1790450703,0.06
1790451003,0.02
1790451303,0.06
1790451603,0.00
1790451902,0.03
1790452203,0.00
1790452503,0.00
1790452803,0.04
1790453103,0.01
1790453403,0.01
1790453703,0.47
1790454003,0.02
1790454303,0.02
1790454603,0.01
1790454903,0.07
1790455202,0.06
1790455502,0.00
1790455803,0.10
1790456103,0.05
1790456403,0.16
1790456702,0.06
1790457003,0.00
1790457303,0.05
1790457602,0.16
1790457902,0.05
1790458203,0.00
1790458503,0.02
1790458803,0.04
1790459103,0.06
1790459402,0.01
1790459703,0.10
1790460003,0.01
1790460303,0.00
1790460603,0.07
1790460903,0.04
1790461203,0.02
1790461503,0.00
1790461803,0.03
1790462103,0.00
1790462402,0.01
1790462702,0.05
1790463003,0.01
1790463303,0.00
1790463603,0.13
1790463902,0.02
1790464203,0.01
1790464503,0.24
1790464803,0.03
1790465102,0.01
1790465403,0.00
1790465702,0.00
1790466003,0.02
1790466303,0.00
1790466603,0.04
1790466902,0.01
1790467203,0.01
1790467503,0.18
1790467803,0.05
1790468102,0.00
1790468403,0.08
1790468702,0.02
1790469003,0.01
1790469303,0.00
1790469602,0.16
1790469903,0.01
1790470202,0.00
1790470503,0.13
1790470814,0.10
1790471103,0.05
1790471402,0.00
1790471703,0.19
1790472002,0.02
1790472303,0.10
1790472603,0.11
1790472903,0.03
1790473203,0.05
1790473503,0.04
1790473803,0.02
1790474102,0.00
1790474403,0.14
1790474703,0.07
1790475003,0.01
1790475303,0.00
1790475604,0.10
1790475902,0.01
1790476203,0.00
1790476503,0.04
1790476803,0.02
1790477102,0.00
1790477402,0.06
1790477704,0.10
1790478003,0.00
1790478303,0.02
1790478604,0.02
1790478902,0.01
1790479202,0.00
1790479502,0.04
1790479803,0.02
1790480102,0.00
1790480403,0.08
1790480702,0.02
1790481003,0.00
1790481303,0.07
1790481602,0.02
1790481903,0.01
1790482203,0.00
1790482503,0.03
1790482802,0.01
1790483103,0.02
1790483403,0.19
1790483703,0.06
1790484002,0.00
1790484303,0.07
1790484603,0.04
1790484903,0.00
1790485203,0.01
1790485503,0.00
1790485803,0.01
1790486102,0.00
1790486402,0.03
1790486703,0.04
1790487002,0.00
1790487303,0.06
1790487602,0.39
1790487902,0.01
1790488203,0.06
1790488502,0.01
1790488802,0.01
1790489102,0.08
1790489402,0.08
1790489703,0.01
1790490002,0.00
1790490303,0.03
1790490603,0.01
1790490903,0.02
1790491203,0.11
1790491503,0.02
1790491802,0.00
1790492103,0.04
1790492403,0.02
1790492702,0.08
1790493003,0.22
1790493302,0.04
1790493603,0.03
1790493903,0.13
1790494203,0.05
1790494503,0.07
1790494803,0.03
1790495103,0.04
1790495403,0.01
1790495703,0.00
1790496003,0.08
1790496302,0.02
1790496603,0.08
1790496903,0.07
1790497202,0.02
1790497502,0.02
1790497803,0.08
1790498103,0.03
1790498403,0.06
1790498703,0.11
1790499003,0.00
1790499302,0.01
1790499602,0.00
1790499903,0.05
1790500203,0.01
1790500503,0.01
1790500802,0.12
1790501103,0.03
1790501403,0.00
1790501704,0.07
1790502003,0.04
1790502303,0.02
1790502603,0.00
1790502903,0.03
1790503203,0.00
1790503503,0.02
1790503803,0.04
1790504103,0.05
1790504403,0.00
1790504703,0.07
1790505003,0.01
1790505303,0.01
1790505602,0.19
1790505903,0.10
1790506203,0.00
1790506502,0.09
1790506803,0.02
1790507103,0.03
1790507403,0.00
1790507702,0.03
1790508003,0.01
1790508303,0.03
1790508603,0.09
1790508903,0.02
1790509203,0.00
1790509503,0.16
1790509803,0.02
1790510102,0.01
1790510403,0.16
1790510703,0.21
1790511003,0.01
1790511303,0.00
1790511603,0.03
1790511903,0.01
1790512202,0.00
1790512503,0.04
1790512803,0.02
1790513102,0.00
1790513403,0.05
1790513703,0.01
1790514002,0.00
1790514303,0.20
1790514603,0.02
1790514904,0.00
1790515203,0.08
1790515503,0.02
1790515803,0.04
1790516103,0.00
1790516403,0.03
1790516702,0.03
1790517002,0.00
1790517302,0.09
1790517603,0.01
1790517903,0.06
1790518202,0.05
1790518503,0.03
1790518803,0.09
1790519103,0.06
1790519403,0.12
1790519727,0.00
1790520015,0.13
1790520313,0.02
1790520614,0.08
1790520921,0.06
1790521216,0.04
1790521515,0.07
1790521816,0.10
1790522115,0.10
1790522403,0.02
1790522702,0.16
1790523003,0.05
1790523303,0.01
1790523603,0.00
1790523902,0.09
1790524203,0.00
1790524502,0.01
1790524803,0.16
1790525103,0.11
1790525403,0.02
1790525702,0.00
1790526002,0.16
1790526302,0.08
1790526602,0.08
1790526903,0.12
1790527203,0.02
1790527503,0.07
1790527802,0.00
1790528103,0.09
1790528402,0.00
1790528703,0.01
1790529003,0.00
1790529303,0.01
1790529603,0.08
1790529903,0.09
1790530202,0.02
1790530502,0.00
1790530802,0.00
1790531103,0.05
1790531403,0.01
1790531703,0.08
1790532003,0.04
1790532302,0.08
1790532603,0.00
1790532902,0.04
1790533203,0.03
1790533503,0.03
1790533803,0.12
1790534103,0.02
1790534402,0.00
1790534703,0.07
1790535002,0.02
1790535302,0.01
1790535603,0.02
1790535903,0.07
1790536203,0.01
1790536502,0.00
1790536802,0.06
1790537103,0.03
1790537403,0.01
1790537702,0.07
1790538003,0.02
1790538303,0.00
1790538603,0.00
1790538902,0.03
1790539203,0.01
1790539503,0.04
1790539802,0.04
1790540103,0.01
1790540402,0.00
1790540703,0.09
1790541003,0.02
1790541302,0.01
1790541602,0.20
1790541903,0.08
1790542203,0.00
1790542503,0.00
1790542803,0.02
1790543102,0.13
1790543403,0.08
1790543703,0.04
1790544002,0.01
1790544303,0.05
1790544603,0.04
1790544902,0.09
1790545203,0.01
1790545503,0.06
1790545803,0.02
1790546103,0.00
1790546403,0.24
1790546702,0.02
1790547003,0.01
1790547303,0.06
1790547603,0.21
1790547903,0.02
1790548204,0.00
1790548503,0.04
1790548802,0.09
1790549103,0.00
1790549403,0.23
1790549702,0.06
1790550003,0.09
1790550303,0.16
1790550603,0.44
1790550902,0.12
1790551202,0.03
1790551502,0.04
1790551803,0.01
1790552103,0.00
1790552402,0.16
1790552703,0.01
1790553002,0.00
1790553303,0.16
1790553602,0.04
1790553903,0.00
1790554203,0.00
1790554503,0.07
1790554803,0.01
1790555102,0.00
1790555403,0.04
1790555702,0.01
1790556003,0.01
1790556302,0.07
1790556603,0.04
1790556902,0.04
1790557203,0.01
1790557503,0.03
1790557803,0.01
1790558103,0.00
1790558402,0.05
1790558703,0.03
1790559002,0.00
1790559302,0.06
1790559603,0.08
1790559903,0.00
1790560203,0.02
1790560503,0.05
1790560803,0.00
1790561102,0.02
1790561403,0.04
1790561703,0.01
1790562003,0.08
1790562303,0.14
1790562603,0.01
1790562902,0.08
1790563202,0.07
1790563503,0.02
1790563803,0.00
1790564102,0.00
1790564403,0.03
1790564703,0.01
1790565003,0.00
1790565303,0.09
1790565603,0.08
1790565903,0.02
1790566202,0.06
1790566503,0.06
1790566803,0.00
1790567103,0.07
1790567403,0.16
1790567702,0.06
1790568003,0.57
1790568303,0.03
1790568602,0.01
1790568903,0.00
1790569203,0.04
1790569502,0.01
1790569802,0.00
1790570103,0.07
1790570402,0.13
1790570703,0.00
1790571003,0.00
1790571303,0.03
1790571602,0.01
1790571903,0.09
1790572203,0.04
1790572503,0.01
1790572803,0.00
1790573103,0.10
1790573403,0.12
1790573703,0.07
1790574002,0.23
1790574302,0.07
1790574603,0.00
1790574903,0.07
1790575202,0.03
1790575503,0.01
1790575803,0.00
1790576103,0.12
1790576403,0.01
1790576703,0.00
1790577002,0.06
1790577301,0.12
1790577602,0.09
1790577901,0.08
1790580570,0.48
1790580603,0.27
1790580903,0.32
1790581203,0.25
1790581502,0.03
1790581803,0.00
1790582103,2.32
1790582402,5.93
1790582703,7.48
1790583003,6.07
1790583303,6.93
1790583603,7.30
1790583903,7.07
1790584203,24.80
1790584916,0.34
1790585102,0.06
1790585403,0.08
1790585703,0.07
1790586003,0.11
1790586303,0.49
1790586602,0.03
1790586902,20.17
1790587202,22.03
1790587502,26.29
1790587803,26.59
1790588103,21.49
1790588403,7.78
1790588703,8.61
1790589004,7.28
1790589303,7.90
1790589604,12.36
1790589904,16.30
1790590204,17.04
1790590504,15.40
1790590804,15.25
1790591104,12.99
1790591404,27.45
1790591704,36.08
1790592004,30.51
1790592302,35.26
1790592605,36.09
1790592904,32.83
1790593204,34.50
1790593503,30.33
1790593804,30.29
1790594103,30.63
1790594404,35.99
1790594704,35.76
1790595004,31.43
1790595304,36.11
1790595604,35.95
1790595904,36.33
1790596204,34.18
1790596504,34.57
1790596805,29.69
1790597104,35.50
1790597404,36.38
1790597703,29.95
1790598003,35.66
1790598304,33.75
1790598603,36.38
1790598906,36.34
1790599205,34.84
1790599505,30.44
1790599804,33.46
1790600104,35.65
1790600404,30.63
1790600703,34.86
1790601004,32.62
1790601303,36.35
1790601603,36.33
1790601904,34.75
1790602205,31.18
1790602504,32.63
1790602805,36.37
1790603103,30.24
1790603403,32.18
1790603702,35.01
1790604003,36.25
1790604303,36.20
1790604603,33.62
1790604903,36.02
1790605204,32.40
1790605503,36.21
1790605803,30.13
1790606103,33.63
1790606403,33.58
1790606703,36.28
1790607003,36.48
1790607303,34.64
1790607603,36.05
1790607903,30.13
1790608203,36.06
1790608503,31.10
1790608803,32.93
1790609103,35.19
1790609403,36.12
1790609703,36.39
1790610003,35.18
1790610304,35.75
1790610603,30.17
1790610904,36.03
1790611203,33.36
1790611502,33.73
1790611803,36.08
1790612104,35.92
1790612403,36.43
1790612703,35.94
1790613003,35.53
1790613303,30.62
1790613603,35.88
1790613903,36.28
1790614202,29.77
1790614503,35.08
1790614804,35.94
1790615103,36.18
1790615403,35.77
1790615703,34.06
1790616003,29.83
1790616303,35.61
1790616603,36.47
1790616903,30.16
1790617203,28.10
1790617503,25.14
1790617803,28.25
1790618103,28.19
1790618403,28.65
1790618703,27.68
1790619003,20.57
1790619303,20.18
1790619604,20.13
1790619903,20.19
1790620204,20.57
1790620503,20.07
1790620803,20.49
1790621103,20.02
1790621403,20.16
1790621703,20.23
1790622003,20.15
1790622304,20.16
1790622603,20.06
1790622902,20.32
1790623202,20.17
1790623503,20.15
1790623804,20.07
1790624103,20.34
1790624403,20.12
1790624703,20.50
1790625003,20.47
1790625303,20.48
1790625604,20.41
1790625902,20.13
1790626202,20.46
1790626503,20.10
1790626803,20.41
1790627103,20.51
1790627403,20.16
1790627703,20.04
1790628003,20.35
1790628303,20.23
1790628603,20.20
1790628903,20.16
1790629204,20.03
1790629502,20.31
1790629802,20.14
1790630103,20.18
1790630402,20.33
1790630702,20.08
1790631002,20.17
1790631303,20.25
1790631602,20.04
1790631903,20.09
1790632203,20.12
1790632503,20.40
1790632804,20.16
1790633103,20.57
1790633402,20.39
1790633703,20.13
1790634003,20.25
1790634303,20.20
1790634603,20.08
1790634903,20.19
1790635203,20.19
1790635503,20.34
1790635803,20.13
1790636102,20.30
1790636402,20.37
1790636703,20.11
1790637003,20.10
1790637303,20.16
1790637603,20.17
1790637902,20.08
1790638203,20.32
1790638503,20.39
1790638803,20.29
1790639103,20.13
1790639403,20.98
1790639703,20.24
1790640002,20.38
1790640303,20.39
1790640602,20.29
1790640903,20.35
1790641203,20.35
1790641503,20.34
1790641802,20.14
1790642103,20.31
1790642403,20.33
1790642703,20.15
1790643003,20.53
1790643302,20.15
1790643602,20.14
1790643903,20.35
1790644203,20.15
1790644503,20.18
1790644803,20.45
1790645103,20.18
1790645403,20.25
1790645702,20.19
1790646003,20.24
1790646303,20.19
1790646602,20.78
1790646902,20.17
1790647202,20.73
1790647503,21.36
1790647803,21.24
1790648102,21.20
1790648403,21.12
1790648702,21.35
1790649003,21.31
1790649303,21.53
1790649603,21.46
1790649903,21.73
1790650202,21.23
1790650503,21.26
1790650803,21.31
1790651103,21.66
1790651403,21.16
1790651702,21.15
1790652003,21.33
1790652303,21.09
1790652602,21.14
1790652902,21.12
1790653202,21.38
1790653503,21.58
1790653803,21.30
1790654103,21.44
1790654403,21.55
1790654703,21.34
1790655003,21.19
1790655303,21.36
1790655603,21.21
1790655903,21.31
1790656203,20.19
1790656502,20.17
1790656803,20.23
1790657103,20.34
1790657402,20.08
1790657702,20.11
1790658003,20.43
1790658303,20.67
1790658602,20.32
1790658903,20.27
1790659203,20.52
1790659503,3.16
1790659803,18.30
1790660103,20.06
1790660403,21.81
1790660703,20.16
1790661003,20.20
1790661303,20.16
1790661602,20.22
1790661902,20.41
1790662203,20.46
1790662503,20.25
1790662803,20.34
1790663103,20.28
1790663403,20.42
1790663703,20.38
1790664003,20.15
1790664303,20.58
1790664603,20.13
1790664904,20.36
1790665204,20.57
1790665503,20.23
1790665803,20.10
1790666102,20.41
1790666402,20.37
1790666703,20.23
1790667003,11.42
1790667303,1.35
1790667603,13.52
1790667903,20.07
1790668203,20.53
1790668503,20.42
1790668803,20.06
1790669102,20.46
1790669402,28.01
1790669703,27.99
1790670003,28.11
1790670302,26.22
1790670603,26.09
1790670903,28.07
1790671203,28.06
1790671503,28.36
1790671803,26.76
1790672103,34.20
1790672403,34.99
1790672703,30.53
1790673003,36.28
1790673303,35.53
1790673603,36.14
1790673903,34.98
1790674203,35.43
1790674502,33.73
1790674803,33.56
1790675102,35.40
1790675403,35.84
1790675703,35.24
1790676003,30.28
1790676303,33.49
1790676602,34.80
1790676903,35.20
1790677203,34.64
1790677503,34.21
1790677804,27.98
1790678103,34.30
1790678403,36.71
1790678703,32.96
1790679003,33.41
1790679303,33.70
1790679604,33.58
1790679903,34.94
1790680203,36.24
1790680503,32.13
1790680803,26.90
1790681102,35.05
1790681403,34.88
1790681703,33.97
1790682003,35.86
1790682303,29.80
1790682603,35.01
1790682903,36.35
1790683203,34.36
1790683503,35.76
1790683803,30.78
1790684103,32.29
1790684403,35.10
1790684703,36.57
1790685003,34.01
1790685302,31.40
1790685603,32.56
1790685903,35.64
1790686203,36.99
1790686503,36.16
1790686802,34.39
1790687103,28.32
1790687404,34.90
1790687704,35.13
1790688003,35.42
1790688303,35.97
1790688603,32.23
1790688903,35.50
1790689203,35.96
1790689504,33.44
1790689802,36.14
1790690103,30.15
1790690403,29.60
1790690703,32.37
1790691003,30.22
1790691303,32.05
1790691603,29.18
1790691903,32.90
1790692203,33.46
1790692503,36.30
1790692803,30.17
1790693102,26.80
1790693403,29.20
1790693705,31.42
1790694008,30.08
1790694303,34.83
1790694603,34.81
1790694903,33.47
1790695203,32.25
1790695503,30.30
1790695804,30.75
1790696102,24.17
1790696403,32.32
1790696703,35.76
1790697003,35.37
1790697303,35.85
1790697603,35.58
1790697903,29.37
1790698202,30.94
1790698503,32.00
1790698803,30.13
1790699103,27.72
1790699403,32.61
1790699703,35.39
1790700003,35.54
1790700303,36.01
1790700602,30.71
1790700903,31.49
1790701203,30.07
1790701503,32.04
1790701803,30.15
1790702103,34.02
1790702403,28.75
1790702702,32.66
1790703003,30.02
1790703303,33.89
1790703603,32.56
1790703903,29.59
1790704203,25.27
1790704503,28.91
1790704803,25.11
1790705102,34.80
1790705403,35.51
1790705703,29.88
1790706003,28.42
1790706303,29.55
1790706603,6.73
1790706903,33.33
1790707203,34.16
1790707503,34.79
1790707803,30.02
1790708103,35.57
1790708403,29.32
1790708703,25.50
1790709003,28.29
1790709303,29.98
1790709603,28.77
1790709903,32.65
1790710203,35.52
1790710503,29.66
1790710803,25.88
1790711102,28.90
1790711402,30.15
1790711703,25.70
1790712003,34.78
1790712303,34.75
1790712604,29.14
1790712903,25.92
1790713203,26.10
1790713503,27.42
1790713803,29.25
1790714103,27.30
1790714403,23.77
1790714703,26.82
1790715003,23.32
1790715303,27.13
1790715603,26.50
1790715903,27.31
1790716203,25.16
1790716503,25.76
1790716803,26.24
1790717103,25.62
1790717403,27.22
1790717703,27.04
1790718003,23.68
1790718303,27.55
1790718603,27.01
1790718903,21.54
1790719203,27.50
1790719503,27.75
1790719803,22.00
1790720103,25.99
1790720403,27.44
1790720703,21.79
1790721003,27.16
1790721303,27.48
1790721603,22.41
1790721903,27.70
1790722203,27.35
1790722503,23.56
1790722804,26.94
1790723103,23.57
1790723404,26.16
1790723703,27.17
1790724003,23.41
1790724303,27.03
1790724602,22.11
1790724902,26.83
1790725202,24.04
1790725503,26.70
1790725802,27.61
1790726103,21.96
1790726403,25.95
1790726702,22.31
1790727003,27.11
1790727303,26.05
1790727603,22.66
1790727903,26.62
1790728203,21.99
1790728502,27.50
1790728803,26.86
1790729103,23.77
1790729402,26.77
1790729703,22.19
1790730003,26.67
1790730303,24.91
1790730602,25.62
1790730903,24.22
1790731203,26.35
1790731503,22.43
1790731802,26.35
1790732103,24.68
1790732403,22.24
1790732703,26.10
1790733002,22.54
1790733303,26.42
1790733603,22.33
1790733903,27.20
1790734203,22.73
1790734503,27.62
1790734803,23.03
1790735103,26.79
1790735403,21.76
1790735703,26.55
1790736004,22.86
1790736303,26.57
1790736602,21.49
1790736902,25.20
1790737203,25.68
1790737503,22.46
1790737803,22.11
1790738103,23.79
1790738403,25.65
1790738703,21.65
1790739003,27.02
1790739303,22.31
1790739603,24.20
1790739902,25.13
1790740203,22.43
1790740503,26.53
1790740802,22.15
1790741103,25.45
1790741402,25.42
1790741703,22.34
1790742002,26.99
1790742302,24.70
1790742603,24.92
1790742903,25.46
1790743203,25.02
1790743503,22.23
1790743803,26.33
1790744103,25.43
1790744403,21.90
1790744703,25.99
1790745003,21.71
1790745303,23.81
1790745603,25.20
1790745903,22.44
1790746203,25.93
1790746503,24.62
1790746803,22.45
1790747102,24.68
1790747402,25.68
1790747702,21.73
1790748002,22.63
1790748303,25.55
1790748603,26.31
1790748903,21.88
1790749203,26.86
1790749503,23.07
1790749803,23.89
1790750103,25.92
1790750403,22.09
1790750703,26.18
1790751003,25.13
1790751303,22.00
1790751602,26.04
1790751902,24.70
1790752203,27.95
1790752503,5.23
1790752803,28.02
1790753103,28.17
1790753403,28.15
1790753702,26.70
1790754002,28.15
1790754302,28.26
1790754603,28.15
1790754903,28.45
1790755203,27.22
1790755503,28.14
1790755803,28.14
1790756103,28.25
1790756403,27.09
1790756702,28.12
1790757002,28.06
1790757303,28.23
1790757603,28.18
1790757902,21.58
1790758202,27.95
1790758502,28.33
1790758802,28.14
1790759103,28.08
1790759403,21.89
1790759703,27.40
1790760003,28.18
1790760303,28.12
1790760603,27.82
1790760903,25.56
1790761203,28.35
1790761503,28.26
1790761803,27.68
1790762103,22.91
1790762403,26.73
1790762702,28.11
1790763003,28.18
1790763303,28.19
1790763603,27.84
1790763903,27.10
1790764203,28.38
1790764503,28.22
1790764803,28.32
1790765103,22.06
1790765402,23.80
1790765703,28.12
1790766003,28.15
1790766303,28.33
1790766603,25.53
1790766903,27.99
1790767203,28.30
1790767503,28.15
1790767803,28.38
1790768103,22.30
1790768403,26.27
1790768703,28.21
1790769003,28.07
1790769303,28.17
1790769603,27.04
1790769903,27.94
1790770203,28.21
1790770502,28.09
1790770803,27.95
1790771103,22.11
1790771402,27.53
1790771703,28.14
1790772003,28.05
1790772303,28.05
1790772603,27.10
1790772903,28.49
1790773203,28.14
1790773503,28.50
1790773803,21.69
1790774102,27.08
1790774403,28.20
1790774702,28.20
1790775002,28.12
1790775302,24.56
1790775603,27.98
1790775903,28.20
1790776203,28.25
1790776503,24.58
1790776803,25.38
1790777102,27.93
1790777403,28.13
1790777703,28.24
1790778003,27.77
1790778303,27.68
1790778603,28.44
1790778903,28.09
1790779203,28.01
1790779503,22.22
1790779803,26.46
1790780103,28.12
1790780403,28.22
1790780703,28.22
1790781003,25.90
1790781303,27.85
1790781603,28.12
1790781903,28.32
1790782203,27.69
1790782503,21.32
1790782803,26.07
1790783102,26.72
1790783402,26.64
1790783702,27.34
1790784003,26.87
1790784303,26.30
1790784602,27.43
1790784903,22.69
1790785202,27.56
1790785502,26.31
1790785803,22.06
1790786102,25.68
1790786403,27.74
1790786703,22.25
1790787003,27.50
1790787302,25.94
1790787602,27.49
1790787903,25.13
1790788202,26.19
1790788503,28.00
1790788802,23.14
1790789103,27.48
1790789403,26.51
1790789703,27.18
1790790003,25.06
1790790303,27.86
1790790603,26.70
1790790902,21.91
1790791203,26.06
1790791503,27.66
1790791803,22.65
1790792103,27.04
1790792403,8.66
1790792703,21.48
1790793003,25.55
1790793303,26.47
1790793603,27.57
1790793903,27.65
1790794203,22.38
1790794503,27.63
1790794802,22.38
1790795103,27.69
1790795403,26.34
1790795703,24.18
1790796002,26.49
1790796303,26.51
1790796603,24.76
1790796903,26.84
1790797202,26.84
1790797502,26.05
1790797803,26.30
1790798103,25.66
1790798403,27.91
1790798703,24.55
1790799003,26.59
1790799303,27.73
1790799602,24.24
1790799902,27.76
1790800202,26.46
1790800503,22.11
1790800802,26.42
1790801103,27.51
1790801403,22.17
1790801703,26.99
1790802003,27.37
1790802303,24.33
1790802603,26.29
1790802903,25.31
1790803203,26.11
1790803503,27.03
1790803803,24.78
1790804103,26.16
1790804403,22.14
1790804702,26.44
1790805002,27.41
1790805302,25.20
1790805602,27.99
1790805902,22.20
1790806203,27.68
1790806503,24.05
1790806802,26.92
1790807103,27.05
1790807403,22.06
1790807703,26.05
1790808002,22.82
1790808303,27.07
1790808602,25.86
1790808903,21.73
1790809203,26.15
1790809503,23.23
1790809803,27.36
1790810102,27.21
1790810403,21.20
1790810703,25.36
1790811003,26.01
1790811302,26.67
1790811603,25.14
1790811903,22.48
1790812202,24.63
1790812503,25.97
1790812802,24.92
1790813103,26.53
1790813402,26.32
1790813703,25.93
1790814003,24.54
1790814303,26.16
1790814602,27.30
1790814903,25.59
1790815203,26.72
1790815503,25.08
1790815803,26.16
1790816103,23.61
1790816403,25.68
1790816703,21.19
1790817002,28.08
1790817303,28.08
1790817603,28.20
1790817902,26.17
1790818202,26.60
1790818503,22.04
1790818803,22.08
1790819102,23.51
1790819403,25.26
1790819702,22.20
1790820003,26.67
1790820302,22.15
1790820603,26.49
1790820902,23.51
1790821203,23.12
1790821503,25.63
1790821803,22.08
1790822103,26.74
1790822402,22.38
1790822703,24.50
1790823002,24.80
1790823303,23.24
1790823602,22.90
1790823902,25.13
1790824203,25.53
1790824502,23.02
1790824803,22.60
1790825103,26.08
1790825403,22.16
1790825702,25.97
1790826003,25.16
1790826302,22.54
1790826603,25.34
1790826902,22.23
1790827203,23.90
1790827503,25.06
1790827803,21.67
1790828103,24.57
1790828403,25.25
1790828703,22.17
1790829002,22.81
1790829303,25.82
1790829603,25.40
1790829903,22.23
1790830203,26.74
1790830502,23.10
1790830803,23.13
1790831102,26.33
1790831403,21.77
1790831703,26.89
1790832002,25.83
1790832303,21.87
1790832602,26.51
1790832903,21.43
1790833202,24.45
1790833503,26.97
1790833803,28.14
1790834103,28.29
1790834402,28.25
1790834703,26.51
1790835003,27.84
1790835303,28.24
1790835603,27.83
1790835903,26.98
1790836202,26.60
1790836502,28.17
1790836803,28.09
1790837103,28.07
1790837403,26.78
1790837703,18.09
1790838002,20.11
1790838302,28.14
1790838603,22.02
1790838902,27.53
1790839203,28.12
1790839502,28.08
1790839803,27.58
1790840103,22.04
1790840402,27.01
1790840703,28.02
1790841003,28.22
1790841303,28.18
1790841603,27.37
1790841903,28.02
1790842202,28.04
1790842503,28.10
1790842803,27.99
1790843103,21.53
1790843402,27.70
1790843703,27.98
1790844002,28.04
1790844303,27.62
1790844603,27.16
1790844903,28.29
1790845203,28.08
1790845503,24.74
1790845803,22.11
1790846103,26.61
1790846403,27.99
1790846702,28.12
1790847002,28.43
1790847303,27.76
1790847602,27.22
1790847903,28.05
1790848203,28.18
1790848502,28.23
1790848804,22.44
1790849103,26.39
1790849403,28.03
1790849703,28.27
1790850003,28.12
1790850303,25.90
1790850603,28.19
1790850902,28.27
1790851203,28.07
1790851503,27.47
1790851803,23.23
1790852103,27.32
1790852403,28.31
1790852703,28.13
1790853003,28.31
1790853302,24.52
1790853603,28.18
1790853903,28.16
1790854202,28.34
1790854503,23.19
1790854802,26.57
1790855103,28.03
1790855403,28.41
1790855702,28.20
1790856003,27.77
1790856303,26.95
1790856603,28.17
1790856903,28.18
1790857202,28.00
1790857503,22.05
1790857803,24.03
1790858103,28.17
1790858402,28.37
1790858702,28.12
1790859002,27.04
1790859302,27.74
1790859602,28.38
1790859903,28.20
1790860203,28.18
1790860503,22.05
1790860802,27.70
1790861103,28.45
1790861402,28.16
1790861703,28.14
1790862002,25.45
1790862303,28.48
1790862602,28.06
1790862903,28.07
1790863203,22.69
1790863503,23.09
1790863803,22.83
1790864102,25.96
1790864403,23.53
1790864702,24.54
1790865003,19.36
1790865303,25.36
1790865602,21.39
1790865902,25.53
1790866203,21.05
1790866503,28.16
1790866803,27.05
1790867102,27.79
1790867403,23.85
1790867702,27.65
1790868002,26.34
1790868303,22.37
1790868603,27.59
1790868903,27.82
1790869202,21.03
1790869503,25.11
1790869803,22.08
1790870103,26.35
1790870403,26.12
1790870703,21.80
1790871002,23.68
1790871302,19.66
1790871603,23.46
1790871903,25.12
1790872202,24.03
1790872502,27.04
1790872803,23.10
1790873103,27.19
1790873403,27.39
1790873703,26.39
1790874003,25.39
1790874302,25.97
1790874603,26.93
1790874903,21.80
1790875203,24.21
1790875503,20.64
1790875803,25.10
1790876102,21.28
1790876402,25.18
1790876703,20.05
1790877003,25.08
1790877303,21.02
1790877603,25.85
1790877903,23.97
1790878203,27.18
1790878503,27.70
1790878803,25.01
1790879103,26.20
1790879402,25.82
1790879703,25.05
1790880003,27.10
1790880302,26.42
1790880603,25.57
1790880902,22.36
1790881203,25.29
1790881503,20.04
1790881803,25.50
1790882103,24.50
1790882402,21.10
1790882703,24.53
1790883002,20.44
1790883303,9.40
1790883602,23.40
1790883902,22.50
1790884203,25.69
1790884503,25.38
1790884803,26.66
1790885102,27.36
1790885403,21.43
1790885703,25.42
1790886003,26.11
1790886303,25.74
1790886602,26.27
1790886902,22.27
1790887203,22.58
1790887503,25.93
1790887802,22.59
1790888103,26.24
1790888403,22.97
1790888703,26.17
1790889003,22.92
1790889303,25.50
1790889603,23.13
1790889902,25.71
1790890203,23.50
1790890503,25.87
1790890803,23.41
1790891103,26.65
1790891403,25.15
1790891703,25.20
1790892003,23.18
1790892303,25.85
1790892603,23.34
1790892902,22.26
1790893202,21.80
1790893503,26.86
1790893803,22.09
1790894103,25.00
1790894403,25.93
1790894702,22.06
1790895002,25.50
1790895303,22.23
1790895603,25.79
1790895903,24.86
1790896203,22.48
1790896502,25.78
1790896803,25.03
1790897103,25.46
1790897402,25.53
1790897702,26.89
1790898003,25.07
1790898303,23.08
1790898603,22.50
1790898902,27.00
1790899203,24.44
1790899502,22.26
1790899803,25.80
1790900103,22.04
1790900402,25.88
1790900702,24.92
1790901003,22.10
1790901302,25.97
1790901602,21.67
1790901903,24.10
1790902203,24.35
1790902503,23.34
1790902803,22.90
1790903102,24.84
1790903403,25.58
1790903703,24.30
1790904003,22.40
1790904303,25.39
1790904602,22.30
1790904903,26.25
1790905202,25.17
1790905503,22.36
1790905803,26.60
1790906102,21.89
1790906402,26.92
1790906702,25.57
1790907003,22.04
1790907303,27.42
1790907602,26.60
1790907903,22.25
1790908202,28.35
1790908503,28.43
1790908802,28.15
1790909103,28.00
1790909403,27.91
1790909703,28.16
1790910003,28.23
1790910303,28.29
1790910603,24.08
1790910902,28.14
1790911203,28.13
1790911502,28.11
1790911803,28.24
1790912102,27.62
1790912403,28.09
1790912703,28.07
1790913003,28.46
1790913303,22.57
1790913603,24.02
1790913903,28.05
1790914203,28.10
1790914503,28.02
1790914803,25.03
1790915103,25.08
1790915402,27.90
1790915702,28.17
1790916003,28.20
1790916303,27.60
1790916603,26.92
1790916903,28.21
1790917203,28.08
1790917503,28.16
1790917803,22.80
1790918103,27.79
1790918402,27.88
1790918703,28.03
1790919003,28.09
1790919303,27.67
1790919603,27.64
1790919903,28.26
1790920202,28.12
1790920503,28.16
1790920802,21.70
1790921103,27.69
1790921403,28.31
1790921702,28.32
1790922003,28.04
1790922302,25.19
1790922603,28.44
1790922903,28.28
1790923203,28.21
1790923503,25.29
1790923802,24.38
1790924103,27.90
1790924402,28.30
1790924703,28.08
1790925003,27.20
1790925303,26.55
1790925602,28.12
1790925903,28.13
1790926203,28.18
1790926502,22.16
1790926803,24.62
1790927102,28.91
1790927402,28.20
1790927703,28.33
1790928003,26.10
1790928302,12.30
1790928603,24.67
1790928903,28.14
1790929203,22.56
1790929503,25.25
1790929802,36.07
1790930103,36.11
1790930402,39.28
1790930703,39.98
1790931003,39.17
1790931302,40.36
1790931603,40.18
1790931903,40.30
1790932202,39.76
1790932503,34.14
1790932803,39.23
1790933103,40.76
1790933403,40.64
1790933703,40.40
1790934003,40.00
1790934302,38.66
1790934603,40.33
1790934902,40.15
1790935802,3.36
1790935814,2.61
1790936103,0.11
1790936402,0.01
1790936703,0.00
1790937003,0.08
1790937302,0.03
1790937602,0.01
1790937903,8.58
1790938202,13.42
1790938503,16.15
1790938803,13.69
1790939102,16.16
1790939403,16.09
1790939702,15.89
1790940002,16.20
1790940303,14.00
1790940603,16.08
1790940902,31.10
1790941203,26.13
1790941503,32.12
1790941803,32.22
1790942103,32.31
1790942403,26.68
1790942702,21.54
1790943003,20.21
1790943302,18.17
1790943603,20.46
1790943903,28.73
1790944203,28.31
1790944503,28.56
1790944803,28.45
1790945102,28.43
1790945402,28.56
1790945703,28.43
1790946003,32.27
1790946303,29.04
1790946603,29.89
1790946902,32.55
1790947203,32.45
1790947502,30.60
1790947802,28.55
1790948102,28.51
1790948403,24.78
1790948703,27.66
1790949002,24.58
1790949302,24.11
1790949603,24.37
1790949902,20.58
1790950203,20.86
1790950503,24.33
1790950803,21.96
1790951103,13.82
1790951403,20.11
1790951702,16.55
1790952003,15.00
1790952302,16.19
1790952603,13.73
1790952902,11.60
1790953202,16.25
1790953502,16.07
1790953803,16.11
1790954103,16.20
1790954403,9.82
1790954703,15.62
1790955003,16.22
1790955302,13.00
1790955603,16.23
1790955902,16.17
1790956203,11.40
1790956502,16.25
1790956803,16.23
1790957102,15.81
1790957402,15.79
1790957703,10.14
1790958003,11.35
1790958303,12.12
1790958603,9.40
1790958902,12.08
1790959202,9.79
1790959503,7.39
1790959803,12.02
1790960102,11.54
1790960403,12.19
1790960703,12.13
1790961003,6.13
1790961302,11.97
1790961602,12.07
1790961903,12.00
1790962202,11.99
1790962503,5.93
1790962803,11.49
1790963103,12.25
1790963403,10.18
1790963703,12.03
1790964003,9.00
1790964303,7.70
1790964602,9.60
1790964902,10.89
1790965203,6.22
1790965502,8.61
1790965802,10.73
1790966103,10.20
1790966403,11.00
1790966702,11.53
1790967003,10.35
1790967303,11.36
1790967602,9.54
1790967902,11.18
1790968202,8.94
1790968502,10.06
1790968802,4.91
1790969103,9.84
1790969402,7.36
1790969703,11.35
1790970002,6.85
1790970302,11.89
1790970602,8.71
1790970903,8.24
1790971202,10.14
1790971503,6.78
1790971803,11.06
1790972103,9.58
1790972402,11.29
1790972702,9.66
1790973003,11.17
1790973303,10.09
1790973603,11.35
1790973902,10.28
1790974203,11.35
1790974502,10.51
1790974803,11.63
1790975103,9.93
1790975402,9.86
1790975702,11.04
1790976003,10.38
1790976303,11.44
1790976603,8.81
1790976903,10.51
1790977203,8.75
1790977502,9.98
1790977803,10.07
1790978103,10.13
1790978403,6.63
1790978702,11.01
1790979003,5.76
1790979303,9.49
1790979603,9.76
1790979903,5.77
1790980202,10.84
1790980503,8.02
1790980802,7.89
1790981103,5.97
1790981403,1.87
1790981703,5.02
1790982003,4.16
1790982323,6.30
1790982603,3.35
1790982902,3.68
1790983203,4.04
1790983502,1.81
1790983803,4.42
1790984103,6.62
1790984402,5.05
1790984703,1.89
1790985003,3.18
1790985303,6.85
1790985603,5.21
1790985903,1.68
1790986203,4.20
1790986503,1.92
1790986803,1.98
1790987103,3.25
1790987403,1.66
1790987702,1.76
1790988003,2.17
1790988303,3.52
1790988603,5.21
1790988903,5.76
1790989203,5.37
1790989503,1.74
1790989802,4.72
1790990102,4.39
1790990402,4.82
1790990703,4.83
1790991003,5.91
1790991302,5.12
1790991603,3.63
1790991903,2.72
1790992203,1.80
1790992502,2.02
1790992803,1.83
1790993103,4.65
1790993402,3.01
1790993703,2.91
1790994003,3.32
1790994303,2.76
1790994603,3.41
1790994903,2.90
1790995203,3.19
1790995502,3.95
1790995803,5.61
1790996103,6.06
1790996403,3.28
1790996703,7.51
1790997003,9.26
1790997303,7.12
1790997603,9.50
1790997902,7.56
1790998203,9.22
1790998503,8.27
1790998803,9.06
1790999103,9.21
1790999402,4.29
1790999703,9.26
1791000003,8.70
1791000302,5.00
1791000602,9.26
1791000903,7.73
1791001202,9.22
1791001503,9.00
1791001803,3.37
1791002102,8.20
1791002403,7.83
1791002703,8.21
1791003003,7.78
1791003302,1.97
1791003603,8.00
1791003903,8.38
1791004202,7.80
1791004503,8.03
1791004803,2.26
1791005103,8.35
1791005403,7.98
1791005703,7.73
1791006003,8.38
1791006303,2.32
1791006603,7.92
1791006903,7.87
1791007202,7.80
1791007503,8.03
1791007803,1.80
1791008103,7.69
1791008403,7.98
1791008703,7.39
1791009003,8.12
1791009303,1.82
1791009603,7.67
1791009902,8.10
1791010203,7.20
1791010503,8.16
1791010803,2.35
1791011103,7.19
1791011403,7.99
1791011703,16.66
1791012002,20.08
1791012302,15.73
1791012603,14.66
1791012903,16.74
1791013203,19.46
1791013502,13.88
1791013803,14.48
1791014103,19.21
1791014402,15.03
1791014703,18.85
1791015003,15.37
1791015303,17.84
1791015603,16.34
1791015903,17.97
1791016203,17.28
1791016503,18.35
1791016803,17.54
1791017102,18.12
1791017403,19.64
1791017703,18.53
1791018002,19.34
1791018302,18.11
1791018602,19.09
1791018903,15.92
1791019203,17.06
1791019503,19.04
1791019803,13.94
1791020102,15.20
1791020403,18.85
1791020703,14.49
1791021003,19.06
1791021303,14.30
1791021603,18.46
1791021902,14.34
1791022203,18.64
1791022503,14.06
1791022803,19.03
1791023102,13.91
1791023403,18.61
1791023702,9.53
1791024003,12.51
1791024302,7.94
1791024603,13.30
1791024902,7.21
1791025203,10.48
1791025503,13.28
1791025803,8.47
1791026103,7.81
1791026403,12.18
1791026702,11.23
1791027003,7.77
1791027302,12.62
1791027603,11.47
1791027903,8.09
1791028203,12.52
1791028503,10.73
1791028802,8.77
1791029102,12.93
1791029403,9.37
1791029702,9.94
1791030002,9.96
1791030303,12.03
1791030603,9.78
1791030902,9.89
1791031203,9.75
1791031503,8.11
1791031803,10.67
1791032103,11.45
1791032402,8.45
1791032703,8.39
1791033002,11.27
1791033303,11.50
1791033603,8.48
1791033903,8.15
1791034203,10.60
1791034502,8.69
1791034803,7.85
1791035102,8.14
1791035403,8.50
1791035702,9.99
1791036003,12.23
1791036303,11.16
1791036603,9.56
1791036902,7.81
1791037203,7.91
1791037502,8.52
1791037803,10.11
1791038102,9.35
1791038402,8.07
1791038703,8.07
1791039003,2.23
1791039303,2.49
1791039603,4.42
1791039903,5.71
1791040203,6.67
1791040503,5.49
1791040803,4.28
1791041103,2.85
1791041402,4.83
1791041702,4.22
1791042003,4.02
1791042302,6.29
1791042603,6.05
1791042902,3.95
1791043203,4.29
1791043502,2.58
1791043802,2.04
1791044103,2.07
1791044402,2.04
1791044703,2.32
1791045002,7.97
1791045303,8.28
1791045602,7.10
1791045903,8.19
1791046203,6.84
1791046503,8.18
1791046802,5.16
1791047103,8.14
1791047402,6.11
1791047702,4.62
1791048003,8.16
1791048302,4.16
1791048603,5.91
1791048902,8.29
1791049203,4.89
1791049503,8.16
1791049803,5.71
1791050102,4.86
1791050403,8.11
1791050703,6.46
1791051003,8.20
1791051302,8.17
1791051602,3.60
1791051903,8.12
1791052203,7.33
1791052503,8.12
1791052803,8.14
1791053102,2.44
1791053403,8.08
1791053702,8.11
1791054003,8.15
1791054303,8.10
1791054603,1.56
1791054903,7.94
1791055203,8.12
1791055503,8.01
1791055802,8.11
1791056103,2.24
1791056402,8.00
1791056702,8.03
1791057003,7.29
1791057303,8.27
1791057603,2.09
1791057903,7.04
1791058203,8.06
1791058503,6.29
1791058803,8.27
1791059103,4.14
1791059403,6.25
1791059702,8.14
1791060003,5.14
1791060302,8.24
1791060603,6.68
1791060903,3.59
1791061203,6.19
1791061502,7.41
1791061803,1.80
1791062103,2.08
1791062403,6.89
1791062703,1.94
1791063003,6.24
1791063302,1.97
1791063603,6.69
1791063903,1.85
1791064203,6.75
1791064503,2.29
1791064802,7.22
1791065102,2.40
1791065403,7.05
1791065702,1.96
1791066003,7.38
1791066303,2.44
1791066602,7.50
1791066903,2.35
1791067202,3.20
1791067503,7.53
1791067803,2.25
1791068102,4.00
1791068402,7.02
1791068703,2.81
1791069003,7.26
1791069302,1.88
1791069603,6.98
1791069902,2.17
1791070203,7.41
1791070502,3.07
1791070803,6.29
1791071103,5.08
1791071402,7.21
1791071702,6.52
1791072003,5.18
1791072303,5.84
1791072603,3.14
1791072902,5.01
1791073202,5.80
1791073503,2.06
1791073803,2.62
1791074103,6.82
1791074403,3.52
1791074702,3.09
1791075003,6.25
1791075303,3.49
1791075602,3.90
1791075903,6.54
1791076202,1.63
1791076503,4.52
1791076803,6.80
1791077103,2.09
1791077403,6.43
1791077702,3.71
1791078003,5.74
1791078302,2.30
1791078603,2.56
1791078902,2.41
1791079202,2.42
1791079503,4.75
1791079803,5.90
1791080102,4.17
1791080403,1.80
1791080703,4.40
1791081002,6.40
1791081303,4.56
1791081603,1.84
1791081902,4.14
1791082203,1.75
1791082502,1.85
1791082803,2.32
1791083103,1.87
1791083403,2.04
1791083702,2.61
1791084003,5.27
1791084302,5.58
1791084603,5.41
1791084902,4.84
1791085203,2.29
1791085502,3.50
1791085802,2.19
1791086103,1.90
1791086403,2.10
1791086703,1.86
1791087002,2.05
1791087302,1.83
1791087603,2.55
1791087902,2.67
1791088203,4.30
1791088503,6.60
1791088802,3.83
1791089103,6.78
1791089403,2.73
1791089703,2.11
1791090003,3.56
1791090303,4.85
1791090602,6.48
1791090903,6.22
1791091202,5.40
1791091502,4.21
1791091803,2.46
1791092103,1.19
1791092403,0.99
1791092702,0.02
1791093002,0.05
1791093302,0.07
1791093603,0.02
1791093903,0.04
1791094202,0.04
1791094503,0.03
1791094803,0.03
1791095103,0.32
1791095403,0.04
1791095703,0.01
1791096003,0.00
1791096302,0.00
1791096603,0.07
1791096903,0.01
1791097202,0.00
1791097503,0.09
1791097802,0.03
1791098103,0.09
1791098403,0.08
1791098703,0.08
1791099003,0.09
1791099303,0.00
1791099603,0.03
1791099902,0.01
1791100203,0.00
1791100502,0.10
1791100803,0.01
1791101103,0.02
1791101403,0.00
1791101703,0.02
1791102003,0.02
1791102303,0.00
1791102603,0.07
1791102903,0.07
1791103202,0.00
1791103503,0.04
1791103802,0.01
1791104103,0.00
1791104403,0.11
1791104703,0.04
1791105003,0.03
1791105303,0.00
1791105603,0.07
1791105903,0.10
1791106202,0.00
1791106503,0.14
1791106803,0.03
1791107102,0.00
1791107403,0.06
1791107703,0.02
1791108003,0.01
1791108302,0.00
1791108602,0.03
1791108902,0.01
1791109203,0.00
1791109503,0.04
1791109803,0.01
1791110102,0.01
1791110402,0.06
1791110702,0.02
1791111003,0.00
1791111302,0.03
1791111602,0.03
1791111902,0.01
1791112203,0.13
1791112503,0.16
1791112803,0.01
1791113103,0.00
1791113403,0.24
1791113702,0.09
1791114003,0.01
1791114302,0.00
1791114603,0.11
1791114903,0.01
1791115202,0.00
1791115503,0.06
1791115803,0.09
1791116103,0.00
1791116402,0.02
1791116703,0.03
1791117003,0.09
1791117303,0.00
1791117603,0.05
1791117903,0.09
1791118203,0.00
1791118502,0.06
1791118803,0.02
1791119102,0.03
1791119403,0.16
1791119703,0.03
1791120003,0.01
1791120302,0.00
1791120603,0.04
1791120903,0.01
1791121203,0.00
1791121503,0.14
1791121803,0.01
1791122103,0.12
